{
    "ar": {
        "text_to_image": {
            "recall@1": 39.51492028886769,
            "recall@5": 66.24880773947405,
            "recall@10": 76.14116364627334
        },
        "image_to_text": {
            "recall@1": 51.22222222222222,
            "recall@5": 77.58333333333333,
            "recall@10": 86.25
        }
    },
    "bn": {
        "text_to_image": {
            "recall@1": 25.01391207568169,
            "recall@5": 48.080133555926544,
            "recall@10": 57.51252086811352
        },
        "image_to_text": {
            "recall@1": 32.361111111111114,
            "recall@5": 57.25,
            "recall@10": 67.11111111111111
        }
    },
    "cs": {
        "text_to_image": {
            "recall@1": 39.97651893161139,
            "recall@5": 67.28793660111535,
            "recall@10": 77.23803933078955
        },
        "image_to_text": {
            "recall@1": 52.72222222222222,
            "recall@5": 78.80555555555556,
            "recall@10": 87.0
        }
    },
    "da": {
        "text_to_image": {
            "recall@1": 50.565829423130005,
            "recall@5": 77.0494065691416,
            "recall@10": 84.44659122274358
        },
        "image_to_text": {
            "recall@1": 64.16666666666667,
            "recall@5": 88.02777777777777,
            "recall@10": 93.44444444444444
        }
    },
    "de": {
        "text_to_image": {
            "recall@1": 53.71977322688881,
            "recall@5": 79.97223186393613,
            "recall@10": 87.26136758070115
        },
        "image_to_text": {
            "recall@1": 67.97222222222223,
            "recall@5": 89.97222222222223,
            "recall@10": 94.77777777777777
        }
    },
    "el": {
        "text_to_image": {
            "recall@1": 41.04225352112676,
            "recall@5": 67.30985915492958,
            "recall@10": 76.78873239436619
        },
        "image_to_text": {
            "recall@1": 54.888888888888886,
            "recall@5": 80.61111111111111,
            "recall@10": 88.41666666666667
        }
    },
    "en": {
        "text_to_image": {
            "recall@1": 39.514658437368496,
            "recall@5": 67.63922008696872,
            "recall@10": 77.31799691401318
        },
        "image_to_text": {
            "recall@1": 51.666666666666664,
            "recall@5": 77.91666666666667,
            "recall@10": 86.5
        }
    },
    "es": {
        "text_to_image": {
            "recall@1": 43.62579895409645,
            "recall@5": 70.24985473561883,
            "recall@10": 79.27948866937827
        },
        "image_to_text": {
            "recall@1": 58.166666666666664,
            "recall@5": 82.33333333333333,
            "recall@10": 89.77777777777777
        }
    },
    "fa": {
        "text_to_image": {
            "recall@1": 38.76001104667219,
            "recall@5": 65.43772438552885,
            "recall@10": 74.99309582988124
        },
        "image_to_text": {
            "recall@1": 52.22222222222222,
            "recall@5": 79.80555555555556,
            "recall@10": 87.36111111111111
        }
    },
    "fi": {
        "text_to_image": {
            "recall@1": 36.413502109704645,
            "recall@5": 61.47679324894515,
            "recall@10": 70.50632911392405
        },
        "image_to_text": {
            "recall@1": 51.80555555555556,
            "recall@5": 76.05555555555556,
            "recall@10": 83.80555555555556
        }
    },
    "fil": {
        "text_to_image": {
            "recall@1": 35.433295324971496,
            "recall@5": 61.6448118586089,
            "recall@10": 70.9521094640821
        },
        "image_to_text": {
            "recall@1": 49.47222222222222,
            "recall@5": 76.38888888888889,
            "recall@10": 84.25
        }
    },
    "fr": {
        "text_to_image": {
            "recall@1": 52.19626168224299,
            "recall@5": 78.59813084112149,
            "recall@10": 85.95794392523365
        },
        "image_to_text": {
            "recall@1": 66.19444444444444,
            "recall@5": 88.88888888888889,
            "recall@10": 93.86111111111111
        }
    },
    "he": {
        "text_to_image": {
            "recall@1": 40.27816411682893,
            "recall@5": 66.20305980528512,
            "recall@10": 75.2712100139082
        },
        "image_to_text": {
            "recall@1": 54.638888888888886,
            "recall@5": 80.75,
            "recall@10": 87.69444444444444
        }
    },
    "hi": {
        "text_to_image": {
            "recall@1": 19.74590358584659,
            "recall@5": 40.584184279268584,
            "recall@10": 50.92614580859653
        },
        "image_to_text": {
            "recall@1": 33.388888888888886,
            "recall@5": 59.47222222222222,
            "recall@10": 69.55555555555556
        }
    },
    "hr": {
        "text_to_image": {
            "recall@1": 49.87541528239203,
            "recall@5": 76.73034330011075,
            "recall@10": 84.66223698781839
        },
        "image_to_text": {
            "recall@1": 64.97222222222223,
            "recall@5": 87.47222222222223,
            "recall@10": 94.05555555555556
        }
    },
    "hu": {
        "text_to_image": {
            "recall@1": 49.521431543903454,
            "recall@5": 75.61381606325426,
            "recall@10": 83.70092939381328
        },
        "image_to_text": {
            "recall@1": 63.166666666666664,
            "recall@5": 86.63888888888889,
            "recall@10": 92.41666666666667
        }
    },
    "id": {
        "text_to_image": {
            "recall@1": 53.459649122807015,
            "recall@5": 80.56140350877193,
            "recall@10": 87.53684210526316
        },
        "image_to_text": {
            "recall@1": 65.88888888888889,
            "recall@5": 89.5,
            "recall@10": 94.83333333333333
        }
    },
    "it": {
        "text_to_image": {
            "recall@1": 49.315230224321134,
            "recall@5": 75.64344746162928,
            "recall@10": 83.60094451003542
        },
        "image_to_text": {
            "recall@1": 62.55555555555556,
            "recall@5": 86.38888888888889,
            "recall@10": 92.08333333333333
        }
    },
    "ja": {
        "text_to_image": {
            "recall@1": 30.857142857142858,
            "recall@5": 56.33449477351916,
            "recall@10": 66.38327526132404
        },
        "image_to_text": {
            "recall@1": 46.97222222222222,
            "recall@5": 73.13888888888889,
            "recall@10": 82.55555555555556
        }
    },
    "ko": {
        "text_to_image": {
            "recall@1": 33.97435897435897,
            "recall@5": 59.09209837781266,
            "recall@10": 69.21768707482993
        },
        "image_to_text": {
            "recall@1": 48.75,
            "recall@5": 75.44444444444444,
            "recall@10": 83.58333333333333
        }
    },
    "mi": {
        "text_to_image": {
            "recall@1": 4.37646059060973,
            "recall@5": 11.748459740811557,
            "recall@10": 16.464839600594857
        },
        "image_to_text": {
            "recall@1": 7.444444444444445,
            "recall@5": 17.63888888888889,
            "recall@10": 23.416666666666668
        }
    },
    "nl": {
        "text_to_image": {
            "recall@1": 43.67816091954023,
            "recall@5": 71.00199900049975,
            "recall@10": 79.82258870564718
        },
        "image_to_text": {
            "recall@1": 57.19444444444444,
            "recall@5": 82.69444444444444,
            "recall@10": 89.80555555555556
        }
    },
    "no": {
        "text_to_image": {
            "recall@1": 45.723821443471,
            "recall@5": 72.38214434710054,
            "recall@10": 80.97622027534418
        },
        "image_to_text": {
            "recall@1": 57.888888888888886,
            "recall@5": 83.77777777777777,