{
    "ar": {
        "text_to_image": {
            "recall@1": 41.57242131080529,
            "recall@5": 69.70976972339555,
            "recall@10": 79.68388063768906
        },
        "image_to_text": {
            "recall@1": 54.02777777777778,
            "recall@5": 80.58333333333333,
            "recall@10": 88.66666666666667
        }
    },
    "bn": {
        "text_to_image": {
            "recall@1": 24.457429048414024,
            "recall@5": 47.495826377295494,
            "recall@10": 57.56816917084029
        },
        "image_to_text": {
            "recall@1": 31.944444444444443,
            "recall@5": 56.80555555555556,
            "recall@10": 67.38888888888889
        }
    },
    "cs": {
        "text_to_image": {
            "recall@1": 41.75227472850015,
            "recall@5": 70.32579982389198,
            "recall@10": 79.90901085999413
        },
        "image_to_text": {
            "recall@1": 54.19444444444444,
            "recall@5": 81.25,
            "recall@10": 88.75
        }
    },
    "da": {
        "text_to_image": {
            "recall@1": 50.67623516422854,
            "recall@5": 78.80209770908087,
            "recall@10": 86.01987303339774
        },
        "image_to_text": {
            "recall@1": 63.638888888888886,
            "recall@5": 88.38888888888889,
            "recall@10": 93.63888888888889
        }
    },
    "de": {
        "text_to_image": {
            "recall@1": 54.159435381233365,
            "recall@5": 81.14080758995719,
            "recall@10": 88.03656137915075
        },
        "image_to_text": {
            "recall@1": 68.97222222222223,
            "recall@5": 90.55555555555556,
            "recall@10": 95.13888888888889
        }
    },
    "el": {
        "text_to_image": {
            "recall@1": 42.563380281690144,
            "recall@5": 70.71830985915493,
            "recall@10": 79.29577464788733
        },
        "image_to_text": {
            "recall@1": 56.55555555555556,
            "recall@5": 83.38888888888889,
            "recall@10": 89.97222222222223
        }
    },
    "en": {
        "text_to_image": {
            "recall@1": 38.93954271286295,
            "recall@5": 67.13424042642727,
            "recall@10": 76.42025529527282
        },
        "image_to_text": {
            "recall@1": 50.611111111111114,
            "recall@5": 78.52777777777777,
            "recall@10": 85.75
        }
    },
    "es": {
        "text_to_image": {
            "recall@1": 45.95002905287623,
            "recall@5": 74.06159209761766,
            "recall@10": 82.89366647298083
        },
        "image_to_text": {
            "recall@1": 59.25,
            "recall@5": 84.63888888888889,
            "recall@10": 91.5
        }
    },
    "fa": {
        "text_to_image": {
            "recall@1": 40.43082021541011,
            "recall@5": 68.32366749516709,
            "recall@10": 77.40955537144436
        },
        "image_to_text": {
            "recall@1": 53.94444444444444,
            "recall@5": 80.47222222222223,
            "recall@10": 88.72222222222223
        }
    },
    "fi": {
        "text_to_image": {
            "recall@1": 46.63853727144866,
            "recall@5": 73.48804500703235,
            "recall@10": 81.9831223628692
        },
        "image_to_text": {
            "recall@1": 58.94444444444444,
            "recall@5": 84.66666666666667,
            "recall@10": 91.13888888888889
        }
    },
    "fil": {
        "text_to_image": {
            "recall@1": 36.33124287343215,
            "recall@5": 63.93956670467503,
            "recall@10": 73.17559863169897
        },
        "image_to_text": {
            "recall@1": 50.30555555555556,
            "recall@5": 76.72222222222223,
            "recall@10": 86.33333333333333
        }
    },
    "fr": {
        "text_to_image": {
            "recall@1": 51.28504672897196,
            "recall@5": 78.86682242990655,
            "recall@10": 87.33644859813084
        },
        "image_to_text": {
            "recall@1": 64.72222222222223,
            "recall@5": 88.80555555555556,
            "recall@10": 94.05555555555556
        }
    },
    "he": {
        "text_to_image": {
            "recall@1": 37.66342141863699,
            "recall@5": 64.03337969401947,
            "recall@10": 74.06119610570236
        },
        "image_to_text": {
            "recall@1": 51.55555555555556,
            "recall@5": 78.33333333333333,
            "recall@10": 86.05555555555556
        }
    },
    "hi": {
        "text_to_image": {
            "recall@1": 19.995250534314888,
            "recall@5": 41.58157207314177,
            "recall@10": 52.68344811208739
        },
        "image_to_text": {
            "recall@1": 35.22222222222222,
            "recall@5": 61.888888888888886,
            "recall@10": 71.97222222222223
        }
    },
    "hr": {
        "text_to_image": {
            "recall@1": 49.83388704318937,
            "recall@5": 77.79623477297896,
            "recall@10": 85.42358803986711
        },
        "image_to_text": {
            "recall@1": 65.91666666666667,
            "recall@5": 89.55555555555556,
            "recall@10": 94.5
        }
    },
    "hu": {
        "text_to_image": {
            "recall@1": 51.283118324316824,
            "recall@5": 78.3465113053128,
            "recall@10": 86.40588153696768
        },
        "image_to_text": {
            "recall@1": 64.77777777777777,
            "recall@5": 88.94444444444444,
            "recall@10": 94.27777777777777
        }
    },
    "id": {
        "text_to_image": {
            "recall@1": 53.01052631578948,
            "recall@5": 80.84210526315789,
            "recall@10": 88.40701754385965
        },
        "image_to_text": {
            "recall@1": 66.36111111111111,
            "recall@5": 90.30555555555556,
            "recall@10": 94.86111111111111
        }
    },
    "it": {
        "text_to_image": {
            "recall@1": 50.04722550177095,
            "recall@5": 77.72136953955136,
            "recall@10": 85.86776859504133
        },
        "image_to_text": {
            "recall@1": 64.30555555555556,
            "recall@5": 88.36111111111111,
            "recall@10": 93.77777777777777
        }
    },
    "ja": {
        "text_to_image": {
            "recall@1": 42.271777003484324,
            "recall@5": 69.74216027874564,
            "recall@10": 78.70383275261324
        },
        "image_to_text": {
            "recall@1": 56.916666666666664,
            "recall@5": 82.5,
            "recall@10": 89.91666666666667
        }
    },
    "ko": {
        "text_to_image": {
            "recall@1": 36.9440083725798,
            "recall@5": 63.0690737833595,
            "recall@10": 73.05075876504448
        },
        "image_to_text": {
            "recall@1": 50.0,
            "recall@5": 77.0,
            "recall@10": 84.97222222222223
        }
    },
    "mi": {
        "text_to_image": {
            "recall@1": 0.29742936052687485,
            "recall@5": 0.7223284469938389,
            "recall@10": 1.0622477161674102
        },
        "image_to_text": {
            "recall@1": 0.6111111111111112,
            "recall@5": 1.25,
            "recall@10": 1.8333333333333333
        }
    },
    "nl": {
        "text_to_image": {
            "recall@1": 45.014992503748125,
            "recall@5": 72.37631184407796,
            "recall@10": 81.44677661169415
        },
        "image_to_text": {
            "recall@1": 58.388888888888886,
            "recall@5": 83.97222222222223,
            "recall@10": 90.63888888888889
        }
    },
    "no": {
        "text_to_image": {
            "recall@1": 48.685857321652065,
            "recall@5": 76.28980670282297,
            "recall@10": 84.78653872896676
        },
        "image_to_text": {
            "recall@1": 61.888888888888886,
            "recall@5": 86.97222222222223,
            "recall@10": 93.25
        }
    },