{
    "ar": {
        "text_to_image": {
            "recall@1": 51.710042240087205,
            "recall@5": 78.62106554026434,
            "recall@10": 86.61943044011446
        },
        "image_to_text": {
            "recall@1": 59.5,
            "recall@5": 84.72222222222223,
            "recall@10": 92.22222222222223
        }
    },
    "bn": {
        "text_to_image": {
            "recall@1": 34.69671675013912,
            "recall@5": 59.154145798553145,
            "recall@10": 69.1430161380078
        },
        "image_to_text": {
            "recall@1": 39.388888888888886,
            "recall@5": 64.36111111111111,
            "recall@10": 73.69444444444444
        }
    },
    "cs": {
        "text_to_image": {
            "recall@1": 52.92045788083358,
            "recall@5": 78.7789844437922,
            "recall@10": 86.3076019958908
        },
        "image_to_text": {
            "recall@1": 60.75,
            "recall@5": 86.27777777777777,
            "recall@10": 92.72222222222223
        }
    },
    "da": {
        "text_to_image": {
            "recall@1": 62.90367099089153,
            "recall@5": 86.50289815070384,
            "recall@10": 91.85757659398288
        },
        "image_to_text": {
            "recall@1": 71.38888888888889,
            "recall@5": 92.5,
            "recall@10": 96.38888888888889
        }
    },
    "de": {
        "text_to_image": {
            "recall@1": 66.29642485248178,
            "recall@5": 88.93902580122642,
            "recall@10": 93.55547842184427
        },
        "image_to_text": {
            "recall@1": 75.75,
            "recall@5": 94.16666666666667,
            "recall@10": 97.13888888888889
        }
    },
    "el": {
        "text_to_image": {
            "recall@1": 52.33802816901409,
            "recall@5": 78.19718309859155,
            "recall@10": 86.01408450704226
        },
        "image_to_text": {
            "recall@1": 60.638888888888886,
            "recall@5": 86.61111111111111,
            "recall@10": 92.72222222222223
        }
    },
    "en": {
        "text_to_image": {
            "recall@1": 48.56221068873615,
            "recall@5": 75.66278580446065,
            "recall@10": 84.1632767569084
        },
        "image_to_text": {
            "recall@1": 56.44444444444444,
            "recall@5": 82.83333333333333,
            "recall@10": 89.91666666666667
        }
    },
    "es": {
        "text_to_image": {
            "recall@1": 55.7234166182452,
            "recall@5": 81.25508425334108,
            "recall@10": 88.47181871005229
        },
        "image_to_text": {
            "recall@1": 63.666666666666664,
            "recall@5": 87.55555555555556,
            "recall@10": 93.5
        }
    },
    "fa": {
        "text_to_image": {
            "recall@1": 51.07705053852527,
            "recall@5": 77.82380557856946,
            "recall@10": 85.33554266777134
        },
        "image_to_text": {
            "recall@1": 60.75,
            "recall@5": 84.94444444444444,
            "recall@10": 91.41666666666667
        }
    },
    "fi": {
        "text_to_image": {
            "recall@1": 58.35443037974684,
            "recall@5": 82.64416315049226,
            "recall@10": 88.88888888888889
        },
        "image_to_text": {
            "recall@1": 67.72222222222223,
            "recall@5": 89.11111111111111,
            "recall@10": 93.86111111111111
        }
    },
    "fil": {
        "text_to_image": {
            "recall@1": 46.664766248574686,
            "recall@5": 72.42018244013683,
            "recall@10": 80.54446978335234
        },
        "image_to_text": {
            "recall@1": 56.22222222222222,
            "recall@5": 82.88888888888889,
            "recall@10": 90.11111111111111
        }
    },
    "fr": {
        "text_to_image": {
            "recall@1": 62.850467289719624,
            "recall@5": 87.07943925233644,
            "recall@10": 92.82710280373831
        },
        "image_to_text": {
            "recall@1": 72.72222222222223,
            "recall@5": 92.77777777777777,
            "recall@10": 96.22222222222223
        }
    },
    "he": {
        "text_to_image": {
            "recall@1": 49.221140472879,
            "recall@5": 74.56189151599443,
            "recall@10": 81.86369958275382
        },
        "image_to_text": {
            "recall@1": 59.30555555555556,
            "recall@5": 83.69444444444444,
            "recall@10": 89.91666666666667
        }
    },
    "hi": {
        "text_to_image": {
            "recall@1": 29.411066255046308,
            "recall@5": 54.61885537876989,
            "recall@10": 64.56898598907622
        },
        "image_to_text": {
            "recall@1": 41.52777777777778,
            "recall@5": 68.08333333333333,
            "recall@10": 77.30555555555556
        }
    },
    "hr": {
        "text_to_image": {
            "recall@1": 62.38925802879291,
            "recall@5": 85.78349944629015,
            "recall@10": 91.47286821705427
        },
        "image_to_text": {
            "recall@1": 71.80555555555556,
            "recall@5": 92.44444444444444,
            "recall@10": 96.33333333333333
        }
    },
    "hu": {
        "text_to_image": {
            "recall@1": 63.44846719378555,
            "recall@5": 86.86364266888611,
            "recall@10": 91.82965737272853
        },
        "image_to_text": {
            "recall@1": 71.61111111111111,
            "recall@5": 91.72222222222223,
            "recall@10": 95.75
        }
    },
    "id": {
        "text_to_image": {
            "recall@1": 65.02456140350877,
            "recall@5": 88.33684210526316,
            "recall@10": 93.6280701754386
        },
        "image_to_text": {
            "recall@1": 73.30555555555556,
            "recall@5": 93.25,
            "recall@10": 96.83333333333333
        }
    },
    "it": {
        "text_to_image": {
            "recall@1": 61.345926800472256,
            "recall@5": 85.9504132231405,
            "recall@10": 91.90082644628099
        },
        "image_to_text": {
            "recall@1": 70.97222222222223,
            "recall@5": 91.58333333333333,
            "recall@10": 96.33333333333333
        }
    },
    "ja": {
        "text_to_image": {
            "recall@1": 53.90940766550523,
            "recall@5": 78.45296167247386,
            "recall@10": 85.78397212543554
        },
        "image_to_text": {
            "recall@1": 62.27777777777778,
            "recall@5": 85.66666666666667,
            "recall@10": 91.69444444444444
        }
    },
    "ko": {
        "text_to_image": {
            "recall@1": 46.25850340136054,
            "recall@5": 72.23966509680795,
            "recall@10": 80.74306645735217
        },
        "image_to_text": {
            "recall@1": 55.80555555555556,
            "recall@5": 80.13888888888889,
            "recall@10": 87.69444444444444
        }
    },
    "mi": {
        "text_to_image": {
            "recall@1": 0.21244954323348206,
            "recall@5": 0.7860633099638836,
            "recall@10": 1.0622477161674102
        },
        "image_to_text": {
            "recall@1": 0.5833333333333334,
            "recall@5": 1.25,
            "recall@10": 1.7777777777777777
        }
    },
    "nl": {
        "text_to_image": {
            "recall@1": 54.27286356821589,
            "recall@5": 80.65967016491754,
            "recall@10": 87.80609695152424
        },
        "image_to_text": {
            "recall@1": 62.166666666666664,
            "recall@5": 86.80555555555556,
            "recall@10": 92.69444444444444
        }
    },
    "no": {
        "text_to_image": {
            "recall@1": 59.226811291892645,
            "recall@5": 84.21638158809623,
            "recall@10": 90.40467250730079
        },
        "image_to_text": {
            "recall@1": 68.13888888888889,
            "recall@5": 90.66666666666667,
            "recall@10": 95.36111111111111
        }
    },