{
    "ar": {
        "text_to_image": {
            "recall@1": 43.30290230276604,
            "recall@5": 70.26842894127266,
            "recall@10": 79.37048644229459
        },
        "image_to_text": {
            "recall@1": 55.94444444444444,
            "recall@5": 81.22222222222223,
            "recall@10": 88.91666666666667
        }
    },
    "bn": {
        "text_to_image": {
            "recall@1": 25.792988313856426,
            "recall@5": 48.9983305509182,
            "recall@10": 57.90205898720089
        },
        "image_to_text": {
            "recall@1": 32.583333333333336,
            "recall@5": 57.25,
            "recall@10": 67.38888888888889
        }
    },
    "cs": {
        "text_to_image": {
            "recall@1": 43.74816554153214,
            "recall@5": 71.60258291752275,
            "recall@10": 80.67214558262401
        },
        "image_to_text": {
            "recall@1": 55.02777777777778,
            "recall@5": 82.19444444444444,
            "recall@10": 89.72222222222223
        }
    },
    "da": {
        "text_to_image": {
            "recall@1": 54.80264973778637,
            "recall@5": 81.18962186033674,
            "recall@10": 87.73116202042506
        },
        "image_to_text": {
            "recall@1": 67.30555555555556,
            "recall@5": 89.72222222222223,
            "recall@10": 94.86111111111111
        }
    },
    "de": {
        "text_to_image": {
            "recall@1": 57.86185352308226,
            "recall@5": 83.15399745458753,
            "recall@10": 89.71421959967604
        },
        "image_to_text": {
            "recall@1": 70.0,
            "recall@5": 91.61111111111111,
            "recall@10": 96.0
        }
    },
    "el": {
        "text_to_image": {
            "recall@1": 46.309859154929576,
            "recall@5": 72.88732394366197,
            "recall@10": 81.2394366197183
        },
        "image_to_text": {
            "recall@1": 58.75,
            "recall@5": 84.05555555555556,
            "recall@10": 91.13888888888889
        }
    },
    "en": {
        "text_to_image": {
            "recall@1": 40.81918922710057,
            "recall@5": 68.62112498246599,
            "recall@10": 78.42614672464582
        },
        "image_to_text": {
            "recall@1": 52.25,
            "recall@5": 78.0,
            "recall@10": 86.63888888888889
        }
    },
    "es": {
        "text_to_image": {
            "recall@1": 48.4253341080767,
            "recall@5": 74.7821034282394,
            "recall@10": 83.00987797791981
        },
        "image_to_text": {
            "recall@1": 60.52777777777778,
            "recall@5": 85.94444444444444,
            "recall@10": 92.05555555555556
        }
    },
    "fa": {
        "text_to_image": {
            "recall@1": 43.220104943385806,
            "recall@5": 70.49157691245512,
            "recall@10": 79.10798122065728
        },
        "image_to_text": {
            "recall@1": 56.47222222222222,
            "recall@5": 81.61111111111111,
            "recall@10": 88.97222222222223
        }
    },
    "fi": {
        "text_to_image": {
            "recall@1": 49.057665260196906,
            "recall@5": 74.43037974683544,
            "recall@10": 82.22222222222223
        },
        "image_to_text": {
            "recall@1": 62.44444444444444,
            "recall@5": 85.5,
            "recall@10": 91.63888888888889
        }
    },
    "fil": {
        "text_to_image": {
            "recall@1": 39.25313568985177,
            "recall@5": 65.6641961231471,
            "recall@10": 74.84321550741163
        },
        "image_to_text": {
            "recall@1": 52.361111111111114,
            "recall@5": 78.80555555555556,
            "recall@10": 86.88888888888889
        }
    },
    "fr": {
        "text_to_image": {
            "recall@1": 55.782710280373834,
            "recall@5": 81.44859813084112,
            "recall@10": 88.23598130841121
        },
        "image_to_text": {
            "recall@1": 68.69444444444444,
            "recall@5": 90.22222222222223,
            "recall@10": 94.63888888888889
        }
    },
    "he": {
        "text_to_image": {
            "recall@1": 42.1557719054242,
            "recall@5": 68.01112656467316,
            "recall@10": 76.63421418636996
        },
        "image_to_text": {
            "recall@1": 57.083333333333336,
            "recall@5": 79.83333333333333,
            "recall@10": 87.22222222222223
        }
    },
    "hi": {
        "text_to_image": {
            "recall@1": 22.453099026359535,
            "recall@5": 44.28876751365471,
            "recall@10": 54.97506530515317
        },
        "image_to_text": {
            "recall@1": 36.30555555555556,
            "recall@5": 61.333333333333336,
            "recall@10": 71.41666666666667
        }
    },
    "hr": {
        "text_to_image": {
            "recall@1": 53.48837209302326,
            "recall@5": 79.38815060908084,
            "recall@10": 86.87707641196013
        },
        "image_to_text": {
            "recall@1": 67.66666666666667,
            "recall@5": 89.38888888888889,
            "recall@10": 94.75
        }
    },
    "hu": {
        "text_to_image": {
            "recall@1": 55.86072964350118,
            "recall@5": 81.34276598696074,
            "recall@10": 88.43112775697045
        },
        "image_to_text": {
            "recall@1": 66.77777777777777,
            "recall@5": 89.55555555555556,
            "recall@10": 95.11111111111111
        }
    },
    "id": {
        "text_to_image": {
            "recall@1": 57.22105263157895,
            "recall@5": 82.97543859649123,
            "recall@10": 89.6
        },
        "image_to_text": {
            "recall@1": 68.69444444444444,
            "recall@5": 90.44444444444444,
            "recall@10": 95.22222222222223
        }
    },
    "it": {
        "text_to_image": {
            "recall@1": 53.234946871310505,
            "recall@5": 79.35064935064935,
            "recall@10": 86.97756788665879
        },
        "image_to_text": {
            "recall@1": 66.5,
            "recall@5": 88.88888888888889,
            "recall@10": 94.0
        }
    },
    "ja": {
        "text_to_image": {
            "recall@1": 45.11498257839721,
            "recall@5": 71.83275261324042,
            "recall@10": 80.55749128919861
        },
        "image_to_text": {
            "recall@1": 59.44444444444444,
            "recall@5": 84.22222222222223,
            "recall@10": 90.66666666666667
        }
    },
    "ko": {
        "text_to_image": {
            "recall@1": 40.27995813710099,
            "recall@5": 66.48351648351648,
            "recall@10": 75.64102564102564
        },
        "image_to_text": {
            "recall@1": 54.861111111111114,
            "recall@5": 79.55555555555556,
            "recall@10": 86.75
        }
    },
    "mi": {
        "text_to_image": {
            "recall@1": 0.3824091778202677,
            "recall@5": 0.7860633099638836,
            "recall@10": 1.0834926704907584
        },
        "image_to_text": {
            "recall@1": 0.6111111111111112,
            "recall@5": 1.3611111111111112,
            "recall@10": 1.7222222222222223
        }
    },
    "nl": {
        "text_to_image": {
            "recall@1": 47.976011994002995,
            "recall@5": 74.50024987506247,
            "recall@10": 82.59620189905047
        },
        "image_to_text": {
            "recall@1": 60.833333333333336,
            "recall@5": 85.02777777777777,
            "recall@10": 91.86111111111111
        }
    },
    "no": {
        "text_to_image": {
            "recall@1": 51.85648727576137,
            "recall@5": 77.76387150604923,
            "recall@10": 85.92685301070783
        },
        "image_to_text": {
            "recall@1": 63.583333333333336,
            "recall@5": 87.91666666666667,
            "recall@10": 92.97222222222223
        }
    },