{
    "eval/R@1/i2t/XTD10_captions_it": 36.19999885559082,
    "eval/R@5/i2t/XTD10_captions_it": 69.49999928474426,
    "eval/R@10/i2t/XTD10_captions_it": 82.99999833106995,
    "eval/R@1/t2i/XTD10_captions_it": 42.59999990463257,
    "eval/R@5/t2i/XTD10_captions_it": 73.4000027179718,
    "eval/R@10/t2i/XTD10_captions_it": 84.79999899864197,
    "eval/R@1/i2t/XTD10_captions_ru": 34.09999907016754,
    "eval/R@5/i2t/XTD10_captions_ru": 63.89999985694885,
    "eval/R@10/i2t/XTD10_captions_ru": 77.70000100135803,
    "eval/R@1/t2i/XTD10_captions_ru": 37.700000405311584,
    "eval/R@5/t2i/XTD10_captions_ru": 67.90000200271606,
    "eval/R@10/t2i/XTD10_captions_ru": 81.00000023841858,
    "eval/R@1/i2t/XTD10_captions_en": 40.79999923706055,
    "eval/R@5/i2t/XTD10_captions_en": 74.59999918937683,
    "eval/R@10/i2t/XTD10_captions_en": 87.00000047683716,
    "eval/R@1/t2i/XTD10_captions_en": 47.29999899864197,
    "eval/R@5/t2i/XTD10_captions_en": 76.80000066757202,
    "eval/R@10/t2i/XTD10_captions_en": 86.90000176429749,
    "eval/R@1/i2t/XTD10_captions_pl": 36.7000013589859,
    "eval/R@5/i2t/XTD10_captions_pl": 71.20000123977661,
    "eval/R@10/i2t/XTD10_captions_pl": 82.70000219345093,
    "eval/R@1/t2i/XTD10_captions_pl": 44.49999928474426,
    "eval/R@5/t2i/XTD10_captions_pl": 74.29999709129333,
    "eval/R@10/t2i/XTD10_captions_pl": 84.89999771118164,
    "eval/R@1/i2t/XTD10_captions_tr": 32.40000009536743,
    "eval/R@5/i2t/XTD10_captions_tr": 65.70000052452087,
    "eval/R@10/i2t/XTD10_captions_tr": 79.29999828338623,
    "eval/R@1/t2i/XTD10_captions_tr": 37.99999952316284,
    "eval/R@5/t2i/XTD10_captions_tr": 69.70000267028809,
    "eval/R@10/t2i/XTD10_captions_tr": 81.00000023841858,
    "eval/R@1/i2t/XTD10_captions_zh": 34.700000286102295,
    "eval/R@5/i2t/XTD10_captions_zh": 66.39999747276306,
    "eval/R@10/i2t/XTD10_captions_zh": 81.09999895095825,
    "eval/R@1/t2i/XTD10_captions_zh": 37.59999871253967,
    "eval/R@5/t2i/XTD10_captions_zh": 70.80000042915344,
    "eval/R@10/t2i/XTD10_captions_zh": 82.99999833106995,
    "eval/R@1/i2t/XTD10_captions_ko": 31.49999976158142,
    "eval/R@5/i2t/XTD10_captions_ko": 62.90000081062317,
    "eval/R@10/i2t/XTD10_captions_ko": 76.09999775886536,
    "eval/R@1/t2i/XTD10_captions_ko": 36.500000953674316,
    "eval/R@5/t2i/XTD10_captions_ko": 67.59999990463257,
    "eval/R@10/t2i/XTD10_captions_ko": 80.19999861717224,
    "eval/R@1/i2t/XTD10_captions_es": 34.79999899864197,
    "eval/R@5/i2t/XTD10_captions_es": 69.80000138282776,
    "eval/R@10/i2t/XTD10_captions_es": 81.5999984741211,
    "eval/R@1/t2i/XTD10_captions_es": 41.29999876022339,
    "eval/R@5/t2i/XTD10_captions_es": 73.50000143051147,
    "eval/R@10/t2i/XTD10_captions_es": 83.99999737739563,
    "eval/R@1/i2t/STAIR_caption_jp": 28.49999964237213,
    "eval/R@5/i2t/STAIR_caption_jp": 57.499998807907104,
    "eval/R@10/i2t/STAIR_caption_jp": 71.49999737739563,
    "eval/R@1/t2i/STAIR_caption_jp": 32.69999921321869,
    "eval/R@5/t2i/STAIR_caption_jp": 63.499999046325684,
    "eval/R@10/t2i/STAIR_caption_jp": 76.70000195503235,
    "eval/R@1/i2t/MIC_caption_de": 34.00000035762787,
    "eval/R@5/i2t/MIC_caption_de": 65.2999997138977,
    "eval/R@10/i2t/MIC_caption_de": 79.60000038146973,
    "eval/R@1/t2i/MIC_caption_de": 41.4000004529953,
    "eval/R@5/t2i/MIC_caption_de": 71.49999737739563,
    "eval/R@10/t2i/MIC_caption_de": 82.8000009059906,
    "eval/R@1/i2t/MIC_caption_fr": 36.19999885559082,
    "eval/R@5/i2t/MIC_caption_fr": 69.40000057220459,
    "eval/R@10/i2t/MIC_caption_fr": 81.69999718666077,
    "eval/R@1/t2i/MIC_caption_fr": 43.39999854564667,
    "eval/R@5/t2i/MIC_caption_fr": 73.50000143051147,
    "eval/R@10/t2i/MIC_caption_fr": 84.50000286102295,
    "eval/avg_metric_t2i": 64.70606056126681,
    "eval/avg_metric_i2t": 60.527272296674326,
    "eval/avg_metric": 62.61666642897057
}