{
    "eval/R@1/i2t/XTD10_captions_it": 52.20000147819519,
    "eval/R@5/i2t/XTD10_captions_it": 81.00000023841858,
    "eval/R@10/i2t/XTD10_captions_it": 90.2999997138977,
    "eval/R@1/t2i/XTD10_captions_it": 52.10000276565552,
    "eval/R@5/t2i/XTD10_captions_it": 81.5999984741211,
    "eval/R@10/t2i/XTD10_captions_it": 91.10000133514404,
    "eval/R@1/i2t/XTD10_captions_ru": 47.79999852180481,
    "eval/R@5/i2t/XTD10_captions_ru": 75.80000162124634,
    "eval/R@10/i2t/XTD10_captions_ru": 86.50000095367432,
    "eval/R@1/t2i/XTD10_captions_ru": 47.79999852180481,
    "eval/R@5/t2i/XTD10_captions_ru": 77.49999761581421,
    "eval/R@10/t2i/XTD10_captions_ru": 86.50000095367432,
    "eval/R@1/i2t/XTD10_captions_en": 59.20000076293945,
    "eval/R@5/i2t/XTD10_captions_en": 87.8000020980835,
    "eval/R@10/i2t/XTD10_captions_en": 95.20000219345093,
    "eval/R@1/t2i/XTD10_captions_en": 62.00000047683716,
    "eval/R@5/t2i/XTD10_captions_en": 88.30000162124634,
    "eval/R@10/t2i/XTD10_captions_en": 94.49999928474426,
    "eval/R@1/i2t/XTD10_captions_pl": 51.20000243186951,
    "eval/R@5/i2t/XTD10_captions_pl": 80.50000071525574,
    "eval/R@10/i2t/XTD10_captions_pl": 91.00000262260437,
    "eval/R@1/t2i/XTD10_captions_pl": 53.50000262260437,
    "eval/R@5/t2i/XTD10_captions_pl": 82.70000219345093,
    "eval/R@10/t2i/XTD10_captions_pl": 90.79999923706055,
    "eval/R@1/i2t/XTD10_captions_tr": 48.899999260902405,
    "eval/R@5/i2t/XTD10_captions_tr": 78.79999876022339,
    "eval/R@10/i2t/XTD10_captions_tr": 89.60000276565552,
    "eval/R@1/t2i/XTD10_captions_tr": 46.799999475479126,
    "eval/R@5/t2i/XTD10_captions_tr": 79.00000214576721,
    "eval/R@10/t2i/XTD10_captions_tr": 88.09999823570251,
    "eval/R@1/i2t/XTD10_captions_zh": 51.30000114440918,
    "eval/R@5/i2t/XTD10_captions_zh": 80.69999814033508,
    "eval/R@10/i2t/XTD10_captions_zh": 90.39999842643738,
    "eval/R@1/t2i/XTD10_captions_zh": 52.10000276565552,
    "eval/R@5/t2i/XTD10_captions_zh": 80.9000015258789,
    "eval/R@10/t2i/XTD10_captions_zh": 90.10000228881836,
    "eval/R@1/i2t/XTD10_captions_ko": 44.40000057220459,
    "eval/R@5/i2t/XTD10_captions_ko": 73.90000224113464,
    "eval/R@10/i2t/XTD10_captions_ko": 85.79999804496765,
    "eval/R@1/t2i/XTD10_captions_ko": 45.19999921321869,
    "eval/R@5/t2i/XTD10_captions_ko": 74.6999979019165,
    "eval/R@10/t2i/XTD10_captions_ko": 85.9000027179718,
    "eval/R@1/i2t/XTD10_captions_es": 50.700002908706665,
    "eval/R@5/i2t/XTD10_captions_es": 80.59999942779541,
    "eval/R@10/i2t/XTD10_captions_es": 91.00000262260437,
    "eval/R@1/t2i/XTD10_captions_es": 52.49999761581421,
    "eval/R@5/t2i/XTD10_captions_es": 82.09999799728394,
    "eval/R@10/t2i/XTD10_captions_es": 91.39999747276306,
    "eval/R@1/i2t/STAIR_caption_jp": 41.89999997615814,
    "eval/R@5/i2t/STAIR_caption_jp": 71.70000076293945,
    "eval/R@10/i2t/STAIR_caption_jp": 82.59999752044678,
    "eval/R@1/t2i/STAIR_caption_jp": 42.399999499320984,
    "eval/R@5/t2i/STAIR_caption_jp": 72.60000109672546,
    "eval/R@10/t2i/STAIR_caption_jp": 82.30000138282776,
    "eval/R@1/i2t/MIC_caption_de": 50.599998235702515,
    "eval/R@5/i2t/MIC_caption_de": 79.40000295639038,
    "eval/R@10/i2t/MIC_caption_de": 89.20000195503235,
    "eval/R@1/t2i/MIC_caption_de": 51.5999972820282,
    "eval/R@5/t2i/MIC_caption_de": 80.59999942779541,
    "eval/R@10/t2i/MIC_caption_de": 90.49999713897705,
    "eval/R@1/i2t/MIC_caption_fr": 51.20000243186951,
    "eval/R@5/i2t/MIC_caption_fr": 80.50000071525574,
    "eval/R@10/i2t/MIC_caption_fr": 89.3999993801117,
    "eval/R@1/t2i/MIC_caption_fr": 54.100000858306885,
    "eval/R@5/t2i/MIC_caption_fr": 81.30000233650208,
    "eval/R@10/t2i/MIC_caption_fr": 89.89999890327454,
    "eval/avg_metric_t2i": 73.40909098133896,
    "eval/avg_metric_i2t": 72.76060671517344,
    "eval/avg_metric": 73.0848488482562
}