{
    "eval/R@1/i2t/XTD10_captions_it": 36.500000953674316,
    "eval/R@5/i2t/XTD10_captions_it": 69.0999984741211,
    "eval/R@10/i2t/XTD10_captions_it": 83.70000123977661,
    "eval/R@1/t2i/XTD10_captions_it": 42.59999990463257,
    "eval/R@5/t2i/XTD10_captions_it": 74.09999966621399,
    "eval/R@10/t2i/XTD10_captions_it": 84.29999947547913,
    "eval/R@1/i2t/XTD10_captions_ru": 34.49999988079071,
    "eval/R@5/i2t/XTD10_captions_ru": 63.70000243186951,
    "eval/R@10/i2t/XTD10_captions_ru": 77.30000019073486,
    "eval/R@1/t2i/XTD10_captions_ru": 37.79999911785126,
    "eval/R@5/t2i/XTD10_captions_ru": 68.00000071525574,
    "eval/R@10/t2i/XTD10_captions_ru": 80.69999814033508,
    "eval/R@1/i2t/XTD10_captions_en": 40.700000524520874,
    "eval/R@5/i2t/XTD10_captions_en": 75.19999742507935,
    "eval/R@10/i2t/XTD10_captions_en": 87.1999979019165,
    "eval/R@1/t2i/XTD10_captions_en": 46.99999988079071,
    "eval/R@5/t2i/XTD10_captions_en": 76.70000195503235,
    "eval/R@10/t2i/XTD10_captions_en": 86.90000176429749,
    "eval/R@1/i2t/XTD10_captions_pl": 37.09999918937683,
    "eval/R@5/i2t/XTD10_captions_pl": 71.39999866485596,
    "eval/R@10/i2t/XTD10_captions_pl": 82.09999799728394,
    "eval/R@1/t2i/XTD10_captions_pl": 44.200000166893005,
    "eval/R@5/t2i/XTD10_captions_pl": 73.7999975681305,
    "eval/R@10/t2i/XTD10_captions_pl": 85.10000109672546,
    "eval/R@1/i2t/XTD10_captions_tr": 31.49999976158142,
    "eval/R@5/i2t/XTD10_captions_tr": 66.10000133514404,
    "eval/R@10/i2t/XTD10_captions_tr": 79.90000247955322,
    "eval/R@1/t2i/XTD10_captions_tr": 38.600000739097595,
    "eval/R@5/t2i/XTD10_captions_tr": 69.0999984741211,
    "eval/R@10/t2i/XTD10_captions_tr": 81.80000185966492,
    "eval/R@1/i2t/XTD10_captions_zh": 34.49999988079071,
    "eval/R@5/i2t/XTD10_captions_zh": 66.69999957084656,
    "eval/R@10/i2t/XTD10_captions_zh": 80.59999942779541,
    "eval/R@1/t2i/XTD10_captions_zh": 38.69999945163727,
    "eval/R@5/t2i/XTD10_captions_zh": 71.20000123977661,
    "eval/R@10/t2i/XTD10_captions_zh": 83.49999785423279,
    "eval/R@1/i2t/XTD10_captions_ko": 30.899998545646667,
    "eval/R@5/i2t/XTD10_captions_ko": 63.200002908706665,
    "eval/R@10/i2t/XTD10_captions_ko": 76.2000024318695,
    "eval/R@1/t2i/XTD10_captions_ko": 36.000001430511475,
    "eval/R@5/t2i/XTD10_captions_ko": 66.90000295639038,
    "eval/R@10/t2i/XTD10_captions_ko": 80.59999942779541,
    "eval/R@1/i2t/XTD10_captions_es": 34.700000286102295,
    "eval/R@5/i2t/XTD10_captions_es": 69.80000138282776,
    "eval/R@10/i2t/XTD10_captions_es": 81.30000233650208,
    "eval/R@1/t2i/XTD10_captions_es": 41.999998688697815,
    "eval/R@5/t2i/XTD10_captions_es": 73.4000027179718,
    "eval/R@10/t2i/XTD10_captions_es": 83.70000123977661,
    "eval/R@1/i2t/STAIR_caption_jp": 27.09999978542328,
    "eval/R@5/i2t/STAIR_caption_jp": 57.999998331069946,
    "eval/R@10/i2t/STAIR_caption_jp": 71.8999981880188,
    "eval/R@1/t2i/STAIR_caption_jp": 33.5999995470047,
    "eval/R@5/t2i/STAIR_caption_jp": 63.80000114440918,
    "eval/R@10/t2i/STAIR_caption_jp": 76.30000114440918,
    "eval/R@1/i2t/MIC_caption_de": 34.40000116825104,
    "eval/R@5/i2t/MIC_caption_de": 65.89999794960022,
    "eval/R@10/i2t/MIC_caption_de": 79.29999828338623,
    "eval/R@1/t2i/MIC_caption_de": 41.10000133514404,
    "eval/R@5/t2i/MIC_caption_de": 70.99999785423279,
    "eval/R@10/t2i/MIC_caption_de": 81.99999928474426,
    "eval/R@1/i2t/MIC_caption_fr": 36.399999260902405,
    "eval/R@5/i2t/MIC_caption_fr": 70.20000219345093,
    "eval/R@10/i2t/MIC_caption_fr": 81.49999976158142,
    "eval/R@1/t2i/MIC_caption_fr": 43.299999833106995,
    "eval/R@5/t2i/MIC_caption_fr": 73.90000224113464,
    "eval/R@10/t2i/MIC_caption_fr": 84.7000002861023,
    "eval/avg_metric_t2i": 64.73939418792725,
    "eval/avg_metric_i2t": 60.56363636797125,
    "eval/avg_metric": 62.651515277949244
}