{
    "eval/R@1/i2t/XTD10_captions_it": 34.59999859333038,
    "eval/R@5/i2t/XTD10_captions_it": 69.59999799728394,
    "eval/R@10/i2t/XTD10_captions_it": 82.4999988079071,
    "eval/R@1/t2i/XTD10_captions_it": 40.20000100135803,
    "eval/R@5/t2i/XTD10_captions_it": 72.29999899864197,
    "eval/R@10/t2i/XTD10_captions_it": 83.99999737739563,
    "eval/R@1/i2t/XTD10_captions_ru": 32.100000977516174,
    "eval/R@5/i2t/XTD10_captions_ru": 62.59999871253967,
    "eval/R@10/i2t/XTD10_captions_ru": 76.70000195503235,
    "eval/R@1/t2i/XTD10_captions_ru": 37.20000088214874,
    "eval/R@5/t2i/XTD10_captions_ru": 68.30000281333923,
    "eval/R@10/t2i/XTD10_captions_ru": 79.29999828338623,
    "eval/R@1/i2t/XTD10_captions_en": 38.10000121593475,
    "eval/R@5/i2t/XTD10_captions_en": 73.60000014305115,
    "eval/R@10/i2t/XTD10_captions_en": 85.6000006198883,
    "eval/R@1/t2i/XTD10_captions_en": 45.899999141693115,
    "eval/R@5/t2i/XTD10_captions_en": 76.39999985694885,
    "eval/R@10/t2i/XTD10_captions_en": 85.39999723434448,
    "eval/R@1/i2t/XTD10_captions_pl": 37.299999594688416,
    "eval/R@5/i2t/XTD10_captions_pl": 69.0999984741211,
    "eval/R@10/i2t/XTD10_captions_pl": 82.30000138282776,
    "eval/R@1/t2i/XTD10_captions_pl": 43.20000112056732,
    "eval/R@5/t2i/XTD10_captions_pl": 73.90000224113464,
    "eval/R@10/t2i/XTD10_captions_pl": 84.20000076293945,
    "eval/R@1/i2t/XTD10_captions_tr": 31.299999356269836,
    "eval/R@5/i2t/XTD10_captions_tr": 65.2999997138977,
    "eval/R@10/i2t/XTD10_captions_tr": 78.60000133514404,
    "eval/R@1/t2i/XTD10_captions_tr": 37.40000128746033,
    "eval/R@5/t2i/XTD10_captions_tr": 67.90000200271606,
    "eval/R@10/t2i/XTD10_captions_tr": 81.00000023841858,
    "eval/R@1/i2t/XTD10_captions_zh": 34.20000076293945,
    "eval/R@5/i2t/XTD10_captions_zh": 64.49999809265137,
    "eval/R@10/i2t/XTD10_captions_zh": 80.09999990463257,
    "eval/R@1/t2i/XTD10_captions_zh": 37.5,
    "eval/R@5/t2i/XTD10_captions_zh": 69.30000185966492,
    "eval/R@10/t2i/XTD10_captions_zh": 82.09999799728394,
    "eval/R@1/i2t/XTD10_captions_ko": 29.6999990940094,
    "eval/R@5/i2t/XTD10_captions_ko": 61.29999756813049,
    "eval/R@10/i2t/XTD10_captions_ko": 74.40000176429749,
    "eval/R@1/t2i/XTD10_captions_ko": 34.700000286102295,
    "eval/R@5/t2i/XTD10_captions_ko": 66.39999747276306,
    "eval/R@10/t2i/XTD10_captions_ko": 79.79999780654907,
    "eval/R@1/i2t/XTD10_captions_es": 33.70000123977661,
    "eval/R@5/i2t/XTD10_captions_es": 68.90000104904175,
    "eval/R@10/i2t/XTD10_captions_es": 80.50000071525574,
    "eval/R@1/t2i/XTD10_captions_es": 40.99999964237213,
    "eval/R@5/t2i/XTD10_captions_es": 72.10000157356262,
    "eval/R@10/t2i/XTD10_captions_es": 82.99999833106995,
    "eval/R@1/i2t/STAIR_caption_jp": 27.09999978542328,
    "eval/R@5/i2t/STAIR_caption_jp": 57.8000009059906,
    "eval/R@10/i2t/STAIR_caption_jp": 70.89999914169312,
    "eval/R@1/t2i/STAIR_caption_jp": 31.700000166893005,
    "eval/R@5/t2i/STAIR_caption_jp": 63.599997758865356,
    "eval/R@10/t2i/STAIR_caption_jp": 76.5999972820282,
    "eval/R@1/i2t/MIC_caption_de": 33.19999873638153,
    "eval/R@5/i2t/MIC_caption_de": 65.49999713897705,
    "eval/R@10/i2t/MIC_caption_de": 79.6999990940094,
    "eval/R@1/t2i/MIC_caption_de": 40.79999923706055,
    "eval/R@5/t2i/MIC_caption_de": 70.09999752044678,
    "eval/R@10/t2i/MIC_caption_de": 82.20000267028809,
    "eval/R@1/i2t/MIC_caption_fr": 35.29999852180481,
    "eval/R@5/i2t/MIC_caption_fr": 68.99999976158142,
    "eval/R@10/i2t/MIC_caption_fr": 81.49999976158142,
    "eval/R@1/t2i/MIC_caption_fr": 41.89999997615814,
    "eval/R@5/t2i/MIC_caption_fr": 72.89999723434448,
    "eval/R@10/t2i/MIC_caption_fr": 83.99999737739563,
    "eval/avg_metric_t2i": 63.82727234652548,
    "eval/avg_metric_i2t": 59.59393914901849,
    "eval/avg_metric": 61.710605747771986
}