{
    "eval/R@1/i2t/XTD10_captions_it": 35.499998927116394,
    "eval/R@5/i2t/XTD10_captions_it": 64.20000195503235,
    "eval/R@10/i2t/XTD10_captions_it": 76.09999775886536,
    "eval/R@1/t2i/XTD10_captions_it": 28.00000011920929,
    "eval/R@5/t2i/XTD10_captions_it": 55.50000071525574,
    "eval/R@10/t2i/XTD10_captions_it": 69.19999718666077,
    "eval/R@1/i2t/XTD10_captions_ru": 33.10000002384186,
    "eval/R@5/i2t/XTD10_captions_ru": 60.29999852180481,
    "eval/R@10/i2t/XTD10_captions_ru": 72.89999723434448,
    "eval/R@1/t2i/XTD10_captions_ru": 24.60000067949295,
    "eval/R@5/t2i/XTD10_captions_ru": 51.80000066757202,
    "eval/R@10/t2i/XTD10_captions_ru": 65.20000100135803,
    "eval/R@1/i2t/XTD10_captions_en": 39.59999978542328,
    "eval/R@5/i2t/XTD10_captions_en": 69.59999799728394,
    "eval/R@10/i2t/XTD10_captions_en": 81.80000185966492,
    "eval/R@1/t2i/XTD10_captions_en": 28.79999876022339,
    "eval/R@5/t2i/XTD10_captions_en": 58.799999952316284,
    "eval/R@10/t2i/XTD10_captions_en": 71.10000252723694,
    "eval/R@1/i2t/XTD10_captions_pl": 34.99999940395355,
    "eval/R@5/i2t/XTD10_captions_pl": 64.99999761581421,
    "eval/R@10/i2t/XTD10_captions_pl": 78.1000018119812,
    "eval/R@1/t2i/XTD10_captions_pl": 25.0,
    "eval/R@5/t2i/XTD10_captions_pl": 55.59999942779541,
    "eval/R@10/t2i/XTD10_captions_pl": 68.50000023841858,
    "eval/R@1/i2t/XTD10_captions_tr": 29.6999990940094,
    "eval/R@5/i2t/XTD10_captions_tr": 58.399999141693115,
    "eval/R@10/i2t/XTD10_captions_tr": 72.50000238418579,
    "eval/R@1/t2i/XTD10_captions_tr": 24.699999392032623,
    "eval/R@5/t2i/XTD10_captions_tr": 50.90000033378601,
    "eval/R@10/t2i/XTD10_captions_tr": 64.99999761581421,
    "eval/R@1/i2t/XTD10_captions_zh": 34.90000069141388,
    "eval/R@5/i2t/XTD10_captions_zh": 65.70000052452087,
    "eval/R@10/i2t/XTD10_captions_zh": 78.39999794960022,
    "eval/R@1/t2i/XTD10_captions_zh": 23.19999933242798,
    "eval/R@5/t2i/XTD10_captions_zh": 52.10000276565552,
    "eval/R@10/t2i/XTD10_captions_zh": 66.00000262260437,
    "eval/R@1/i2t/XTD10_captions_ko": 26.69999897480011,
    "eval/R@5/i2t/XTD10_captions_ko": 55.80000281333923,
    "eval/R@10/i2t/XTD10_captions_ko": 69.90000009536743,
    "eval/R@1/t2i/XTD10_captions_ko": 22.40000069141388,
    "eval/R@5/t2i/XTD10_captions_ko": 48.80000054836273,
    "eval/R@10/t2i/XTD10_captions_ko": 61.69999837875366,
    "eval/R@1/i2t/XTD10_captions_es": 34.700000286102295,
    "eval/R@5/i2t/XTD10_captions_es": 63.89999985694885,
    "eval/R@10/i2t/XTD10_captions_es": 75.90000033378601,
    "eval/R@1/t2i/XTD10_captions_es": 25.699999928474426,
    "eval/R@5/t2i/XTD10_captions_es": 54.500001668930054,
    "eval/R@10/t2i/XTD10_captions_es": 66.90000295639038,
    "eval/R@1/i2t/STAIR_caption_jp": 28.9000004529953,
    "eval/R@5/i2t/STAIR_caption_jp": 56.99999928474426,
    "eval/R@10/i2t/STAIR_caption_jp": 68.19999814033508,
    "eval/R@1/t2i/STAIR_caption_jp": 23.100000619888306,
    "eval/R@5/t2i/STAIR_caption_jp": 49.90000128746033,
    "eval/R@10/t2i/STAIR_caption_jp": 62.300002574920654,
    "eval/R@1/i2t/MIC_caption_de": 32.499998807907104,
    "eval/R@5/i2t/MIC_caption_de": 62.300002574920654,
    "eval/R@10/i2t/MIC_caption_de": 75.19999742507935,
    "eval/R@1/t2i/MIC_caption_de": 26.100000739097595,
    "eval/R@5/t2i/MIC_caption_de": 55.80000281333923,
    "eval/R@10/t2i/MIC_caption_de": 67.59999990463257,
    "eval/R@1/i2t/MIC_caption_fr": 34.20000076293945,
    "eval/R@5/i2t/MIC_caption_fr": 63.999998569488525,
    "eval/R@10/i2t/MIC_caption_fr": 77.39999890327454,
    "eval/R@1/t2i/MIC_caption_fr": 27.59999930858612,
    "eval/R@5/t2i/MIC_caption_fr": 55.50000071525574,
    "eval/R@10/t2i/MIC_caption_fr": 68.80000233650208,
    "eval/avg_metric_t2i": 48.50606114575357,
    "eval/avg_metric_i2t": 56.89090878674478,
    "eval/avg_metric": 52.698484966249175
}