{
    "eval/R@1/i2t/XTD10_captions_it": 36.500000953674316,
    "eval/R@5/i2t/XTD10_captions_it": 69.40000057220459,
    "eval/R@10/i2t/XTD10_captions_it": 83.49999785423279,
    "eval/R@1/t2i/XTD10_captions_it": 42.59999990463257,
    "eval/R@5/t2i/XTD10_captions_it": 73.50000143051147,
    "eval/R@10/t2i/XTD10_captions_it": 84.50000286102295,
    "eval/R@1/i2t/XTD10_captions_ru": 34.20000076293945,
    "eval/R@5/i2t/XTD10_captions_ru": 63.70000243186951,
    "eval/R@10/i2t/XTD10_captions_ru": 77.7999997138977,
    "eval/R@1/t2i/XTD10_captions_ru": 38.10000121593475,
    "eval/R@5/t2i/XTD10_captions_ru": 68.50000023841858,
    "eval/R@10/t2i/XTD10_captions_ru": 80.0000011920929,
    "eval/R@1/i2t/XTD10_captions_en": 41.4000004529953,
    "eval/R@5/i2t/XTD10_captions_en": 74.90000128746033,
    "eval/R@10/i2t/XTD10_captions_en": 87.30000257492065,
    "eval/R@1/t2i/XTD10_captions_en": 47.09999859333038,
    "eval/R@5/t2i/XTD10_captions_en": 76.2000024318695,
    "eval/R@10/t2i/XTD10_captions_en": 86.40000224113464,
    "eval/R@1/i2t/XTD10_captions_pl": 37.59999871253967,
    "eval/R@5/i2t/XTD10_captions_pl": 71.8999981880188,
    "eval/R@10/i2t/XTD10_captions_pl": 82.70000219345093,
    "eval/R@1/t2i/XTD10_captions_pl": 43.299999833106995,
    "eval/R@5/t2i/XTD10_captions_pl": 74.19999837875366,
    "eval/R@10/t2i/XTD10_captions_pl": 84.50000286102295,
    "eval/R@1/i2t/XTD10_captions_tr": 32.8000009059906,
    "eval/R@5/i2t/XTD10_captions_tr": 66.29999876022339,
    "eval/R@10/i2t/XTD10_captions_tr": 79.50000166893005,
    "eval/R@1/t2i/XTD10_captions_tr": 38.600000739097595,
    "eval/R@5/t2i/XTD10_captions_tr": 69.40000057220459,
    "eval/R@10/t2i/XTD10_captions_tr": 80.69999814033508,
    "eval/R@1/i2t/XTD10_captions_zh": 34.79999899864197,
    "eval/R@5/i2t/XTD10_captions_zh": 66.20000004768372,
    "eval/R@10/i2t/XTD10_captions_zh": 80.9000015258789,
    "eval/R@1/t2i/XTD10_captions_zh": 38.40000033378601,
    "eval/R@5/t2i/XTD10_captions_zh": 70.39999961853027,
    "eval/R@10/t2i/XTD10_captions_zh": 82.99999833106995,
    "eval/R@1/i2t/XTD10_captions_ko": 30.700001120567322,
    "eval/R@5/i2t/XTD10_captions_ko": 63.40000033378601,
    "eval/R@10/i2t/XTD10_captions_ko": 75.40000081062317,
    "eval/R@1/t2i/XTD10_captions_ko": 35.89999973773956,
    "eval/R@5/t2i/XTD10_captions_ko": 67.29999780654907,
    "eval/R@10/t2i/XTD10_captions_ko": 80.0000011920929,
    "eval/R@1/i2t/XTD10_captions_es": 34.299999475479126,
    "eval/R@5/i2t/XTD10_captions_es": 70.89999914169312,
    "eval/R@10/i2t/XTD10_captions_es": 81.00000023841858,
    "eval/R@1/t2i/XTD10_captions_es": 42.399999499320984,
    "eval/R@5/t2i/XTD10_captions_es": 72.69999980926514,
    "eval/R@10/t2i/XTD10_captions_es": 83.70000123977661,
    "eval/R@1/i2t/STAIR_caption_jp": 27.799999713897705,
    "eval/R@5/i2t/STAIR_caption_jp": 58.30000042915344,
    "eval/R@10/i2t/STAIR_caption_jp": 72.2000002861023,
    "eval/R@1/t2i/STAIR_caption_jp": 33.70000123977661,
    "eval/R@5/t2i/STAIR_caption_jp": 63.80000114440918,
    "eval/R@10/t2i/STAIR_caption_jp": 76.2000024318695,
    "eval/R@1/i2t/MIC_caption_de": 34.99999940395355,
    "eval/R@5/i2t/MIC_caption_de": 65.10000228881836,
    "eval/R@10/i2t/MIC_caption_de": 79.40000295639038,
    "eval/R@1/t2i/MIC_caption_de": 41.80000126361847,
    "eval/R@5/t2i/MIC_caption_de": 71.60000205039978,
    "eval/R@10/t2i/MIC_caption_de": 82.4999988079071,
    "eval/R@1/i2t/MIC_caption_fr": 36.399999260902405,
    "eval/R@5/i2t/MIC_caption_fr": 70.59999704360962,
    "eval/R@10/i2t/MIC_caption_fr": 81.69999718666077,
    "eval/R@1/t2i/MIC_caption_fr": 43.299999833106995,
    "eval/R@5/t2i/MIC_caption_fr": 73.69999885559082,
    "eval/R@10/t2i/MIC_caption_fr": 84.3999981880188,
    "eval/avg_metric_t2i": 64.61818218231201,
    "eval/avg_metric_i2t": 60.71515173623056,
    "eval/avg_metric": 62.66666695927128
}