{
    "eval/R@1/i2t/XTD10_captions_it": 51.899999380111694,
    "eval/R@5/i2t/XTD10_captions_it": 80.69999814033508,
    "eval/R@10/i2t/XTD10_captions_it": 90.79999923706055,
    "eval/R@1/t2i/XTD10_captions_it": 51.5999972820282,
    "eval/R@5/t2i/XTD10_captions_it": 82.4999988079071,
    "eval/R@10/t2i/XTD10_captions_it": 91.00000262260437,
    "eval/R@1/i2t/XTD10_captions_ru": 48.19999933242798,
    "eval/R@5/i2t/XTD10_captions_ru": 75.59999823570251,
    "eval/R@10/i2t/XTD10_captions_ru": 86.50000095367432,
    "eval/R@1/t2i/XTD10_captions_ru": 46.99999988079071,
    "eval/R@5/t2i/XTD10_captions_ru": 77.20000147819519,
    "eval/R@10/t2i/XTD10_captions_ru": 86.69999837875366,
    "eval/R@1/i2t/XTD10_captions_en": 58.49999785423279,
    "eval/R@5/i2t/XTD10_captions_en": 88.49999904632568,
    "eval/R@10/i2t/XTD10_captions_en": 95.70000171661377,
    "eval/R@1/t2i/XTD10_captions_en": 61.19999885559082,
    "eval/R@5/t2i/XTD10_captions_en": 88.20000290870667,
    "eval/R@10/t2i/XTD10_captions_en": 94.40000057220459,
    "eval/R@1/i2t/XTD10_captions_pl": 51.30000114440918,
    "eval/R@5/i2t/XTD10_captions_pl": 81.30000233650208,
    "eval/R@10/i2t/XTD10_captions_pl": 90.89999794960022,
    "eval/R@1/t2i/XTD10_captions_pl": 52.399998903274536,
    "eval/R@5/t2i/XTD10_captions_pl": 82.8000009059906,
    "eval/R@10/t2i/XTD10_captions_pl": 90.79999923706055,
    "eval/R@1/i2t/XTD10_captions_tr": 48.100000619888306,
    "eval/R@5/i2t/XTD10_captions_tr": 79.19999957084656,
    "eval/R@10/i2t/XTD10_captions_tr": 89.99999761581421,
    "eval/R@1/t2i/XTD10_captions_tr": 46.799999475479126,
    "eval/R@5/t2i/XTD10_captions_tr": 79.19999957084656,
    "eval/R@10/t2i/XTD10_captions_tr": 88.49999904632568,
    "eval/R@1/i2t/XTD10_captions_zh": 50.90000033378601,
    "eval/R@5/i2t/XTD10_captions_zh": 80.19999861717224,
    "eval/R@10/i2t/XTD10_captions_zh": 89.99999761581421,
    "eval/R@1/t2i/XTD10_captions_zh": 52.49999761581421,
    "eval/R@5/t2i/XTD10_captions_zh": 81.19999766349792,
    "eval/R@10/t2i/XTD10_captions_zh": 90.10000228881836,
    "eval/R@1/i2t/XTD10_captions_ko": 43.59999895095825,
    "eval/R@5/i2t/XTD10_captions_ko": 73.4000027179718,
    "eval/R@10/i2t/XTD10_captions_ko": 86.19999885559082,
    "eval/R@1/t2i/XTD10_captions_ko": 44.80000138282776,
    "eval/R@5/t2i/XTD10_captions_ko": 75.19999742507935,
    "eval/R@10/t2i/XTD10_captions_ko": 85.6000006198883,
    "eval/R@1/i2t/XTD10_captions_es": 49.70000088214874,
    "eval/R@5/i2t/XTD10_captions_es": 80.29999732971191,
    "eval/R@10/i2t/XTD10_captions_es": 91.10000133514404,
    "eval/R@1/t2i/XTD10_captions_es": 52.399998903274536,
    "eval/R@5/t2i/XTD10_captions_es": 82.09999799728394,
    "eval/R@10/t2i/XTD10_captions_es": 90.79999923706055,
    "eval/R@1/i2t/STAIR_caption_jp": 41.69999957084656,
    "eval/R@5/i2t/STAIR_caption_jp": 72.29999899864197,
    "eval/R@10/i2t/STAIR_caption_jp": 82.4999988079071,
    "eval/R@1/t2i/STAIR_caption_jp": 42.80000030994415,
    "eval/R@5/t2i/STAIR_caption_jp": 72.50000238418579,
    "eval/R@10/t2i/STAIR_caption_jp": 82.40000009536743,
    "eval/R@1/i2t/MIC_caption_de": 50.599998235702515,
    "eval/R@5/i2t/MIC_caption_de": 79.79999780654907,
    "eval/R@10/i2t/MIC_caption_de": 89.49999809265137,
    "eval/R@1/t2i/MIC_caption_de": 50.90000033378601,
    "eval/R@5/t2i/MIC_caption_de": 81.30000233650208,
    "eval/R@10/t2i/MIC_caption_de": 89.89999890327454,
    "eval/R@1/i2t/MIC_caption_fr": 51.20000243186951,
    "eval/R@5/i2t/MIC_caption_fr": 80.29999732971191,
    "eval/R@10/i2t/MIC_caption_fr": 89.60000276565552,
    "eval/R@1/t2i/MIC_caption_fr": 53.79999876022339,
    "eval/R@5/t2i/MIC_caption_fr": 81.00000023841858,
    "eval/R@10/t2i/MIC_caption_fr": 89.89999890327454,
    "eval/avg_metric_t2i": 73.31818161588727,
    "eval/avg_metric_i2t": 72.73030253973874,
    "eval/avg_metric": 73.024242077813
}