{
    "eval/R@1/i2t/XTD10_captions_it": 34.700000286102295,
    "eval/R@5/i2t/XTD10_captions_it": 69.0999984741211,
    "eval/R@10/i2t/XTD10_captions_it": 82.89999961853027,
    "eval/R@1/t2i/XTD10_captions_it": 40.90000092983246,
    "eval/R@5/t2i/XTD10_captions_it": 72.69999980926514,
    "eval/R@10/t2i/XTD10_captions_it": 84.60000157356262,
    "eval/R@1/i2t/XTD10_captions_ru": 32.8000009059906,
    "eval/R@5/i2t/XTD10_captions_ru": 62.99999952316284,
    "eval/R@10/i2t/XTD10_captions_ru": 76.80000066757202,
    "eval/R@1/t2i/XTD10_captions_ru": 37.5,
    "eval/R@5/t2i/XTD10_captions_ru": 68.09999942779541,
    "eval/R@10/t2i/XTD10_captions_ru": 79.19999957084656,
    "eval/R@1/i2t/XTD10_captions_en": 39.10000026226044,
    "eval/R@5/i2t/XTD10_captions_en": 73.7999975681305,
    "eval/R@10/i2t/XTD10_captions_en": 85.39999723434448,
    "eval/R@1/t2i/XTD10_captions_en": 45.60000002384186,
    "eval/R@5/t2i/XTD10_captions_en": 76.39999985694885,
    "eval/R@10/t2i/XTD10_captions_en": 85.69999933242798,
    "eval/R@1/i2t/XTD10_captions_pl": 36.89999878406525,
    "eval/R@5/i2t/XTD10_captions_pl": 69.49999928474426,
    "eval/R@10/i2t/XTD10_captions_pl": 82.09999799728394,
    "eval/R@1/t2i/XTD10_captions_pl": 43.39999854564667,
    "eval/R@5/t2i/XTD10_captions_pl": 73.69999885559082,
    "eval/R@10/t2i/XTD10_captions_pl": 84.3999981880188,
    "eval/R@1/i2t/XTD10_captions_tr": 31.700000166893005,
    "eval/R@5/i2t/XTD10_captions_tr": 66.29999876022339,
    "eval/R@10/i2t/XTD10_captions_tr": 78.79999876022339,
    "eval/R@1/t2i/XTD10_captions_tr": 37.5,
    "eval/R@5/t2i/XTD10_captions_tr": 68.09999942779541,
    "eval/R@10/t2i/XTD10_captions_tr": 81.00000023841858,
    "eval/R@1/i2t/XTD10_captions_zh": 33.30000042915344,
    "eval/R@5/i2t/XTD10_captions_zh": 64.49999809265137,
    "eval/R@10/i2t/XTD10_captions_zh": 79.60000038146973,
    "eval/R@1/t2i/XTD10_captions_zh": 37.59999871253967,
    "eval/R@5/t2i/XTD10_captions_zh": 68.90000104904175,
    "eval/R@10/t2i/XTD10_captions_zh": 81.90000057220459,
    "eval/R@1/i2t/XTD10_captions_ko": 29.199999570846558,
    "eval/R@5/i2t/XTD10_captions_ko": 60.29999852180481,
    "eval/R@10/i2t/XTD10_captions_ko": 75.19999742507935,
    "eval/R@1/t2i/XTD10_captions_ko": 34.20000076293945,
    "eval/R@5/t2i/XTD10_captions_ko": 66.29999876022339,
    "eval/R@10/t2i/XTD10_captions_ko": 79.19999957084656,
    "eval/R@1/i2t/XTD10_captions_es": 33.399999141693115,
    "eval/R@5/i2t/XTD10_captions_es": 69.19999718666077,
    "eval/R@10/i2t/XTD10_captions_es": 80.69999814033508,
    "eval/R@1/t2i/XTD10_captions_es": 39.899998903274536,
    "eval/R@5/t2i/XTD10_captions_es": 71.8999981880188,
    "eval/R@10/t2i/XTD10_captions_es": 83.09999704360962,
    "eval/R@1/i2t/STAIR_caption_jp": 27.20000147819519,
    "eval/R@5/i2t/STAIR_caption_jp": 58.399999141693115,
    "eval/R@10/i2t/STAIR_caption_jp": 71.70000076293945,
    "eval/R@1/t2i/STAIR_caption_jp": 31.600001454353333,
    "eval/R@5/t2i/STAIR_caption_jp": 62.800002098083496,
    "eval/R@10/t2i/STAIR_caption_jp": 75.99999904632568,
    "eval/R@1/i2t/MIC_caption_de": 33.000001311302185,
    "eval/R@5/i2t/MIC_caption_de": 65.39999842643738,
    "eval/R@10/i2t/MIC_caption_de": 79.60000038146973,
    "eval/R@1/t2i/MIC_caption_de": 40.79999923706055,
    "eval/R@5/t2i/MIC_caption_de": 69.70000267028809,
    "eval/R@10/t2i/MIC_caption_de": 81.90000057220459,
    "eval/R@1/i2t/MIC_caption_fr": 34.99999940395355,
    "eval/R@5/i2t/MIC_caption_fr": 69.0999984741211,
    "eval/R@10/i2t/MIC_caption_fr": 81.40000104904175,
    "eval/R@1/t2i/MIC_caption_fr": 41.80000126361847,
    "eval/R@5/t2i/MIC_caption_fr": 72.50000238418579,
    "eval/R@10/t2i/MIC_caption_fr": 83.99999737739563,
    "eval/avg_metric_t2i": 63.72424228624864,
    "eval/avg_metric_i2t": 59.66969629128774,
    "eval/avg_metric": 61.69696928876819
}