{
    "eval/R@1/i2t/XTD10_captions_it": 51.80000066757202,
    "eval/R@5/i2t/XTD10_captions_it": 80.69999814033508,
    "eval/R@10/i2t/XTD10_captions_it": 90.20000100135803,
    "eval/R@1/t2i/XTD10_captions_it": 51.099997758865356,
    "eval/R@5/t2i/XTD10_captions_it": 81.80000185966492,
    "eval/R@10/t2i/XTD10_captions_it": 90.89999794960022,
    "eval/R@1/i2t/XTD10_captions_ru": 46.70000076293945,
    "eval/R@5/i2t/XTD10_captions_ru": 75.3000020980835,
    "eval/R@10/i2t/XTD10_captions_ru": 85.6000006198883,
    "eval/R@1/t2i/XTD10_captions_ru": 46.59999907016754,
    "eval/R@5/t2i/XTD10_captions_ru": 76.99999809265137,
    "eval/R@10/t2i/XTD10_captions_ru": 86.10000014305115,
    "eval/R@1/i2t/XTD10_captions_en": 59.3999981880188,
    "eval/R@5/i2t/XTD10_captions_en": 87.90000081062317,
    "eval/R@10/i2t/XTD10_captions_en": 94.9999988079071,
    "eval/R@1/t2i/XTD10_captions_en": 61.29999756813049,
    "eval/R@5/t2i/XTD10_captions_en": 87.99999952316284,
    "eval/R@10/t2i/XTD10_captions_en": 94.0999984741211,
    "eval/R@1/i2t/XTD10_captions_pl": 49.300000071525574,
    "eval/R@5/i2t/XTD10_captions_pl": 80.9000015258789,
    "eval/R@10/i2t/XTD10_captions_pl": 90.49999713897705,
    "eval/R@1/t2i/XTD10_captions_pl": 52.70000100135803,
    "eval/R@5/t2i/XTD10_captions_pl": 82.20000267028809,
    "eval/R@10/t2i/XTD10_captions_pl": 90.10000228881836,
    "eval/R@1/i2t/XTD10_captions_tr": 48.899999260902405,
    "eval/R@5/i2t/XTD10_captions_tr": 78.79999876022339,
    "eval/R@10/i2t/XTD10_captions_tr": 89.20000195503235,
    "eval/R@1/t2i/XTD10_captions_tr": 46.39999866485596,
    "eval/R@5/t2i/XTD10_captions_tr": 79.19999957084656,
    "eval/R@10/t2i/XTD10_captions_tr": 88.89999985694885,
    "eval/R@1/i2t/XTD10_captions_zh": 50.49999952316284,
    "eval/R@5/i2t/XTD10_captions_zh": 80.09999990463257,
    "eval/R@10/i2t/XTD10_captions_zh": 89.89999890327454,
    "eval/R@1/t2i/XTD10_captions_zh": 51.30000114440918,
    "eval/R@5/t2i/XTD10_captions_zh": 80.50000071525574,
    "eval/R@10/t2i/XTD10_captions_zh": 89.20000195503235,
    "eval/R@1/i2t/XTD10_captions_ko": 42.500001192092896,
    "eval/R@5/i2t/XTD10_captions_ko": 73.00000190734863,
    "eval/R@10/i2t/XTD10_captions_ko": 85.39999723434448,
    "eval/R@1/t2i/XTD10_captions_ko": 43.99999976158142,
    "eval/R@5/t2i/XTD10_captions_ko": 74.00000095367432,
    "eval/R@10/t2i/XTD10_captions_ko": 85.19999980926514,
    "eval/R@1/i2t/XTD10_captions_es": 50.0,
    "eval/R@5/i2t/XTD10_captions_es": 80.19999861717224,
    "eval/R@10/i2t/XTD10_captions_es": 90.10000228881836,
    "eval/R@1/t2i/XTD10_captions_es": 51.499998569488525,
    "eval/R@5/t2i/XTD10_captions_es": 81.69999718666077,
    "eval/R@10/t2i/XTD10_captions_es": 90.39999842643738,
    "eval/R@1/i2t/STAIR_caption_jp": 41.29999876022339,
    "eval/R@5/i2t/STAIR_caption_jp": 70.99999785423279,
    "eval/R@10/i2t/STAIR_caption_jp": 81.99999928474426,
    "eval/R@1/t2i/STAIR_caption_jp": 40.50000011920929,
    "eval/R@5/t2i/STAIR_caption_jp": 71.49999737739563,
    "eval/R@10/t2i/STAIR_caption_jp": 81.90000057220459,
    "eval/R@1/i2t/MIC_caption_de": 50.700002908706665,
    "eval/R@5/i2t/MIC_caption_de": 79.90000247955322,
    "eval/R@10/i2t/MIC_caption_de": 88.80000114440918,
    "eval/R@1/t2i/MIC_caption_de": 50.80000162124634,
    "eval/R@5/t2i/MIC_caption_de": 80.40000200271606,
    "eval/R@10/t2i/MIC_caption_de": 89.70000147819519,
    "eval/R@1/i2t/MIC_caption_fr": 50.80000162124634,
    "eval/R@5/i2t/MIC_caption_fr": 79.79999780654907,
    "eval/R@10/i2t/MIC_caption_fr": 89.60000276565552,
    "eval/R@1/t2i/MIC_caption_fr": 52.99999713897705,
    "eval/R@5/t2i/MIC_caption_fr": 81.5999984741211,
    "eval/R@10/t2i/MIC_caption_fr": 89.99999761581421,
    "eval/avg_metric_t2i": 72.83636331558228,
    "eval/avg_metric_i2t": 72.29696981834643,
    "eval/avg_metric": 72.56666656696436
}