{
    "eval/R@1/i2t/XTD10_captions_it": 51.30000114440918,
    "eval/R@5/i2t/XTD10_captions_it": 80.59999942779541,
    "eval/R@10/i2t/XTD10_captions_it": 89.49999809265137,
    "eval/R@1/t2i/XTD10_captions_it": 51.30000114440918,
    "eval/R@5/t2i/XTD10_captions_it": 82.40000009536743,
    "eval/R@10/t2i/XTD10_captions_it": 90.49999713897705,
    "eval/R@1/i2t/XTD10_captions_ru": 47.40000069141388,
    "eval/R@5/i2t/XTD10_captions_ru": 75.40000081062317,
    "eval/R@10/i2t/XTD10_captions_ru": 85.69999933242798,
    "eval/R@1/t2i/XTD10_captions_ru": 46.299999952316284,
    "eval/R@5/t2i/XTD10_captions_ru": 76.99999809265137,
    "eval/R@10/t2i/XTD10_captions_ru": 86.10000014305115,
    "eval/R@1/i2t/XTD10_captions_en": 58.99999737739563,
    "eval/R@5/i2t/XTD10_captions_en": 87.5,
    "eval/R@10/i2t/XTD10_captions_en": 95.39999961853027,
    "eval/R@1/t2i/XTD10_captions_en": 61.59999966621399,
    "eval/R@5/t2i/XTD10_captions_en": 87.90000081062317,
    "eval/R@10/t2i/XTD10_captions_en": 94.30000185966492,
    "eval/R@1/i2t/XTD10_captions_pl": 50.700002908706665,
    "eval/R@5/i2t/XTD10_captions_pl": 80.50000071525574,
    "eval/R@10/i2t/XTD10_captions_pl": 90.20000100135803,
    "eval/R@1/t2i/XTD10_captions_pl": 52.49999761581421,
    "eval/R@5/t2i/XTD10_captions_pl": 82.30000138282776,
    "eval/R@10/t2i/XTD10_captions_pl": 90.6000018119812,
    "eval/R@1/i2t/XTD10_captions_tr": 48.39999973773956,
    "eval/R@5/i2t/XTD10_captions_tr": 78.50000262260437,
    "eval/R@10/i2t/XTD10_captions_tr": 89.49999809265137,
    "eval/R@1/t2i/XTD10_captions_tr": 45.899999141693115,
    "eval/R@5/t2i/XTD10_captions_tr": 78.50000262260437,
    "eval/R@10/t2i/XTD10_captions_tr": 88.99999856948853,
    "eval/R@1/i2t/XTD10_captions_zh": 50.300002098083496,
    "eval/R@5/i2t/XTD10_captions_zh": 79.50000166893005,
    "eval/R@10/i2t/XTD10_captions_zh": 90.10000228881836,
    "eval/R@1/t2i/XTD10_captions_zh": 51.099997758865356,
    "eval/R@5/t2i/XTD10_captions_zh": 80.19999861717224,
    "eval/R@10/t2i/XTD10_captions_zh": 89.70000147819519,
    "eval/R@1/i2t/XTD10_captions_ko": 43.00000071525574,
    "eval/R@5/i2t/XTD10_captions_ko": 72.10000157356262,
    "eval/R@10/i2t/XTD10_captions_ko": 85.29999852180481,
    "eval/R@1/t2i/XTD10_captions_ko": 43.90000104904175,
    "eval/R@5/t2i/XTD10_captions_ko": 74.29999709129333,
    "eval/R@10/t2i/XTD10_captions_ko": 85.29999852180481,
    "eval/R@1/i2t/XTD10_captions_es": 50.09999871253967,
    "eval/R@5/i2t/XTD10_captions_es": 80.0000011920929,
    "eval/R@10/i2t/XTD10_captions_es": 89.89999890327454,
    "eval/R@1/t2i/XTD10_captions_es": 51.899999380111694,
    "eval/R@5/t2i/XTD10_captions_es": 81.99999928474426,
    "eval/R@10/t2i/XTD10_captions_es": 90.49999713897705,
    "eval/R@1/i2t/STAIR_caption_jp": 40.90000092983246,
    "eval/R@5/i2t/STAIR_caption_jp": 71.10000252723694,
    "eval/R@10/i2t/STAIR_caption_jp": 81.99999928474426,
    "eval/R@1/t2i/STAIR_caption_jp": 41.89999997615814,
    "eval/R@5/t2i/STAIR_caption_jp": 71.79999947547913,
    "eval/R@10/t2i/STAIR_caption_jp": 82.20000267028809,
    "eval/R@1/i2t/MIC_caption_de": 50.599998235702515,
    "eval/R@5/i2t/MIC_caption_de": 79.60000038146973,
    "eval/R@10/i2t/MIC_caption_de": 88.99999856948853,
    "eval/R@1/t2i/MIC_caption_de": 51.30000114440918,
    "eval/R@5/t2i/MIC_caption_de": 80.09999990463257,
    "eval/R@10/t2i/MIC_caption_de": 89.89999890327454,
    "eval/R@1/i2t/MIC_caption_fr": 50.599998235702515,
    "eval/R@5/i2t/MIC_caption_fr": 79.50000166893005,
    "eval/R@10/i2t/MIC_caption_fr": 89.30000066757202,
    "eval/R@1/t2i/MIC_caption_fr": 52.799999713897705,
    "eval/R@5/t2i/MIC_caption_fr": 81.19999766349792,
    "eval/R@10/t2i/MIC_caption_fr": 90.10000228881836,
    "eval/avg_metric_t2i": 72.92121188207106,
    "eval/avg_metric_i2t": 72.19696993177587,
    "eval/avg_metric": 72.55909090692347
}