{
    "eval/R@1/i2t/XTD10_captions_it": 30.899998545646667,
    "eval/R@5/i2t/XTD10_captions_it": 61.10000014305115,
    "eval/R@10/i2t/XTD10_captions_it": 75.19999742507935,
    "eval/R@1/t2i/XTD10_captions_it": 30.899998545646667,
    "eval/R@5/t2i/XTD10_captions_it": 61.10000014305115,
    "eval/R@10/t2i/XTD10_captions_it": 75.19999742507935,
    "eval/R@1/i2t/XTD10_captions_ru": 28.49999964237213,
    "eval/R@5/i2t/XTD10_captions_ru": 57.89999961853027,
    "eval/R@10/i2t/XTD10_captions_ru": 70.49999833106995,
    "eval/R@1/t2i/XTD10_captions_ru": 28.49999964237213,
    "eval/R@5/t2i/XTD10_captions_ru": 57.89999961853027,
    "eval/R@10/t2i/XTD10_captions_ru": 70.49999833106995,
    "eval/R@1/i2t/XTD10_captions_en": 32.89999961853027,
    "eval/R@5/i2t/XTD10_captions_en": 65.10000228881836,
    "eval/R@10/i2t/XTD10_captions_en": 78.29999923706055,
    "eval/R@1/t2i/XTD10_captions_en": 32.89999961853027,
    "eval/R@5/t2i/XTD10_captions_en": 65.10000228881836,
    "eval/R@10/t2i/XTD10_captions_en": 78.29999923706055,
    "eval/R@1/i2t/XTD10_captions_pl": 31.200000643730164,
    "eval/R@5/i2t/XTD10_captions_pl": 63.499999046325684,
    "eval/R@10/i2t/XTD10_captions_pl": 75.49999952316284,
    "eval/R@1/t2i/XTD10_captions_pl": 31.200000643730164,
    "eval/R@5/t2i/XTD10_captions_pl": 63.499999046325684,
    "eval/R@10/t2i/XTD10_captions_pl": 75.49999952316284,
    "eval/R@1/i2t/XTD10_captions_tr": 26.499998569488525,
    "eval/R@5/i2t/XTD10_captions_tr": 56.199997663497925,
    "eval/R@10/i2t/XTD10_captions_tr": 71.39999866485596,
    "eval/R@1/t2i/XTD10_captions_tr": 26.499998569488525,
    "eval/R@5/t2i/XTD10_captions_tr": 56.199997663497925,
    "eval/R@10/t2i/XTD10_captions_tr": 71.39999866485596,
    "eval/R@1/i2t/XTD10_captions_zh": 30.19999861717224,
    "eval/R@5/i2t/XTD10_captions_zh": 59.50000286102295,
    "eval/R@10/i2t/XTD10_captions_zh": 73.29999804496765,
    "eval/R@1/t2i/XTD10_captions_zh": 30.19999861717224,
    "eval/R@5/t2i/XTD10_captions_zh": 59.50000286102295,
    "eval/R@10/t2i/XTD10_captions_zh": 73.29999804496765,
    "eval/R@1/i2t/XTD10_captions_ko": 25.099998712539673,
    "eval/R@5/i2t/XTD10_captions_ko": 53.200000524520874,
    "eval/R@10/i2t/XTD10_captions_ko": 66.29999876022339,
    "eval/R@1/t2i/XTD10_captions_ko": 25.099998712539673,
    "eval/R@5/t2i/XTD10_captions_ko": 53.200000524520874,
    "eval/R@10/t2i/XTD10_captions_ko": 66.29999876022339,
    "eval/R@1/i2t/XTD10_captions_es": 30.700001120567322,
    "eval/R@5/i2t/XTD10_captions_es": 60.69999933242798,
    "eval/R@10/i2t/XTD10_captions_es": 74.50000047683716,
    "eval/R@1/t2i/XTD10_captions_es": 30.700001120567322,
    "eval/R@5/t2i/XTD10_captions_es": 60.69999933242798,
    "eval/R@10/t2i/XTD10_captions_es": 74.50000047683716,
    "eval/R@1/i2t/STAIR_caption_jp": 25.200000405311584,
    "eval/R@5/i2t/STAIR_caption_jp": 51.70000195503235,
    "eval/R@10/i2t/STAIR_caption_jp": 64.89999890327454,
    "eval/R@1/t2i/STAIR_caption_jp": 25.200000405311584,
    "eval/R@5/t2i/STAIR_caption_jp": 51.70000195503235,
    "eval/R@10/t2i/STAIR_caption_jp": 64.89999890327454,
    "eval/R@1/i2t/MIC_caption_de": 29.199999570846558,
    "eval/R@5/i2t/MIC_caption_de": 58.20000171661377,
    "eval/R@10/i2t/MIC_caption_de": 71.60000205039978,
    "eval/R@1/t2i/MIC_caption_de": 29.199999570846558,
    "eval/R@5/t2i/MIC_caption_de": 58.20000171661377,
    "eval/R@10/t2i/MIC_caption_de": 71.60000205039978,
    "eval/R@1/i2t/MIC_caption_fr": 30.300000309944153,
    "eval/R@5/i2t/MIC_caption_fr": 60.29999852180481,
    "eval/R@10/i2t/MIC_caption_fr": 73.50000143051147,
    "eval/R@1/t2i/MIC_caption_fr": 30.300000309944153,
    "eval/R@5/t2i/MIC_caption_fr": 60.29999852180481,
    "eval/R@10/t2i/MIC_caption_fr": 73.50000143051147,
    "eval/avg_metric_t2i": 53.42727249318903,
    "eval/avg_metric_i2t": 53.42727249318903,
    "eval/avg_metric": 53.42727249318903
}