{
    "eval/R@1/i2t/XTD10_captions_it": 39.30000066757202,
    "eval/R@5/i2t/XTD10_captions_it": 66.00000262260437,
    "eval/R@10/i2t/XTD10_captions_it": 77.89999842643738,
    "eval/R@1/t2i/XTD10_captions_it": 34.700000286102295,
    "eval/R@5/t2i/XTD10_captions_it": 60.29999852180481,
    "eval/R@10/t2i/XTD10_captions_it": 72.79999852180481,
    "eval/R@1/i2t/XTD10_captions_ru": 13.899999856948853,
    "eval/R@5/i2t/XTD10_captions_ru": 29.199999570846558,
    "eval/R@10/i2t/XTD10_captions_ru": 41.4000004529953,
    "eval/R@1/t2i/XTD10_captions_ru": 9.399999678134918,
    "eval/R@5/t2i/XTD10_captions_ru": 23.70000034570694,
    "eval/R@10/t2i/XTD10_captions_ru": 34.00000035762787,
    "eval/R@1/i2t/XTD10_captions_en": 64.49999809265137,
    "eval/R@5/i2t/XTD10_captions_en": 87.90000081062317,
    "eval/R@10/i2t/XTD10_captions_en": 93.80000233650208,
    "eval/R@1/t2i/XTD10_captions_en": 66.29999876022339,
    "eval/R@5/t2i/XTD10_captions_en": 88.99999856948853,
    "eval/R@10/t2i/XTD10_captions_en": 93.99999976158142,
    "eval/R@1/i2t/XTD10_captions_pl": 14.900000393390656,
    "eval/R@5/i2t/XTD10_captions_pl": 30.500000715255737,
    "eval/R@10/i2t/XTD10_captions_pl": 42.1999990940094,
    "eval/R@1/t2i/XTD10_captions_pl": 10.499999672174454,
    "eval/R@5/t2i/XTD10_captions_pl": 26.199999451637268,
    "eval/R@10/t2i/XTD10_captions_pl": 37.59999871253967,
    "eval/R@1/i2t/XTD10_captions_tr": 7.100000232458115,
    "eval/R@5/i2t/XTD10_captions_tr": 16.699999570846558,
    "eval/R@10/i2t/XTD10_captions_tr": 23.100000619888306,
    "eval/R@1/t2i/XTD10_captions_tr": 4.899999871850014,
    "eval/R@5/t2i/XTD10_captions_tr": 12.700000405311584,
    "eval/R@10/t2i/XTD10_captions_tr": 19.099999964237213,
    "eval/R@1/i2t/XTD10_captions_zh": 2.7000000700354576,
    "eval/R@5/i2t/XTD10_captions_zh": 8.100000023841858,
    "eval/R@10/i2t/XTD10_captions_zh": 12.999999523162842,
    "eval/R@1/t2i/XTD10_captions_zh": 1.4999999664723873,
    "eval/R@5/t2i/XTD10_captions_zh": 4.699999839067459,
    "eval/R@10/t2i/XTD10_captions_zh": 7.000000029802322,
    "eval/R@1/i2t/XTD10_captions_ko": 3.9000000804662704,
    "eval/R@5/i2t/XTD10_captions_ko": 10.999999940395355,
    "eval/R@10/i2t/XTD10_captions_ko": 16.500000655651093,
    "eval/R@1/t2i/XTD10_captions_ko": 2.4000000208616257,
    "eval/R@5/t2i/XTD10_captions_ko": 7.900000363588333,
    "eval/R@10/t2i/XTD10_captions_ko": 12.600000202655792,
    "eval/R@1/i2t/XTD10_captions_es": 35.29999852180481,
    "eval/R@5/i2t/XTD10_captions_es": 62.00000047683716,
    "eval/R@10/i2t/XTD10_captions_es": 73.90000224113464,
    "eval/R@1/t2i/XTD10_captions_es": 31.00000023841858,
    "eval/R@5/t2i/XTD10_captions_es": 55.80000281333923,
    "eval/R@10/t2i/XTD10_captions_es": 67.10000038146973,
    "eval/R@1/i2t/STAIR_caption_jp": 12.200000137090683,
    "eval/R@5/i2t/STAIR_caption_jp": 28.40000092983246,
    "eval/R@10/i2t/STAIR_caption_jp": 38.10000121593475,
    "eval/R@1/t2i/STAIR_caption_jp": 6.400000303983688,
    "eval/R@5/t2i/STAIR_caption_jp": 16.79999977350235,
    "eval/R@10/t2i/STAIR_caption_jp": 26.199999451637268,
    "eval/R@1/i2t/MIC_caption_de": 37.79999911785126,
    "eval/R@5/i2t/MIC_caption_de": 68.09999942779541,
    "eval/R@10/i2t/MIC_caption_de": 81.49999976158142,
    "eval/R@1/t2i/MIC_caption_de": 34.99999940395355,
    "eval/R@5/t2i/MIC_caption_de": 61.19999885559082,
    "eval/R@10/t2i/MIC_caption_de": 73.29999804496765,
    "eval/R@1/i2t/MIC_caption_fr": 45.100000500679016,
    "eval/R@5/i2t/MIC_caption_fr": 72.60000109672546,
    "eval/R@10/i2t/MIC_caption_fr": 83.09999704360962,
    "eval/R@1/t2i/MIC_caption_fr": 42.30000078678131,
    "eval/R@5/t2i/MIC_caption_fr": 68.80000233650208,
    "eval/R@10/t2i/MIC_caption_fr": 80.0000011920929,
    "eval/avg_metric_t2i": 36.21818172378522,
    "eval/avg_metric_i2t": 40.657575885680586,
    "eval/avg_metric": 38.437878804732904
}