{
    "eval/R@1/i2t/XTD10_captions_it": 27.500000596046448,
    "eval/R@5/i2t/XTD10_captions_it": 53.39999794960022,
    "eval/R@10/i2t/XTD10_captions_it": 67.1999990940094,
    "eval/R@1/t2i/XTD10_captions_it": 19.79999989271164,
    "eval/R@5/t2i/XTD10_captions_it": 41.49999916553497,
    "eval/R@10/t2i/XTD10_captions_it": 53.700000047683716,
    "eval/R@1/i2t/XTD10_captions_ru": 1.9999999552965164,
    "eval/R@5/i2t/XTD10_captions_ru": 4.500000178813934,
    "eval/R@10/i2t/XTD10_captions_ru": 6.1000000685453415,
    "eval/R@1/t2i/XTD10_captions_ru": 1.0999999940395355,
    "eval/R@5/t2i/XTD10_captions_ru": 3.5999998450279236,
    "eval/R@10/t2i/XTD10_captions_ru": 5.000000074505806,
    "eval/R@1/i2t/XTD10_captions_en": 64.60000276565552,
    "eval/R@5/i2t/XTD10_captions_en": 87.40000128746033,
    "eval/R@10/i2t/XTD10_captions_en": 94.0999984741211,
    "eval/R@1/t2i/XTD10_captions_en": 58.09999704360962,
    "eval/R@5/t2i/XTD10_captions_en": 83.70000123977661,
    "eval/R@10/t2i/XTD10_captions_en": 92.5000011920929,
    "eval/R@1/i2t/XTD10_captions_pl": 6.400000303983688,
    "eval/R@5/i2t/XTD10_captions_pl": 17.499999701976776,
    "eval/R@10/i2t/XTD10_captions_pl": 25.600001215934753,
    "eval/R@1/t2i/XTD10_captions_pl": 3.999999910593033,
    "eval/R@5/t2i/XTD10_captions_pl": 10.700000077486038,
    "eval/R@10/t2i/XTD10_captions_pl": 15.600000321865082,
    "eval/R@1/i2t/XTD10_captions_tr": 5.799999833106995,
    "eval/R@5/i2t/XTD10_captions_tr": 13.40000033378601,
    "eval/R@10/i2t/XTD10_captions_tr": 19.79999989271164,
    "eval/R@1/t2i/XTD10_captions_tr": 3.099999949336052,
    "eval/R@5/t2i/XTD10_captions_tr": 8.500000089406967,
    "eval/R@10/t2i/XTD10_captions_tr": 13.199999928474426,
    "eval/R@1/i2t/XTD10_captions_zh": 2.500000037252903,
    "eval/R@5/i2t/XTD10_captions_zh": 7.400000095367432,
    "eval/R@10/i2t/XTD10_captions_zh": 11.100000143051147,
    "eval/R@1/t2i/XTD10_captions_zh": 0.7000000216066837,
    "eval/R@5/t2i/XTD10_captions_zh": 2.4000000208616257,
    "eval/R@10/t2i/XTD10_captions_zh": 4.899999871850014,
    "eval/R@1/i2t/XTD10_captions_ko": 0.7000000216066837,
    "eval/R@5/i2t/XTD10_captions_ko": 2.3000000044703484,
    "eval/R@10/i2t/XTD10_captions_ko": 3.500000014901161,
    "eval/R@1/t2i/XTD10_captions_ko": 0.4000000189989805,
    "eval/R@5/t2i/XTD10_captions_ko": 1.4999999664723873,
    "eval/R@10/t2i/XTD10_captions_ko": 2.7000000700354576,
    "eval/R@1/i2t/XTD10_captions_es": 34.09999907016754,
    "eval/R@5/i2t/XTD10_captions_es": 58.799999952316284,
    "eval/R@10/i2t/XTD10_captions_es": 71.39999866485596,
    "eval/R@1/t2i/XTD10_captions_es": 27.20000147819519,
    "eval/R@5/t2i/XTD10_captions_es": 51.30000114440918,
    "eval/R@10/t2i/XTD10_captions_es": 64.0999972820282,
    "eval/R@1/i2t/STAIR_caption_jp": 9.700000286102295,
    "eval/R@5/i2t/STAIR_caption_jp": 23.100000619888306,
    "eval/R@10/i2t/STAIR_caption_jp": 33.70000123977661,
    "eval/R@1/t2i/STAIR_caption_jp": 3.700000047683716,
    "eval/R@5/t2i/STAIR_caption_jp": 11.999999731779099,
    "eval/R@10/t2i/STAIR_caption_jp": 18.700000643730164,
    "eval/R@1/i2t/MIC_caption_de": 29.600000381469727,
    "eval/R@5/i2t/MIC_caption_de": 57.30000138282776,
    "eval/R@10/i2t/MIC_caption_de": 70.39999961853027,
    "eval/R@1/t2i/MIC_caption_de": 20.29999941587448,
    "eval/R@5/t2i/MIC_caption_de": 41.4000004529953,
    "eval/R@10/t2i/MIC_caption_de": 55.400002002716064,
    "eval/R@1/i2t/MIC_caption_fr": 34.700000286102295,
    "eval/R@5/i2t/MIC_caption_fr": 60.9000027179718,
    "eval/R@10/i2t/MIC_caption_fr": 72.69999980926514,
    "eval/R@1/t2i/MIC_caption_fr": 30.700001120567322,
    "eval/R@5/t2i/MIC_caption_fr": 55.50000071525574,
    "eval/R@10/t2i/MIC_caption_fr": 67.00000166893005,
    "eval/avg_metric_t2i": 26.484848619579818,
    "eval/avg_metric_i2t": 32.70303048475674,
    "eval/avg_metric": 29.59393955216828
}