{
    "eval/R@1/i2t/XTD10_captions_it": 25.600001215934753,
    "eval/R@5/i2t/XTD10_captions_it": 51.20000243186951,
    "eval/R@10/i2t/XTD10_captions_it": 62.199997901916504,
    "eval/R@1/t2i/XTD10_captions_it": 23.29999953508377,
    "eval/R@5/t2i/XTD10_captions_it": 45.39999961853027,
    "eval/R@10/t2i/XTD10_captions_it": 58.30000042915344,
    "eval/R@1/i2t/XTD10_captions_ru": 1.7000000923871994,
    "eval/R@5/i2t/XTD10_captions_ru": 3.500000014901161,
    "eval/R@10/i2t/XTD10_captions_ru": 5.499999970197678,
    "eval/R@1/t2i/XTD10_captions_ru": 1.3000000268220901,
    "eval/R@5/t2i/XTD10_captions_ru": 3.2999999821186066,
    "eval/R@10/t2i/XTD10_captions_ru": 4.399999976158142,
    "eval/R@1/i2t/XTD10_captions_en": 63.099998235702515,
    "eval/R@5/i2t/XTD10_captions_en": 89.3999993801117,
    "eval/R@10/i2t/XTD10_captions_en": 95.80000042915344,
    "eval/R@1/t2i/XTD10_captions_en": 65.70000052452087,
    "eval/R@5/t2i/XTD10_captions_en": 88.49999904632568,
    "eval/R@10/t2i/XTD10_captions_en": 94.9999988079071,
    "eval/R@1/i2t/XTD10_captions_pl": 5.60000017285347,
    "eval/R@5/i2t/XTD10_captions_pl": 15.299999713897705,
    "eval/R@10/i2t/XTD10_captions_pl": 21.699999272823334,
    "eval/R@1/t2i/XTD10_captions_pl": 4.30000014603138,
    "eval/R@5/t2i/XTD10_captions_pl": 10.899999737739563,
    "eval/R@10/t2i/XTD10_captions_pl": 16.79999977350235,
    "eval/R@1/i2t/XTD10_captions_tr": 3.9000000804662704,
    "eval/R@5/i2t/XTD10_captions_tr": 9.49999988079071,
    "eval/R@10/i2t/XTD10_captions_tr": 14.100000262260437,
    "eval/R@1/t2i/XTD10_captions_tr": 2.8999999165534973,
    "eval/R@5/t2i/XTD10_captions_tr": 7.000000029802322,
    "eval/R@10/t2i/XTD10_captions_tr": 10.899999737739563,
    "eval/R@1/i2t/XTD10_captions_zh": 3.2999999821186066,
    "eval/R@5/i2t/XTD10_captions_zh": 7.299999892711639,
    "eval/R@10/i2t/XTD10_captions_zh": 11.800000071525574,
    "eval/R@1/t2i/XTD10_captions_zh": 1.4000000432133675,
    "eval/R@5/t2i/XTD10_captions_zh": 4.500000178813934,
    "eval/R@10/t2i/XTD10_captions_zh": 7.500000298023224,
    "eval/R@1/i2t/XTD10_captions_ko": 0.6000000052154064,
    "eval/R@5/i2t/XTD10_captions_ko": 1.4999999664723873,
    "eval/R@10/i2t/XTD10_captions_ko": 2.0999999716877937,
    "eval/R@1/t2i/XTD10_captions_ko": 0.4000000189989805,
    "eval/R@5/t2i/XTD10_captions_ko": 1.2000000104308128,
    "eval/R@10/t2i/XTD10_captions_ko": 1.899999938905239,
    "eval/R@1/i2t/XTD10_captions_es": 31.700000166893005,
    "eval/R@5/i2t/XTD10_captions_es": 55.69999814033508,
    "eval/R@10/i2t/XTD10_captions_es": 68.50000023841858,
    "eval/R@1/t2i/XTD10_captions_es": 31.90000057220459,
    "eval/R@5/t2i/XTD10_captions_es": 56.09999895095825,
    "eval/R@10/t2i/XTD10_captions_es": 67.79999732971191,
    "eval/R@1/i2t/STAIR_caption_jp": 2.800000086426735,
    "eval/R@5/i2t/STAIR_caption_jp": 9.300000220537186,
    "eval/R@10/i2t/STAIR_caption_jp": 13.199999928474426,
    "eval/R@1/t2i/STAIR_caption_jp": 2.6000000536441803,
    "eval/R@5/t2i/STAIR_caption_jp": 7.100000232458115,
    "eval/R@10/t2i/STAIR_caption_jp": 9.799999743700027,
    "eval/R@1/i2t/MIC_caption_de": 26.399999856948853,
    "eval/R@5/i2t/MIC_caption_de": 50.0,
    "eval/R@10/i2t/MIC_caption_de": 61.900001764297485,
    "eval/R@1/t2i/MIC_caption_de": 23.19999933242798,
    "eval/R@5/t2i/MIC_caption_de": 48.69999885559082,
    "eval/R@10/t2i/MIC_caption_de": 61.500000953674316,
    "eval/R@1/i2t/MIC_caption_fr": 38.89999985694885,
    "eval/R@5/i2t/MIC_caption_fr": 67.00000166893005,
    "eval/R@10/i2t/MIC_caption_fr": 78.20000052452087,
    "eval/R@1/t2i/MIC_caption_fr": 38.89999985694885,
    "eval/R@5/t2i/MIC_caption_fr": 66.90000295639038,
    "eval/R@10/t2i/MIC_caption_fr": 77.39999890327454,
    "eval/avg_metric_t2i": 28.69090895507146,
    "eval/avg_metric_i2t": 30.251515193870574,
    "eval/avg_metric": 29.47121207447102
}