{
    "eval/R@1/i2t/XTD10_captions_it": 0.20000000949949026,
    "eval/R@5/i2t/XTD10_captions_it": 0.20000000949949026,
    "eval/R@10/i2t/XTD10_captions_it": 0.800000037997961,
    "eval/R@1/t2i/XTD10_captions_it": 0.20000000949949026,
    "eval/R@5/t2i/XTD10_captions_it": 0.20000000949949026,
    "eval/R@10/t2i/XTD10_captions_it": 0.800000037997961,
    "eval/R@1/i2t/XTD10_captions_ru": 0.10000000474974513,
    "eval/R@5/i2t/XTD10_captions_ru": 0.7000000216066837,
    "eval/R@10/i2t/XTD10_captions_ru": 0.9999999776482582,
    "eval/R@1/t2i/XTD10_captions_ru": 0.10000000474974513,
    "eval/R@5/t2i/XTD10_captions_ru": 0.7000000216066837,
    "eval/R@10/t2i/XTD10_captions_ru": 0.9999999776482582,
    "eval/R@1/i2t/XTD10_captions_en": 0.3000000026077032,
    "eval/R@5/i2t/XTD10_captions_en": 0.8999999612569809,
    "eval/R@10/i2t/XTD10_captions_en": 1.600000075995922,
    "eval/R@1/t2i/XTD10_captions_en": 0.3000000026077032,
    "eval/R@5/t2i/XTD10_captions_en": 0.8999999612569809,
    "eval/R@10/t2i/XTD10_captions_en": 1.600000075995922,
    "eval/R@1/i2t/XTD10_captions_pl": 0.0,
    "eval/R@5/i2t/XTD10_captions_pl": 0.9999999776482582,
    "eval/R@10/i2t/XTD10_captions_pl": 1.600000075995922,
    "eval/R@1/t2i/XTD10_captions_pl": 0.0,
    "eval/R@5/t2i/XTD10_captions_pl": 0.9999999776482582,
    "eval/R@10/t2i/XTD10_captions_pl": 1.600000075995922,
    "eval/R@1/i2t/XTD10_captions_tr": 0.10000000474974513,
    "eval/R@5/i2t/XTD10_captions_tr": 0.7000000216066837,
    "eval/R@10/i2t/XTD10_captions_tr": 1.3000000268220901,
    "eval/R@1/t2i/XTD10_captions_tr": 0.10000000474974513,
    "eval/R@5/t2i/XTD10_captions_tr": 0.7000000216066837,
    "eval/R@10/t2i/XTD10_captions_tr": 1.3000000268220901,
    "eval/R@1/i2t/XTD10_captions_zh": 0.10000000474974513,
    "eval/R@5/i2t/XTD10_captions_zh": 0.20000000949949026,
    "eval/R@10/i2t/XTD10_captions_zh": 0.7000000216066837,
    "eval/R@1/t2i/XTD10_captions_zh": 0.10000000474974513,
    "eval/R@5/t2i/XTD10_captions_zh": 0.20000000949949026,
    "eval/R@10/t2i/XTD10_captions_zh": 0.7000000216066837,
    "eval/R@1/i2t/XTD10_captions_ko": 0.10000000474974513,
    "eval/R@5/i2t/XTD10_captions_ko": 0.4999999888241291,
    "eval/R@10/i2t/XTD10_captions_ko": 1.3000000268220901,
    "eval/R@1/t2i/XTD10_captions_ko": 0.10000000474974513,
    "eval/R@5/t2i/XTD10_captions_ko": 0.4999999888241291,
    "eval/R@10/t2i/XTD10_captions_ko": 1.3000000268220901,
    "eval/R@1/i2t/XTD10_captions_es": 0.10000000474974513,
    "eval/R@5/i2t/XTD10_captions_es": 0.800000037997961,
    "eval/R@10/i2t/XTD10_captions_es": 1.600000075995922,
    "eval/R@1/t2i/XTD10_captions_es": 0.10000000474974513,
    "eval/R@5/t2i/XTD10_captions_es": 0.800000037997961,
    "eval/R@10/t2i/XTD10_captions_es": 1.600000075995922,
    "eval/R@1/i2t/STAIR_caption_jp": 0.20000000949949026,
    "eval/R@5/i2t/STAIR_caption_jp": 0.6000000052154064,
    "eval/R@10/i2t/STAIR_caption_jp": 1.0999999940395355,
    "eval/R@1/t2i/STAIR_caption_jp": 0.20000000949949026,
    "eval/R@5/t2i/STAIR_caption_jp": 0.6000000052154064,
    "eval/R@10/t2i/STAIR_caption_jp": 1.0999999940395355,
    "eval/R@1/i2t/MIC_caption_de": 0.20000000949949026,
    "eval/R@5/i2t/MIC_caption_de": 0.7000000216066837,
    "eval/R@10/i2t/MIC_caption_de": 1.4999999664723873,
    "eval/R@1/t2i/MIC_caption_de": 0.20000000949949026,
    "eval/R@5/t2i/MIC_caption_de": 0.7000000216066837,
    "eval/R@10/t2i/MIC_caption_de": 1.4999999664723873,
    "eval/R@1/i2t/MIC_caption_fr": 0.0,
    "eval/R@5/i2t/MIC_caption_fr": 0.20000000949949026,
    "eval/R@10/i2t/MIC_caption_fr": 1.0999999940395355,
    "eval/R@1/t2i/MIC_caption_fr": 0.0,
    "eval/R@5/t2i/MIC_caption_fr": 0.20000000949949026,
    "eval/R@10/t2i/MIC_caption_fr": 1.0999999940395355,
    "eval/avg_metric_t2i": 0.6515151634106807,
    "eval/avg_metric_i2t": 0.6515151634106807,
    "eval/avg_metric": 0.6515151634106807
}