{
    "eng_Latn": {
        "text_to_image": {
            "recall@1": 14.75598086124402,
            "recall@5": 36.72727272727273,
            "recall@10": 49.91387559808612
        },
        "image_to_text": {
            "recall@1": 19.425837320574164,
            "recall@5": 47.751196172248804,
            "recall@10": 60.86124401913876
        }
    }
}