{
    "eng_Latn": {
        "text_to_image": {
            "recall@1": 14.14354066985646,
            "recall@5": 36.9377990430622,
            "recall@10": 49.32057416267943
        },
        "image_to_text": {
            "recall@1": 22.29665071770335,
            "recall@5": 45.933014354066984,
            "recall@10": 58.08612440191388
        }
    }
}