{
    "ben_Beng": {
        "text_to_image": {
            "recall@1": 6.0397074190177635,
            "recall@5": 20.480668756530825,
            "recall@10": 29.905956112852664
        },
        "image_to_text": {
            "recall@1": 11.598746081504702,
            "recall@5": 29.153605015673982,
            "recall@10": 40.85684430512017
        }
    },
    "eng_Latn": {
        "text_to_image": {
            "recall@1": 29.968652037617556,
            "recall@5": 66.72936259143155,
            "recall@10": 81.60919540229885
        },
        "image_to_text": {
            "recall@1": 36.886102403343784,
            "recall@5": 70.3239289446186,
            "recall@10": 84.63949843260188
        }
    },
    "guj_Gujr": {
        "text_to_image": {
            "recall@1": 12.58098223615465,
            "recall@5": 35.25600835945664,
            "recall@10": 48.75653082549634
        },
        "image_to_text": {
            "recall@1": 19.853709508881924,
            "recall@5": 45.45454545454545,
            "recall@10": 61.755485893416925
        }
    },
    "hin_Deva": {
        "text_to_image": {
            "recall@1": 18.098223615464995,
            "recall@5": 46.79205851619645,
            "recall@10": 61.9435736677116
        },
        "image_to_text": {
            "recall@1": 25.705329153605014,
            "recall@5": 56.426332288401255,
            "recall@10": 70.63740856844305
        }
    },
    "kan_Knda": {
        "text_to_image": {
            "recall@1": 6.980146290491118,
            "recall@5": 21.650992685475444,
            "recall@10": 31.431556948798328
        },
        "image_to_text": {
            "recall@1": 12.33019853709509,
            "recall@5": 33.12434691745037,
            "recall@10": 46.499477533960295
        }
    },
    "mal_Mlym": {
        "text_to_image": {
            "recall@1": 7.774294670846395,
            "recall@5": 24.618599791013583,
            "recall@10": 35.84117032392894
        },
        "image_to_text": {
            "recall@1": 14.31556948798328,
            "recall@5": 36.7816091954023,
            "recall@10": 48.380355276907004
        }
    },
    "mar_Deva": {
        "text_to_image": {
            "recall@1": 17.03239289446186,
            "recall@5": 42.88401253918495,
            "recall@10": 57.533960292580986
        },
        "image_to_text": {
            "recall@1": 25.182863113897596,
            "recall@5": 54.44096133751306,
            "recall@10": 68.3385579937304
        }
    },
    "npi_Deva": {
        "text_to_image": {
            "recall@1": 9.885057471264368,
            "recall@5": 30.240334378265413,
            "recall@10": 43.510971786833856
        },
        "image_to_text": {
            "recall@1": 16.718913270637408,
            "recall@5": 42.11076280041797,
            "recall@10": 56.84430512016719
        }
    },
    "pan_Guru": {
        "text_to_image": {
            "recall@1": 5.329153605015674,
            "recall@5": 18.0564263322884,
            "recall@10": 27.189132706374085
        },
        "image_to_text": {
            "recall@1": 10.553814002089863,
            "recall@5": 28.526645768025077,
            "recall@10": 39.49843260188088
        }
    },
    "tam_Taml": {
        "text_to_image": {
            "recall@1": 8.631138975966563,
            "recall@5": 25.03657262277952,
            "recall@10": 36.05015673981191
        },
        "image_to_text": {
            "recall@1": 13.584117032392895,
            "recall@5": 35.73667711598746,
            "recall@10": 48.79832810867293
        }
    },
    "tel_Telu": {
        "text_to_image": {
            "recall@1": 6.624869383490073,
            "recall@5": 21.713688610240336,
            "recall@10": 31.912225705329153
        },
        "image_to_text": {
            "recall@1": 12.64367816091954,
            "recall@5": 33.646812957157785,
            "recall@10": 46.39498432601881
        }
    },
    "urd_Arab": {
        "text_to_image": {
            "recall@1": 15.109717868338558,
            "recall@5": 40.06269592476489,
            "recall@10": 53.93939393939394
        },
        "image_to_text": {
            "recall@1": 21.21212121212121,
            "recall@5": 49.843260188087775,
            "recall@10": 65.8307210031348
        }
    }
}