{
    "arb_Arab": {
        "text_to_image": {
            "recall@1": 10.532915360501567,
            "recall@5": 29.780564263322884,
            "recall@10": 42.5914315569488
        },
        "image_to_text": {
            "recall@1": 15.882967607105538,
            "recall@5": 37.19958202716823,
            "recall@10": 52.03761755485893
        }
    },
    "ben_Beng": {
        "text_to_image": {
            "recall@1": 4.702194357366771,
            "recall@5": 15.402298850574713,
            "recall@10": 23.322884012539184
        },
        "image_to_text": {
            "recall@1": 7.836990595611285,
            "recall@5": 22.570532915360502,
            "recall@10": 31.765935214211076
        }
    },
    "ces_Latn": {
        "text_to_image": {
            "recall@1": 12.45559038662487,
            "recall@5": 34.8171368861024,
            "recall@10": 47.7324973876698
        },
        "image_to_text": {
            "recall@1": 14.524555903866249,
            "recall@5": 37.61755485893417,
            "recall@10": 52.66457680250784
        }
    },
    "deu_Latn": {
        "text_to_image": {
            "recall@1": 12.539184952978056,
            "recall@5": 35.29780564263323,
            "recall@10": 49.40438871473354
        },
        "image_to_text": {
            "recall@1": 15.256008359456635,
            "recall@5": 40.43887147335423,
            "recall@10": 55.38140020898641
        }
    },
    "ell_Grek": {
        "text_to_image": {
            "recall@1": 12.2675026123302,
            "recall@5": 33.20794148380355,
            "recall@10": 46.18599791013584
        },
        "image_to_text": {
            "recall@1": 16.19644723092999,
            "recall@5": 39.39393939393939,
            "recall@10": 54.54545454545455
        }
    },
    "eng_Latn": {
        "text_to_image": {
            "recall@1": 18.683385579937305,
            "recall@5": 48.025078369905955,
            "recall@10": 62.5705329153605
        },
        "image_to_text": {
            "recall@1": 21.734587251828632,
            "recall@5": 49.32079414838036,
            "recall@10": 63.53187042842215
        }
    },
    "fra_Latn": {
        "text_to_image": {
            "recall@1": 13.249738766980146,
            "recall@5": 37.34587251828631,
            "recall@10": 50.407523510971785
        },
        "image_to_text": {
            "recall@1": 18.808777429467085,
            "recall@5": 42.73772204806688,
            "recall@10": 58.82967607105538
        }
    },
    "guj_Gujr": {
        "text_to_image": {
            "recall@1": 7.857889237199582,
            "recall@5": 25.120167189132708,
            "recall@10": 35.86206896551724
        },
        "image_to_text": {
            "recall@1": 12.121212121212121,
            "recall@5": 32.39289446185998,
            "recall@10": 46.39498432601881
        }
    },
    "heb_Hebr": {
        "text_to_image": {
            "recall@1": 9.989550679205852,
            "recall@5": 28.568443051201672,
            "recall@10": 41.797283176593524
        },
        "image_to_text": {
            "recall@1": 13.270637408568444,
            "recall@5": 35.214211076280044,
            "recall@10": 48.58934169278997
        }
    },
    "hin_Deva": {
        "text_to_image": {
            "recall@1": 12.225705329153605,
            "recall@5": 33.500522466039705,
            "recall@10": 46.68756530825496
        },
        "image_to_text": {
            "recall@1": 16.300940438871475,
            "recall@5": 41.06583072100314,
            "recall@10": 56.530825496342736
        }
    },
    "ind_Latn": {
        "text_to_image": {
            "recall@1": 13.145245559038662,
            "recall@5": 35.23510971786834,
            "recall@10": 49.341692789968654
        },
        "image_to_text": {
            "recall@1": 15.464994775339603,
            "recall@5": 41.06583072100314,
            "recall@10": 57.784743991640546
        }
    },
    "ita_Latn": {
        "text_to_image": {
            "recall@1": 12.852664576802507,
            "recall@5": 35.40229885057471,
            "recall@10": 48.84012539184953
        },
        "image_to_text": {
            "recall@1": 16.823406478578892,
            "recall@5": 42.52873563218391,
            "recall@10": 55.69487983281087
        }
    },
    "jpn_Jpan": {
        "text_to_image": {
            "recall@1": 10.198537095088819,
            "recall@5": 31.682340647857888,
            "recall@10": 44.63949843260188
        },
        "image_to_text": {
            "recall@1": 15.256008359456635,
            "recall@5": 42.00626959247649,
            "recall@10": 58.202716823406476
        }
    },
    "kan_Knda": {
        "text_to_image": {
            "recall@1": 4.932079414838036,
            "recall@5": 15.715778474399164,
            "recall@10": 24.137931034482758
        },
        "image_to_text": {
            "recall@1": 7.523510971786834,
            "recall@5": 23.719958202716825,
            "recall@10": 35.214211076280044
        }
    },
    "kor_Hang": {
        "text_to_image": {
            "recall@1": 10.491118077324973,
            "recall@5": 31.452455590386624,
            "recall@10": 43.13479623824451
        },
        "image_to_text": {
            "recall@1": 13.897596656217345,
            "recall@5": 38.87147335423197,
            "recall@10": 54.96342737722048
        }
    },
    "mal_Mlym": {
        "text_to_image": {
            "recall@1": 5.433646812957158,
            "recall@5": 18.035527690700103,
            "recall@10": 26.980146290491117
        },
        "image_to_text": {
            "recall@1": 8.881922675026123,
            "recall@5": 25.391849529780565,
            "recall@10": 37.30407523510972
        }
    },
    "mar_Deva": {
        "text_to_image": {
            "recall@1": 11.138975966562173,
            "recall@5": 30.428422152560085,
            "recall@10": 43.322884012539184
        },
        "image_to_text": {
            "recall@1": 15.151515151515152,
            "recall@5": 41.37931034482759,
            "recall@10": 54.44096133751306
        }
    },
    "nld_Latn": {
        "text_to_image": {
            "recall@1": 13.66771159874608,
            "recall@5": 37.03239289446186,
            "recall@10": 50.9926854754441
        },
        "image_to_text": {
            "recall@1": 14.942528735632184,
            "recall@5": 42.63322884012539,
            "recall@10": 56.84430512016719
        }
    },
    "npi_Deva": {
        "text_to_image": {
            "recall@1": 6.8756530825496345,
            "recall@5": 22.17345872518286,
            "recall@10": 32.20480668756531
        },
        "image_to_text": {
            "recall@1": 10.240334378265413,
            "recall@5": 29.36259143155695,
            "recall@10": 40.125391849529784
        }
    },
    "pan_Guru": {
        "text_to_image": {
            "recall@1": 4.221525600835946,
            "recall@5": 13.918495297805643,
            "recall@10": 21.191222570532915
        },
        "image_to_text": {
            "recall@1": 7.41901776384535,
            "recall@5": 21.42110762800418,
            "recall@10": 29.780564263322884
        }
    },
    "pes_Arab": {
        "text_to_image": {
            "recall@1": 11.80773249738767,
            "recall@5": 34.148380355276906,
            "recall@10": 47.878787878787875
        },
        "image_to_text": {
            "recall@1": 16.614420062695924,
            "recall@5": 42.11076280041797,
            "recall@10": 57.784743991640546
        }
    },
    "pol_Latn": {
        "text_to_image": {
            "recall@1": 11.849529780564263,
            "recall@5": 33.22884012539185,
            "recall@10": 46.499477533960295
        },
        "image_to_text": {
            "recall@1": 14.942528735632184,
            "recall@5": 39.28944618599791,
            "recall@10": 52.66457680250784
        }
    },