{
    "arb_Arab": {
        "text_to_image": {
            "recall@1": 15.632183908045977,
            "recall@5": 41.02403343782654,
            "recall@10": 55.79937304075235
        },
        "image_to_text": {
            "recall@1": 24.45141065830721,
            "recall@5": 53.70950888192267,
            "recall@10": 69.27899686520377
        }
    },
    "ben_Beng": {
        "text_to_image": {
            "recall@1": 6.0397074190177635,
            "recall@5": 20.480668756530825,
            "recall@10": 29.905956112852664
        },
        "image_to_text": {
            "recall@1": 11.598746081504702,
            "recall@5": 29.153605015673982,
            "recall@10": 40.85684430512017
        }
    },
    "ces_Latn": {
        "text_to_image": {
            "recall@1": 18.934169278996865,
            "recall@5": 48.484848484848484,
            "recall@10": 63.9080459770115
        },
        "image_to_text": {
            "recall@1": 25.182863113897596,
            "recall@5": 58.098223615464995,
            "recall@10": 74.60815047021944
        }
    },
    "deu_Latn": {
        "text_to_image": {
            "recall@1": 20.062695924764892,
            "recall@5": 50.867293625914314,
            "recall@10": 65.37095088819227
        },
        "image_to_text": {
            "recall@1": 29.46708463949843,
            "recall@5": 63.53187042842215,
            "recall@10": 76.48902821316615
        }
    },
    "ell_Grek": {
        "text_to_image": {
            "recall@1": 19.811912225705328,
            "recall@5": 47.0846394984326,
            "recall@10": 60.91954022988506
        },
        "image_to_text": {
            "recall@1": 27.690700104493207,
            "recall@5": 59.24764890282132,
            "recall@10": 73.87669801462904
        }
    },
    "eng_Latn": {
        "text_to_image": {
            "recall@1": 29.968652037617556,
            "recall@5": 66.72936259143155,
            "recall@10": 81.60919540229885
        },
        "image_to_text": {
            "recall@1": 36.886102403343784,
            "recall@5": 70.3239289446186,
            "recall@10": 84.63949843260188
        }
    },
    "fra_Latn": {
        "text_to_image": {
            "recall@1": 21.274817136886103,
            "recall@5": 52.72727272727273,
            "recall@10": 66.85475444096134
        },
        "image_to_text": {
            "recall@1": 29.36259143155695,
            "recall@5": 63.94984326018809,
            "recall@10": 77.74294670846395
        }
    },
    "guj_Gujr": {
        "text_to_image": {
            "recall@1": 12.58098223615465,
            "recall@5": 35.25600835945664,
            "recall@10": 48.75653082549634
        },
        "image_to_text": {
            "recall@1": 19.853709508881924,
            "recall@5": 45.45454545454545,
            "recall@10": 61.755485893416925
        }
    },
    "heb_Hebr": {
        "text_to_image": {
            "recall@1": 15.402298850574713,
            "recall@5": 40.18808777429467,
            "recall@10": 54.12748171368861
        },
        "image_to_text": {
            "recall@1": 25.809822361546498,
            "recall@5": 54.12748171368861,
            "recall@10": 68.12957157784744
        }
    },
    "hin_Deva": {
        "text_to_image": {
            "recall@1": 18.098223615464995,
            "recall@5": 46.79205851619645,
            "recall@10": 61.9435736677116
        },
        "image_to_text": {
            "recall@1": 25.705329153605014,
            "recall@5": 56.426332288401255,
            "recall@10": 70.63740856844305
        }
    },
    "ind_Latn": {
        "text_to_image": {
            "recall@1": 19.728317659352143,
            "recall@5": 49.27899686520376,
            "recall@10": 63.09299895506792
        },
        "image_to_text": {
            "recall@1": 29.36259143155695,
            "recall@5": 61.54649947753396,
            "recall@10": 75.54858934169279
        }
    },
    "ita_Latn": {
        "text_to_image": {
            "recall@1": 18.82967607105538,
            "recall@5": 48.50574712643678,
            "recall@10": 62.92580982236154
        },
        "image_to_text": {
            "recall@1": 27.272727272727273,
            "recall@5": 59.3521421107628,
            "recall@10": 73.77220480668757
        }
    },
    "jpn_Jpan": {
        "text_to_image": {
            "recall@1": 19.49843260188088,
            "recall@5": 46.750261233019856,
            "recall@10": 61.2957157784744
        },
        "image_to_text": {
            "recall@1": 29.46708463949843,
            "recall@5": 61.02403343782654,
            "recall@10": 73.87669801462904
        }
    },
    "kan_Knda": {
        "text_to_image": {
            "recall@1": 6.980146290491118,
            "recall@5": 21.650992685475444,
            "recall@10": 31.431556948798328
        },
        "image_to_text": {
            "recall@1": 12.33019853709509,
            "recall@5": 33.12434691745037,
            "recall@10": 46.499477533960295
        }
    },
    "kor_Hang": {
        "text_to_image": {
            "recall@1": 17.24137931034483,
            "recall@5": 44.13793103448276,
            "recall@10": 59.08045977011494
        },
        "image_to_text": {
            "recall@1": 24.869383490073144,
            "recall@5": 55.79937304075235,
            "recall@10": 69.90595611285266
        }
    },
    "mal_Mlym": {
        "text_to_image": {
            "recall@1": 7.774294670846395,
            "recall@5": 24.618599791013583,
            "recall@10": 35.84117032392894
        },
        "image_to_text": {
            "recall@1": 14.31556948798328,
            "recall@5": 36.7816091954023,
            "recall@10": 48.380355276907004
        }
    },
    "mar_Deva": {
        "text_to_image": {
            "recall@1": 17.03239289446186,
            "recall@5": 42.88401253918495,
            "recall@10": 57.533960292580986
        },
        "image_to_text": {
            "recall@1": 25.182863113897596,
            "recall@5": 54.44096133751306,
            "recall@10": 68.3385579937304
        }
    },
    "nld_Latn": {
        "text_to_image": {
            "recall@1": 20.355276907001045,
            "recall@5": 50.303030303030305,
            "recall@10": 65.93521421107629
        },
        "image_to_text": {
            "recall@1": 27.377220480668758,
            "recall@5": 61.23301985370951,
            "recall@10": 75.4440961337513
        }
    },
    "npi_Deva": {
        "text_to_image": {
            "recall@1": 9.885057471264368,
            "recall@5": 30.240334378265413,
            "recall@10": 43.510971786833856
        },
        "image_to_text": {
            "recall@1": 16.718913270637408,
            "recall@5": 42.11076280041797,
            "recall@10": 56.84430512016719
        }
    },
    "pan_Guru": {
        "text_to_image": {
            "recall@1": 5.329153605015674,
            "recall@5": 18.0564263322884,
            "recall@10": 27.189132706374085
        },
        "image_to_text": {
            "recall@1": 10.553814002089863,
            "recall@5": 28.526645768025077,
            "recall@10": 39.49843260188088
        }
    },
    "pes_Arab": {
        "text_to_image": {
            "recall@1": 19.247648902821318,
            "recall@5": 47.69070010449321,
            "recall@10": 62.94670846394985
        },
        "image_to_text": {
            "recall@1": 28.735632183908045,
            "recall@5": 60.81504702194357,
            "recall@10": 73.98119122257053
        }
    },
    "pol_Latn": {
        "text_to_image": {
            "recall@1": 17.86833855799373,
            "recall@5": 46.62486938349007,
            "recall@10": 60.835945663531874
        },
        "image_to_text": {
            "recall@1": 28.84012539184953,
            "recall@5": 60.60606060606061,
            "recall@10": 74.60815047021944
        }
    },