{
    "arb_Arab": {
        "text_to_image": {
            "recall@1": 11.74503657262278,
            "recall@5": 31.93312434691745,
            "recall@10": 45.72622779519331
        },
        "image_to_text": {
            "recall@1": 19.22675026123302,
            "recall@5": 45.76802507836991,
            "recall@10": 61.02403343782654
        }
    },
    "ben_Beng": {
        "text_to_image": {
            "recall@1": 4.326018808777429,
            "recall@5": 14.420062695924765,
            "recall@10": 23.239289446186
        },
        "image_to_text": {
            "recall@1": 9.717868338557993,
            "recall@5": 26.018808777429467,
            "recall@10": 35.214211076280044
        }
    },
    "ces_Latn": {
        "text_to_image": {
            "recall@1": 16.091954022988507,
            "recall@5": 43.07210031347962,
            "recall@10": 57.4294670846395
        },
        "image_to_text": {
            "recall@1": 23.301985370950888,
            "recall@5": 52.14211076280042,
            "recall@10": 65.8307210031348
        }
    },
    "deu_Latn": {
        "text_to_image": {
            "recall@1": 16.07105538140021,
            "recall@5": 42.27795193312435,
            "recall@10": 58.160919540229884
        },
        "image_to_text": {
            "recall@1": 23.82445141065831,
            "recall@5": 52.14211076280042,
            "recall@10": 68.75653082549634
        }
    },
    "ell_Grek": {
        "text_to_image": {
            "recall@1": 15.423197492163009,
            "recall@5": 40.98223615464995,
            "recall@10": 55.172413793103445
        },
        "image_to_text": {
            "recall@1": 22.25705329153605,
            "recall@5": 53.91849529780564,
            "recall@10": 68.86102403343783
        }
    },
    "eng_Latn": {
        "text_to_image": {
            "recall@1": 27.586206896551722,
            "recall@5": 62.403343782654126,
            "recall@10": 77.19958202716823
        },
        "image_to_text": {
            "recall@1": 30.407523510971785,
            "recall@5": 68.12957157784744,
            "recall@10": 81.50470219435736
        }
    },
    "fra_Latn": {
        "text_to_image": {
            "recall@1": 16.300940438871475,
            "recall@5": 44.59770114942529,
            "recall@10": 60.50156739811912
        },
        "image_to_text": {
            "recall@1": 24.346917450365726,
            "recall@5": 55.90386624869384,
            "recall@10": 69.48798328108673
        }
    },
    "guj_Gujr": {
        "text_to_image": {
            "recall@1": 8.025078369905955,
            "recall@5": 25.768025078369906,
            "recall@10": 38.03552769070011
        },
        "image_to_text": {
            "recall@1": 15.047021943573668,
            "recall@5": 40.020898641588296,
            "recall@10": 53.082549634273775
        }
    },
    "heb_Hebr": {
        "text_to_image": {
            "recall@1": 12.246603970741901,
            "recall@5": 34.503657262277954,
            "recall@10": 48.46394984326019
        },
        "image_to_text": {
            "recall@1": 19.017763845350053,
            "recall@5": 46.18599791013584,
            "recall@10": 61.755485893416925
        }
    },
    "hin_Deva": {
        "text_to_image": {
            "recall@1": 12.936259143155695,
            "recall@5": 37.387669801462906,
            "recall@10": 52.60188087774295
        },
        "image_to_text": {
            "recall@1": 20.37617554858934,
            "recall@5": 48.79832810867293,
            "recall@10": 63.2183908045977
        }
    },
    "ind_Latn": {
        "text_to_image": {
            "recall@1": 15.61128526645768,
            "recall@5": 43.07210031347962,
            "recall@10": 58.62068965517241
        },
        "image_to_text": {
            "recall@1": 21.9435736677116,
            "recall@5": 52.2466039707419,
            "recall@10": 68.3385579937304
        }
    },
    "ita_Latn": {
        "text_to_image": {
            "recall@1": 16.17554858934169,
            "recall@5": 43.28108672936259,
            "recall@10": 57.93103448275862
        },
        "image_to_text": {
            "recall@1": 22.988505747126435,
            "recall@5": 52.76907001044932,
            "recall@10": 67.29362591431557
        }
    },
    "jpn_Jpan": {
        "text_to_image": {
            "recall@1": 11.640543364681296,
            "recall@5": 35.15151515151515,
            "recall@10": 50.240334378265416
        },
        "image_to_text": {
            "recall@1": 23.719958202716825,
            "recall@5": 52.35109717868338,
            "recall@10": 66.66666666666667
        }
    },
    "kan_Knda": {
        "text_to_image": {
            "recall@1": 4.075235109717869,
            "recall@5": 14.77533960292581,
            "recall@10": 23.719958202716825
        },
        "image_to_text": {
            "recall@1": 9.822361546499478,
            "recall@5": 27.063740856844305,
            "recall@10": 38.244514106583075
        }
    },
    "kor_Hang": {
        "text_to_image": {
            "recall@1": 11.138975966562173,
            "recall@5": 33.93939393939394,
            "recall@10": 48.12957157784744
        },
        "image_to_text": {
            "recall@1": 19.122257053291538,
            "recall@5": 47.96238244514107,
            "recall@10": 63.113897596656216
        }
    },
    "mal_Mlym": {
        "text_to_image": {
            "recall@1": 5.141065830721003,
            "recall@5": 17.199582027168233,
            "recall@10": 26.185997910135843
        },
        "image_to_text": {
            "recall@1": 11.180773249738767,
            "recall@5": 31.87042842215256,
            "recall@10": 43.15569487983281
        }
    },
    "mar_Deva": {
        "text_to_image": {
            "recall@1": 11.055381400208987,
            "recall@5": 31.49425287356322,
            "recall@10": 46.4367816091954
        },
        "image_to_text": {
            "recall@1": 18.495297805642632,
            "recall@5": 45.66353187042842,
            "recall@10": 61.85997910135841
        }
    },
    "nld_Latn": {
        "text_to_image": {
            "recall@1": 17.99373040752351,
            "recall@5": 45.93521421107628,
            "recall@10": 61.00313479623824
        },
        "image_to_text": {
            "recall@1": 23.82445141065831,
            "recall@5": 55.172413793103445,
            "recall@10": 69.90595611285266
        }
    },
    "npi_Deva": {
        "text_to_image": {
            "recall@1": 6.478578892371996,
            "recall@5": 21.442006269592476,
            "recall@10": 33.93939393939394
        },
        "image_to_text": {
            "recall@1": 12.33019853709509,
            "recall@5": 33.333333333333336,
            "recall@10": 47.43991640543365
        }
    },
    "pan_Guru": {
        "text_to_image": {
            "recall@1": 4.221525600835946,
            "recall@5": 13.5423197492163,
            "recall@10": 22.44514106583072
        },
        "image_to_text": {
            "recall@1": 8.568443051201672,
            "recall@5": 24.033437826541274,
            "recall@10": 34.79623824451411
        }
    },
    "pes_Arab": {
        "text_to_image": {
            "recall@1": 13.270637408568444,
            "recall@5": 39.122257053291534,
            "recall@10": 54.608150470219435
        },
        "image_to_text": {
            "recall@1": 22.675026123301986,
            "recall@5": 53.082549634273775,
            "recall@10": 69.59247648902821
        }
    },
    "pol_Latn": {
        "text_to_image": {
            "recall@1": 12.351097178683386,
            "recall@5": 36.7816091954023,
            "recall@10": 52.03761755485893
        },
        "image_to_text": {
            "recall@1": 22.04806687565308,
            "recall@5": 50.57471264367816,
            "recall@10": 65.93521421107629
        }
    },