{
    "eng_Latn": {
        "text_to_image": {
            "recall@1": 23.448275862068964,
            "recall@5": 55.820271682340646,
            "recall@10": 70.28213166144201
        },
        "image_to_text": {
            "recall@1": 23.82445141065831,
            "recall@5": 59.979101358411704,
            "recall@10": 74.39916405433647
        }
    }
}