{
    "eng_Latn": {
        "text_to_image": {
            "recall@1": 34.1692789968652,
            "recall@5": 69.84326018808777,
            "recall@10": 83.40647857889238
        },
        "image_to_text": {
            "recall@1": 44.09613375130616,
            "recall@5": 79.3103448275862,
            "recall@10": 89.75966562173458
        }
    }
}