{
    "arb_Arab": {
        "text_to_image": {
            "recall@1": 7.215311004784689,
            "recall@5": 23.23444976076555,
            "recall@10": 34.27751196172249
        },
        "image_to_text": {
            "recall@1": 10.909090909090908,
            "recall@5": 29.1866028708134,
            "recall@10": 42.00956937799043
        }
    },
    "ben_Beng": {
        "text_to_image": {
            "recall@1": 2.9473684210526314,
            "recall@5": 11.10047846889952,
            "recall@10": 18.794258373205743
        },
        "image_to_text": {
            "recall@1": 6.124401913875598,
            "recall@5": 15.69377990430622,
            "recall@10": 24.114832535885167
        }
    },
    "ces_Latn": {
        "text_to_image": {
            "recall@1": 7.904306220095694,
            "recall@5": 25.66507177033493,
            "recall@10": 37.473684210526315
        },
        "image_to_text": {
            "recall@1": 12.440191387559809,
            "recall@5": 29.952153110047846,
            "recall@10": 41.5311004784689
        }
    },
    "deu_Latn": {
        "text_to_image": {
            "recall@1": 9.186602870813397,
            "recall@5": 26.851674641148325,
            "recall@10": 37.68421052631579
        },
        "image_to_text": {
            "recall@1": 13.875598086124402,
            "recall@5": 30.90909090909091,
            "recall@10": 43.1578947368421
        }
    },
    "ell_Grek": {
        "text_to_image": {
            "recall@1": 8.229665071770334,
            "recall@5": 25.033492822966508,
            "recall@10": 35.942583732057415
        },
        "image_to_text": {
            "recall@1": 12.15311004784689,
            "recall@5": 29.56937799043062,
            "recall@10": 41.24401913875598
        }
    },
    "eng_Latn": {
        "text_to_image": {
            "recall@1": 12.401913875598087,
            "recall@5": 34.3732057416268,
            "recall@10": 47.78947368421053
        },
        "image_to_text": {
            "recall@1": 16.650717703349283,
            "recall@5": 36.07655502392345,
            "recall@10": 50.622009569377994
        }
    },
    "fra_Latn": {
        "text_to_image": {
            "recall@1": 9.282296650717702,
            "recall@5": 27.980861244019138,
            "recall@10": 40.421052631578945
        },
        "image_to_text": {
            "recall@1": 13.110047846889952,
            "recall@5": 33.588516746411486,
            "recall@10": 44.5933014354067
        }
    },
    "guj_Gujr": {
        "text_to_image": {
            "recall@1": 5.55023923444976,
            "recall@5": 17.85645933014354,
            "recall@10": 25.913875598086126
        },
        "image_to_text": {
            "recall@1": 9.665071770334928,
            "recall@5": 24.976076555023923,
            "recall@10": 34.83253588516747
        }
    },
    "heb_Hebr": {
        "text_to_image": {
            "recall@1": 7.636363636363637,
            "recall@5": 23.464114832535884,
            "recall@10": 34.10526315789474
        },
        "image_to_text": {
            "recall@1": 11.196172248803828,
            "recall@5": 28.995215311004785,
            "recall@10": 38.94736842105263
        }
    },
    "hin_Deva": {
        "text_to_image": {
            "recall@1": 8.287081339712918,
            "recall@5": 25.492822966507177,
            "recall@10": 36.76555023923445
        },
        "image_to_text": {
            "recall@1": 12.822966507177034,
            "recall@5": 30.33492822966507,
            "recall@10": 42.48803827751196
        }
    },
    "ind_Latn": {
        "text_to_image": {
            "recall@1": 9.55023923444976,
            "recall@5": 27.559808612440193,
            "recall@10": 39.751196172248804
        },
        "image_to_text": {
            "recall@1": 12.057416267942584,
            "recall@5": 32.344497607655505,
            "recall@10": 44.78468899521531
        }
    },
    "ita_Latn": {
        "text_to_image": {
            "recall@1": 8.937799043062201,
            "recall@5": 26.239234449760765,
            "recall@10": 38.18181818181818
        },
        "image_to_text": {
            "recall@1": 12.15311004784689,
            "recall@5": 33.014354066985646,
            "recall@10": 44.11483253588517
        }
    },
    "jpn_Jpan": {
        "text_to_image": {
            "recall@1": 9.320574162679426,
            "recall@5": 26.832535885167463,
            "recall@10": 38.60287081339713
        },
        "image_to_text": {
            "recall@1": 13.588516746411484,
            "recall@5": 34.066985645933016,
            "recall@10": 45.45454545454545
        }
    },
    "kan_Knda": {
        "text_to_image": {
            "recall@1": 2.889952153110048,
            "recall@5": 10.92822966507177,
            "recall@10": 17.205741626794257
        },
        "image_to_text": {
            "recall@1": 4.976076555023924,
            "recall@5": 15.980861244019138,
            "recall@10": 25.645933014354068
        }
    },
    "kor_Hang": {
        "text_to_image": {
            "recall@1": 7.54066985645933,
            "recall@5": 23.84688995215311,
            "recall@10": 34.985645933014354
        },
        "image_to_text": {
            "recall@1": 12.344497607655502,
            "recall@5": 29.473684210526315,
            "recall@10": 42.77511961722488
        }
    },
    "mal_Mlym": {
        "text_to_image": {
            "recall@1": 3.8660287081339715,
            "recall@5": 13.454545454545455,
            "recall@10": 20.842105263157894
        },
        "image_to_text": {
            "recall@1": 7.08133971291866,
            "recall@5": 18.94736842105263,
            "recall@10": 27.6555023923445
        }
    },
    "mar_Deva": {
        "text_to_image": {
            "recall@1": 5.7990430622009566,
            "recall@5": 19.38755980861244,
            "recall@10": 29.263157894736842
        },
        "image_to_text": {
            "recall@1": 9.282296650717702,
            "recall@5": 25.83732057416268,
            "recall@10": 36.9377990430622
        }
    },
    "nld_Latn": {
        "text_to_image": {
            "recall@1": 8.976076555023923,
            "recall@5": 26.411483253588518,
            "recall@10": 38.698564593301434
        },
        "image_to_text": {
            "recall@1": 13.301435406698564,
            "recall@5": 32.057416267942585,
            "recall@10": 44.78468899521531
        }
    },
    "npi_Deva": {
        "text_to_image": {
            "recall@1": 4.842105263157895,
            "recall@5": 15.23444976076555,
            "recall@10": 23.86602870813397
        },
        "image_to_text": {
            "recall@1": 8.516746411483254,
            "recall@5": 21.339712918660286,
            "recall@10": 31.004784688995215
        }
    },
    "pan_Guru": {
        "text_to_image": {
            "recall@1": 3.3684210526315788,
            "recall@5": 11.617224880382775,
            "recall@10": 17.894736842105264
        },
        "image_to_text": {
            "recall@1": 5.167464114832536,
            "recall@5": 15.980861244019138,
            "recall@10": 24.880382775119617
        }
    },
    "pes_Arab": {
        "text_to_image": {
            "recall@1": 8.30622009569378,
            "recall@5": 25.339712918660286,
            "recall@10": 36.95693779904306
        },
        "image_to_text": {
            "recall@1": 13.205741626794259,
            "recall@5": 33.20574162679426,
            "recall@10": 43.54066985645933
        }
    },
    "pol_Latn": {
        "text_to_image": {
            "recall@1": 8.47846889952153,
            "recall@5": 25.11004784688995,
            "recall@10": 36.57416267942584
        },
        "image_to_text": {
            "recall@1": 12.631578947368421,
            "recall@5": 30.33492822966507,
            "recall@10": 42.39234449760765
        }
    },