{
    "arb_Arab": {
        "text_to_image": {
            "recall@1": 7.578947368421052,
            "recall@5": 22.507177033492823,
            "recall@10": 33.32057416267943
        },
        "image_to_text": {
            "recall@1": 10.813397129186603,
            "recall@5": 27.177033492822968,
            "recall@10": 38.08612440191388
        }
    },
    "ben_Beng": {
        "text_to_image": {
            "recall@1": 4.019138755980861,
            "recall@5": 12.61244019138756,
            "recall@10": 19.196172248803826
        },
        "image_to_text": {
            "recall@1": 5.55023923444976,
            "recall@5": 16.650717703349283,
            "recall@10": 24.784688995215312
        }
    },
    "ces_Latn": {
        "text_to_image": {
            "recall@1": 8.803827751196172,
            "recall@5": 25.1866028708134,
            "recall@10": 36.038277511961724
        },
        "image_to_text": {
            "recall@1": 12.057416267942584,
            "recall@5": 30.717703349282296,
            "recall@10": 42.10526315789474
        }
    },
    "deu_Latn": {
        "text_to_image": {
            "recall@1": 9.454545454545455,
            "recall@5": 26.48803827751196,
            "recall@10": 37.665071770334926
        },
        "image_to_text": {
            "recall@1": 12.248803827751196,
            "recall@5": 29.85645933014354,
            "recall@10": 44.30622009569378
        }
    },
    "ell_Grek": {
        "text_to_image": {
            "recall@1": 8.421052631578947,
            "recall@5": 24.401913875598087,
            "recall@10": 35.98086124401914
        },
        "image_to_text": {
            "recall@1": 11.291866028708133,
            "recall@5": 28.42105263157895,
            "recall@10": 42.96650717703349
        }
    },
    "eng_Latn": {
        "text_to_image": {
            "recall@1": 11.961722488038278,
            "recall@5": 33.24401913875598,
            "recall@10": 46.66028708133971
        },
        "image_to_text": {
            "recall@1": 16.076555023923444,
            "recall@5": 36.8421052631579,
            "recall@10": 49.856459330143544
        }
    },
    "fra_Latn": {
        "text_to_image": {
            "recall@1": 9.588516746411484,
            "recall@5": 27.57894736842105,
            "recall@10": 39.92344497607655
        },
        "image_to_text": {
            "recall@1": 11.38755980861244,
            "recall@5": 32.057416267942585,
            "recall@10": 45.645933014354064
        }
    },
    "guj_Gujr": {
        "text_to_image": {
            "recall@1": 5.110047846889952,
            "recall@5": 17.760765550239235,
            "recall@10": 26.33492822966507
        },
        "image_to_text": {
            "recall@1": 8.133971291866029,
            "recall@5": 24.401913875598087,
            "recall@10": 36.36363636363637
        }
    },
    "heb_Hebr": {
        "text_to_image": {
            "recall@1": 8.191387559808613,
            "recall@5": 22.75598086124402,
            "recall@10": 33.83732057416268
        },
        "image_to_text": {
            "recall@1": 9.952153110047847,
            "recall@5": 28.32535885167464,
            "recall@10": 40.76555023923445
        }
    },
    "hin_Deva": {
        "text_to_image": {
            "recall@1": 8.267942583732058,
            "recall@5": 25.282296650717704,
            "recall@10": 36.45933014354067
        },
        "image_to_text": {
            "recall@1": 11.38755980861244,
            "recall@5": 30.43062200956938,
            "recall@10": 42.96650717703349
        }
    },
    "ind_Latn": {
        "text_to_image": {
            "recall@1": 9.5311004784689,
            "recall@5": 26.851674641148325,
            "recall@10": 39.119617224880386
        },
        "image_to_text": {
            "recall@1": 11.004784688995215,
            "recall@5": 30.62200956937799,
            "recall@10": 43.82775119617225
        }
    },
    "ita_Latn": {
        "text_to_image": {
            "recall@1": 9.090909090909092,
            "recall@5": 26.77511961722488,
            "recall@10": 38.00956937799043
        },
        "image_to_text": {
            "recall@1": 12.057416267942584,
            "recall@5": 28.61244019138756,
            "recall@10": 44.78468899521531
        }
    },
    "jpn_Jpan": {
        "text_to_image": {
            "recall@1": 8.91866028708134,
            "recall@5": 26.27751196172249,
            "recall@10": 38.18181818181818
        },
        "image_to_text": {
            "recall@1": 11.38755980861244,
            "recall@5": 32.344497607655505,
            "recall@10": 43.25358851674641
        }
    },
    "kan_Knda": {
        "text_to_image": {
            "recall@1": 3.2535885167464116,
            "recall@5": 11.330143540669857,
            "recall@10": 18.220095693779903
        },
        "image_to_text": {
            "recall@1": 5.837320574162679,
            "recall@5": 17.607655502392344,
            "recall@10": 26.60287081339713
        }
    },
    "kor_Hang": {
        "text_to_image": {
            "recall@1": 8.15311004784689,
            "recall@5": 23.004784688995215,
            "recall@10": 34.430622009569376
        },
        "image_to_text": {
            "recall@1": 11.004784688995215,
            "recall@5": 30.90909090909091,
            "recall@10": 43.63636363636363
        }
    },
    "mal_Mlym": {
        "text_to_image": {
            "recall@1": 4.0,
            "recall@5": 14.181818181818182,
            "recall@10": 22.27751196172249
        },
        "image_to_text": {
            "recall@1": 6.220095693779904,
            "recall@5": 19.23444976076555,
            "recall@10": 29.66507177033493
        }
    },
    "mar_Deva": {
        "text_to_image": {
            "recall@1": 6.411483253588517,
            "recall@5": 19.196172248803826,
            "recall@10": 28.61244019138756
        },
        "image_to_text": {
            "recall@1": 9.569377990430622,
            "recall@5": 26.411483253588518,
            "recall@10": 35.69377990430622
        }
    },
    "nld_Latn": {
        "text_to_image": {
            "recall@1": 9.339712918660288,
            "recall@5": 26.851674641148325,
            "recall@10": 38.60287081339713
        },
        "image_to_text": {
            "recall@1": 12.15311004784689,
            "recall@5": 32.15311004784689,
            "recall@10": 44.01913875598086
        }
    },
    "npi_Deva": {
        "text_to_image": {
            "recall@1": 5.014354066985646,
            "recall@5": 16.45933014354067,
            "recall@10": 24.822966507177032
        },
        "image_to_text": {
            "recall@1": 8.229665071770334,
            "recall@5": 22.00956937799043,
            "recall@10": 32.057416267942585
        }
    },
    "pan_Guru": {
        "text_to_image": {
            "recall@1": 3.311004784688995,
            "recall@5": 10.851674641148325,
            "recall@10": 17.85645933014354
        },
        "image_to_text": {
            "recall@1": 4.019138755980861,
            "recall@5": 15.885167464114833,
            "recall@10": 24.30622009569378
        }
    },
    "pes_Arab": {
        "text_to_image": {
            "recall@1": 8.822966507177034,
            "recall@5": 25.014354066985646,
            "recall@10": 36.47846889952153
        },
        "image_to_text": {
            "recall@1": 13.301435406698564,
            "recall@5": 29.282296650717704,
            "recall@10": 43.25358851674641
        }
    },
    "pol_Latn": {
        "text_to_image": {
            "recall@1": 8.057416267942584,
            "recall@5": 25.588516746411482,
            "recall@10": 36.17224880382775
        },
        "image_to_text": {
            "recall@1": 11.578947368421053,
            "recall@5": 30.14354066985646,
            "recall@10": 42.29665071770335
        }
    },
    "por_Latn": {
        "text_to_image": {
            "recall@1": 9.952153110047847,