{
    "eval/R@1/i2t/XTD10_captions_it": 30.500000715255737,
    "eval/R@5/i2t/XTD10_captions_it": 57.200002670288086,
    "eval/R@10/i2t/XTD10_captions_it": 72.29999899864197,
    "eval/R@1/t2i/XTD10_captions_it": 23.999999463558197,
    "eval/R@5/t2i/XTD10_captions_it": 51.70000195503235,
    "eval/R@10/t2i/XTD10_captions_it": 66.50000214576721,
    "eval/R@1/i2t/XTD10_captions_ru": 28.700000047683716,
    "eval/R@5/i2t/XTD10_captions_ru": 54.40000295639038,
    "eval/R@10/i2t/XTD10_captions_ru": 68.59999895095825,
    "eval/R@1/t2i/XTD10_captions_ru": 21.299999952316284,
    "eval/R@5/t2i/XTD10_captions_ru": 48.39999973773956,
    "eval/R@10/t2i/XTD10_captions_ru": 63.200002908706665,
    "eval/R@1/i2t/XTD10_captions_en": 30.399999022483826,
    "eval/R@5/i2t/XTD10_captions_en": 62.5,
    "eval/R@10/i2t/XTD10_captions_en": 75.40000081062317,
    "eval/R@1/t2i/XTD10_captions_en": 26.499998569488525,
    "eval/R@5/t2i/XTD10_captions_en": 54.100000858306885,
    "eval/R@10/t2i/XTD10_captions_en": 66.00000262260437,
    "eval/R@1/i2t/XTD10_captions_pl": 29.499998688697815,
    "eval/R@5/i2t/XTD10_captions_pl": 57.89999961853027,
    "eval/R@10/i2t/XTD10_captions_pl": 73.29999804496765,
    "eval/R@1/t2i/XTD10_captions_pl": 23.000000417232513,
    "eval/R@5/t2i/XTD10_captions_pl": 51.70000195503235,
    "eval/R@10/t2i/XTD10_captions_pl": 66.50000214576721,
    "eval/R@1/i2t/XTD10_captions_tr": 24.400000274181366,
    "eval/R@5/i2t/XTD10_captions_tr": 53.79999876022339,
    "eval/R@10/i2t/XTD10_captions_tr": 68.4000015258789,
    "eval/R@1/t2i/XTD10_captions_tr": 19.40000057220459,
    "eval/R@5/t2i/XTD10_captions_tr": 47.79999852180481,
    "eval/R@10/t2i/XTD10_captions_tr": 62.00000047683716,
    "eval/R@1/i2t/XTD10_captions_zh": 30.59999942779541,
    "eval/R@5/i2t/XTD10_captions_zh": 61.59999966621399,
    "eval/R@10/i2t/XTD10_captions_zh": 75.40000081062317,
    "eval/R@1/t2i/XTD10_captions_zh": 20.70000022649765,
    "eval/R@5/t2i/XTD10_captions_zh": 46.799999475479126,
    "eval/R@10/t2i/XTD10_captions_zh": 61.000001430511475,
    "eval/R@1/i2t/XTD10_captions_ko": 23.000000417232513,
    "eval/R@5/i2t/XTD10_captions_ko": 50.09999871253967,
    "eval/R@10/i2t/XTD10_captions_ko": 66.20000004768372,
    "eval/R@1/t2i/XTD10_captions_ko": 19.300000369548798,
    "eval/R@5/t2i/XTD10_captions_ko": 44.999998807907104,
    "eval/R@10/t2i/XTD10_captions_ko": 57.89999961853027,
    "eval/R@1/i2t/XTD10_captions_es": 29.100000858306885,
    "eval/R@5/i2t/XTD10_captions_es": 58.70000123977661,
    "eval/R@10/i2t/XTD10_captions_es": 71.70000076293945,
    "eval/R@1/t2i/XTD10_captions_es": 24.799999594688416,
    "eval/R@5/t2i/XTD10_captions_es": 52.399998903274536,
    "eval/R@10/t2i/XTD10_captions_es": 66.00000262260437,
    "eval/R@1/i2t/STAIR_caption_jp": 24.400000274181366,
    "eval/R@5/i2t/STAIR_caption_jp": 49.000000953674316,
    "eval/R@10/i2t/STAIR_caption_jp": 63.499999046325684,
    "eval/R@1/t2i/STAIR_caption_jp": 19.099999964237213,
    "eval/R@5/t2i/STAIR_caption_jp": 44.29999887943268,
    "eval/R@10/t2i/STAIR_caption_jp": 56.300002336502075,
    "eval/R@1/i2t/MIC_caption_de": 27.700001001358032,
    "eval/R@5/i2t/MIC_caption_de": 56.90000057220459,
    "eval/R@10/i2t/MIC_caption_de": 70.49999833106995,
    "eval/R@1/t2i/MIC_caption_de": 23.29999953508377,
    "eval/R@5/t2i/MIC_caption_de": 50.80000162124634,
    "eval/R@10/t2i/MIC_caption_de": 64.49999809265137,
    "eval/R@1/i2t/MIC_caption_fr": 27.500000596046448,
    "eval/R@5/i2t/MIC_caption_fr": 58.89999866485596,
    "eval/R@10/i2t/MIC_caption_fr": 72.50000238418579,
    "eval/R@1/t2i/MIC_caption_fr": 24.799999594688416,
    "eval/R@5/t2i/MIC_caption_fr": 52.799999713897705,
    "eval/R@10/t2i/MIC_caption_fr": 66.60000085830688,
    "eval/avg_metric_t2i": 45.10606102871172,
    "eval/avg_metric_i2t": 51.65454560157025,
    "eval/avg_metric": 48.380303315140985
}