{
    "eval/R@1/i2t/XTD10_captions_it": 28.49999964237213,
    "eval/R@5/i2t/XTD10_captions_it": 58.399999141693115,
    "eval/R@10/i2t/XTD10_captions_it": 71.70000076293945,
    "eval/R@1/t2i/XTD10_captions_it": 28.00000011920929,
    "eval/R@5/t2i/XTD10_captions_it": 53.700000047683716,
    "eval/R@10/t2i/XTD10_captions_it": 68.99999976158142,
    "eval/R@1/i2t/XTD10_captions_ru": 26.30000114440918,
    "eval/R@5/i2t/XTD10_captions_ru": 54.500001668930054,
    "eval/R@10/i2t/XTD10_captions_ru": 68.69999766349792,
    "eval/R@1/t2i/XTD10_captions_ru": 24.699999392032623,
    "eval/R@5/t2i/XTD10_captions_ru": 51.70000195503235,
    "eval/R@10/t2i/XTD10_captions_ru": 64.89999890327454,
    "eval/R@1/i2t/XTD10_captions_en": 34.90000069141388,
    "eval/R@5/i2t/XTD10_captions_en": 67.5000011920929,
    "eval/R@10/i2t/XTD10_captions_en": 78.79999876022339,
    "eval/R@1/t2i/XTD10_captions_en": 31.099998950958252,
    "eval/R@5/t2i/XTD10_captions_en": 60.39999723434448,
    "eval/R@10/t2i/XTD10_captions_en": 72.50000238418579,
    "eval/R@1/i2t/XTD10_captions_pl": 29.899999499320984,
    "eval/R@5/i2t/XTD10_captions_pl": 60.600000619888306,
    "eval/R@10/i2t/XTD10_captions_pl": 74.19999837875366,
    "eval/R@1/t2i/XTD10_captions_pl": 26.399999856948853,
    "eval/R@5/t2i/XTD10_captions_pl": 56.40000104904175,
    "eval/R@10/t2i/XTD10_captions_pl": 69.90000009536743,
    "eval/R@1/i2t/XTD10_captions_tr": 25.600001215934753,
    "eval/R@5/i2t/XTD10_captions_tr": 56.00000023841858,
    "eval/R@10/i2t/XTD10_captions_tr": 70.70000171661377,
    "eval/R@1/t2i/XTD10_captions_tr": 25.499999523162842,
    "eval/R@5/t2i/XTD10_captions_tr": 51.80000066757202,
    "eval/R@10/t2i/XTD10_captions_tr": 64.99999761581421,
    "eval/R@1/i2t/XTD10_captions_zh": 30.799999833106995,
    "eval/R@5/i2t/XTD10_captions_zh": 61.69999837875366,
    "eval/R@10/i2t/XTD10_captions_zh": 75.99999904632568,
    "eval/R@1/t2i/XTD10_captions_zh": 29.80000078678131,
    "eval/R@5/t2i/XTD10_captions_zh": 60.600000619888306,
    "eval/R@10/t2i/XTD10_captions_zh": 74.29999709129333,
    "eval/R@1/i2t/XTD10_captions_ko": 24.699999392032623,
    "eval/R@5/i2t/XTD10_captions_ko": 50.80000162124634,
    "eval/R@10/i2t/XTD10_captions_ko": 66.69999957084656,
    "eval/R@1/t2i/XTD10_captions_ko": 24.60000067949295,
    "eval/R@5/t2i/XTD10_captions_ko": 51.39999985694885,
    "eval/R@10/t2i/XTD10_captions_ko": 65.20000100135803,
    "eval/R@1/i2t/XTD10_captions_es": 28.099998831748962,
    "eval/R@5/i2t/XTD10_captions_es": 58.799999952316284,
    "eval/R@10/i2t/XTD10_captions_es": 72.69999980926514,
    "eval/R@1/t2i/XTD10_captions_es": 25.90000033378601,
    "eval/R@5/t2i/XTD10_captions_es": 54.100000858306885,
    "eval/R@10/t2i/XTD10_captions_es": 66.69999957084656,
    "eval/R@1/i2t/STAIR_caption_jp": 25.0,
    "eval/R@5/i2t/STAIR_caption_jp": 53.39999794960022,
    "eval/R@10/i2t/STAIR_caption_jp": 65.79999923706055,
    "eval/R@1/t2i/STAIR_caption_jp": 27.000001072883606,
    "eval/R@5/t2i/STAIR_caption_jp": 52.99999713897705,
    "eval/R@10/t2i/STAIR_caption_jp": 64.99999761581421,
    "eval/R@1/i2t/MIC_caption_de": 27.300000190734863,
    "eval/R@5/i2t/MIC_caption_de": 56.40000104904175,
    "eval/R@10/i2t/MIC_caption_de": 70.39999961853027,
    "eval/R@1/t2i/MIC_caption_de": 26.100000739097595,
    "eval/R@5/t2i/MIC_caption_de": 54.500001668930054,
    "eval/R@10/t2i/MIC_caption_de": 67.90000200271606,
    "eval/R@1/i2t/MIC_caption_fr": 29.899999499320984,
    "eval/R@5/i2t/MIC_caption_fr": 61.19999885559082,
    "eval/R@10/i2t/MIC_caption_fr": 74.40000176429749,
    "eval/R@1/t2i/MIC_caption_fr": 28.200000524520874,
    "eval/R@5/t2i/MIC_caption_fr": 57.200002670288086,
    "eval/R@10/t2i/MIC_caption_fr": 69.49999928474426,
    "eval/avg_metric_t2i": 50.060606093117684,
    "eval/avg_metric_i2t": 52.73939384655519,
    "eval/avg_metric": 51.399999969836436
}