{
    "eval/R@1/i2t/XTD10_captions_it": 33.19999873638153,
    "eval/R@5/i2t/XTD10_captions_it": 62.699997425079346,
    "eval/R@10/i2t/XTD10_captions_it": 76.2000024318695,
    "eval/R@1/t2i/XTD10_captions_it": 31.00000023841858,
    "eval/R@5/t2i/XTD10_captions_it": 61.19999885559082,
    "eval/R@10/t2i/XTD10_captions_it": 74.50000047683716,
    "eval/R@1/i2t/XTD10_captions_ru": 31.799998879432678,
    "eval/R@5/i2t/XTD10_captions_ru": 57.59999752044678,
    "eval/R@10/i2t/XTD10_captions_ru": 71.79999947547913,
    "eval/R@1/t2i/XTD10_captions_ru": 27.799999713897705,
    "eval/R@5/t2i/XTD10_captions_ru": 56.09999895095825,
    "eval/R@10/t2i/XTD10_captions_ru": 68.69999766349792,
    "eval/R@1/i2t/XTD10_captions_en": 37.59999871253967,
    "eval/R@5/i2t/XTD10_captions_en": 68.30000281333923,
    "eval/R@10/i2t/XTD10_captions_en": 81.80000185966492,
    "eval/R@1/t2i/XTD10_captions_en": 34.49999988079071,
    "eval/R@5/t2i/XTD10_captions_en": 64.30000066757202,
    "eval/R@10/t2i/XTD10_captions_en": 77.39999890327454,
    "eval/R@1/i2t/XTD10_captions_pl": 32.89999961853027,
    "eval/R@5/i2t/XTD10_captions_pl": 63.30000162124634,
    "eval/R@10/i2t/XTD10_captions_pl": 76.49999856948853,
    "eval/R@1/t2i/XTD10_captions_pl": 30.09999990463257,
    "eval/R@5/t2i/XTD10_captions_pl": 60.9000027179718,
    "eval/R@10/t2i/XTD10_captions_pl": 73.90000224113464,
    "eval/R@1/i2t/XTD10_captions_tr": 28.999999165534973,
    "eval/R@5/i2t/XTD10_captions_tr": 58.99999737739563,
    "eval/R@10/i2t/XTD10_captions_tr": 73.4000027179718,
    "eval/R@1/t2i/XTD10_captions_tr": 29.499998688697815,
    "eval/R@5/t2i/XTD10_captions_tr": 56.00000023841858,
    "eval/R@10/t2i/XTD10_captions_tr": 70.39999961853027,
    "eval/R@1/i2t/XTD10_captions_zh": 34.49999988079071,
    "eval/R@5/i2t/XTD10_captions_zh": 64.49999809265137,
    "eval/R@10/i2t/XTD10_captions_zh": 77.99999713897705,
    "eval/R@1/t2i/XTD10_captions_zh": 29.399999976158142,
    "eval/R@5/t2i/XTD10_captions_zh": 58.60000252723694,
    "eval/R@10/t2i/XTD10_captions_zh": 71.70000076293945,
    "eval/R@1/i2t/XTD10_captions_ko": 26.69999897480011,
    "eval/R@5/i2t/XTD10_captions_ko": 55.59999942779541,
    "eval/R@10/i2t/XTD10_captions_ko": 68.99999976158142,
    "eval/R@1/t2i/XTD10_captions_ko": 26.100000739097595,
    "eval/R@5/t2i/XTD10_captions_ko": 54.100000858306885,
    "eval/R@10/t2i/XTD10_captions_ko": 67.29999780654907,
    "eval/R@1/i2t/XTD10_captions_es": 32.89999961853027,
    "eval/R@5/i2t/XTD10_captions_es": 62.00000047683716,
    "eval/R@10/i2t/XTD10_captions_es": 75.49999952316284,
    "eval/R@1/t2i/XTD10_captions_es": 30.59999942779541,
    "eval/R@5/t2i/XTD10_captions_es": 60.00000238418579,
    "eval/R@10/t2i/XTD10_captions_es": 72.79999852180481,
    "eval/R@1/i2t/STAIR_caption_jp": 28.200000524520874,
    "eval/R@5/i2t/STAIR_caption_jp": 55.000001192092896,
    "eval/R@10/i2t/STAIR_caption_jp": 66.29999876022339,
    "eval/R@1/t2i/STAIR_caption_jp": 28.00000011920929,
    "eval/R@5/t2i/STAIR_caption_jp": 55.000001192092896,
    "eval/R@10/t2i/STAIR_caption_jp": 66.90000295639038,
    "eval/R@1/i2t/MIC_caption_de": 31.299999356269836,
    "eval/R@5/i2t/MIC_caption_de": 61.19999885559082,
    "eval/R@10/i2t/MIC_caption_de": 74.50000047683716,
    "eval/R@1/t2i/MIC_caption_de": 30.500000715255737,
    "eval/R@5/t2i/MIC_caption_de": 61.19999885559082,
    "eval/R@10/t2i/MIC_caption_de": 72.89999723434448,
    "eval/R@1/i2t/MIC_caption_fr": 33.000001311302185,
    "eval/R@5/i2t/MIC_caption_fr": 63.599997758865356,
    "eval/R@10/i2t/MIC_caption_fr": 75.3000020980835,
    "eval/R@1/t2i/MIC_caption_fr": 32.69999921321869,
    "eval/R@5/t2i/MIC_caption_fr": 62.09999918937683,
    "eval/R@10/t2i/MIC_caption_fr": 74.19999837875366,
    "eval/avg_metric_t2i": 53.64848483692516,
    "eval/avg_metric_i2t": 55.82424212585796,
    "eval/avg_metric": 54.73636348139156
}