{
    "eval/R@1/i2t/XTD10_captions_it": 34.49999988079071,
    "eval/R@5/i2t/XTD10_captions_it": 61.500000953674316,
    "eval/R@10/i2t/XTD10_captions_it": 75.09999871253967,
    "eval/R@1/t2i/XTD10_captions_it": 27.000001072883606,
    "eval/R@5/t2i/XTD10_captions_it": 53.29999923706055,
    "eval/R@10/t2i/XTD10_captions_it": 68.80000233650208,
    "eval/R@1/i2t/XTD10_captions_ru": 32.100000977516174,
    "eval/R@5/i2t/XTD10_captions_ru": 58.30000042915344,
    "eval/R@10/i2t/XTD10_captions_ru": 71.60000205039978,
    "eval/R@1/t2i/XTD10_captions_ru": 24.19999986886978,
    "eval/R@5/t2i/XTD10_captions_ru": 50.80000162124634,
    "eval/R@10/t2i/XTD10_captions_ru": 63.999998569488525,
    "eval/R@1/i2t/XTD10_captions_en": 36.500000953674316,
    "eval/R@5/i2t/XTD10_captions_en": 67.69999861717224,
    "eval/R@10/i2t/XTD10_captions_en": 79.6999990940094,
    "eval/R@1/t2i/XTD10_captions_en": 27.900001406669617,
    "eval/R@5/t2i/XTD10_captions_en": 57.30000138282776,
    "eval/R@10/t2i/XTD10_captions_en": 69.90000009536743,
    "eval/R@1/i2t/XTD10_captions_pl": 33.399999141693115,
    "eval/R@5/i2t/XTD10_captions_pl": 63.30000162124634,
    "eval/R@10/i2t/XTD10_captions_pl": 76.09999775886536,
    "eval/R@1/t2i/XTD10_captions_pl": 25.499999523162842,
    "eval/R@5/t2i/XTD10_captions_pl": 54.29999828338623,
    "eval/R@10/t2i/XTD10_captions_pl": 67.00000166893005,
    "eval/R@1/i2t/XTD10_captions_tr": 27.500000596046448,
    "eval/R@5/i2t/XTD10_captions_tr": 56.49999976158142,
    "eval/R@10/i2t/XTD10_captions_tr": 71.20000123977661,
    "eval/R@1/t2i/XTD10_captions_tr": 24.699999392032623,
    "eval/R@5/t2i/XTD10_captions_tr": 48.30000102519989,
    "eval/R@10/t2i/XTD10_captions_tr": 63.599997758865356,
    "eval/R@1/i2t/XTD10_captions_zh": 33.70000123977661,
    "eval/R@5/i2t/XTD10_captions_zh": 64.70000147819519,
    "eval/R@10/i2t/XTD10_captions_zh": 77.30000019073486,
    "eval/R@1/t2i/XTD10_captions_zh": 23.800000548362732,
    "eval/R@5/t2i/XTD10_captions_zh": 51.899999380111694,
    "eval/R@10/t2i/XTD10_captions_zh": 66.60000085830688,
    "eval/R@1/i2t/XTD10_captions_ko": 26.100000739097595,
    "eval/R@5/i2t/XTD10_captions_ko": 53.79999876022339,
    "eval/R@10/i2t/XTD10_captions_ko": 67.29999780654907,
    "eval/R@1/t2i/XTD10_captions_ko": 21.299999952316284,
    "eval/R@5/t2i/XTD10_captions_ko": 46.99999988079071,
    "eval/R@10/t2i/XTD10_captions_ko": 61.19999885559082,
    "eval/R@1/i2t/XTD10_captions_es": 32.499998807907104,
    "eval/R@5/i2t/XTD10_captions_es": 61.500000953674316,
    "eval/R@10/i2t/XTD10_captions_es": 74.00000095367432,
    "eval/R@1/t2i/XTD10_captions_es": 25.099998712539673,
    "eval/R@5/t2i/XTD10_captions_es": 54.19999957084656,
    "eval/R@10/t2i/XTD10_captions_es": 66.00000262260437,
    "eval/R@1/i2t/STAIR_caption_jp": 27.900001406669617,
    "eval/R@5/i2t/STAIR_caption_jp": 55.299997329711914,
    "eval/R@10/i2t/STAIR_caption_jp": 67.00000166893005,
    "eval/R@1/t2i/STAIR_caption_jp": 22.599999606609344,
    "eval/R@5/t2i/STAIR_caption_jp": 48.60000014305115,
    "eval/R@10/t2i/STAIR_caption_jp": 60.69999933242798,
    "eval/R@1/i2t/MIC_caption_de": 31.099998950958252,
    "eval/R@5/i2t/MIC_caption_de": 61.10000014305115,
    "eval/R@10/i2t/MIC_caption_de": 73.1000006198883,
    "eval/R@1/t2i/MIC_caption_de": 25.40000081062317,
    "eval/R@5/t2i/MIC_caption_de": 55.09999990463257,
    "eval/R@10/t2i/MIC_caption_de": 66.90000295639038,
    "eval/R@1/i2t/MIC_caption_fr": 31.49999976158142,
    "eval/R@5/i2t/MIC_caption_fr": 61.799997091293335,
    "eval/R@10/i2t/MIC_caption_fr": 75.70000290870667,
    "eval/R@1/t2i/MIC_caption_fr": 26.80000066757202,
    "eval/R@5/t2i/MIC_caption_fr": 54.500001668930054,
    "eval/R@10/t2i/MIC_caption_fr": 68.09999942779541,
    "eval/avg_metric_t2i": 47.64848509521195,
    "eval/avg_metric_i2t": 55.163636442386746,
    "eval/avg_metric": 51.40606076879935
}