{
    "eval/R@1/i2t/XTD10_captions_it": 30.19999861717224,
    "eval/R@5/i2t/XTD10_captions_it": 59.3999981880188,
    "eval/R@10/i2t/XTD10_captions_it": 72.60000109672546,
    "eval/R@1/t2i/XTD10_captions_it": 28.00000011920929,
    "eval/R@5/t2i/XTD10_captions_it": 55.000001192092896,
    "eval/R@10/t2i/XTD10_captions_it": 69.80000138282776,
    "eval/R@1/i2t/XTD10_captions_ru": 28.9000004529953,
    "eval/R@5/i2t/XTD10_captions_ru": 56.599998474121094,
    "eval/R@10/i2t/XTD10_captions_ru": 69.49999928474426,
    "eval/R@1/t2i/XTD10_captions_ru": 24.60000067949295,
    "eval/R@5/t2i/XTD10_captions_ru": 52.20000147819519,
    "eval/R@10/t2i/XTD10_captions_ru": 65.10000228881836,
    "eval/R@1/i2t/XTD10_captions_en": 35.40000021457672,
    "eval/R@5/i2t/XTD10_captions_en": 67.90000200271606,
    "eval/R@10/i2t/XTD10_captions_en": 79.60000038146973,
    "eval/R@1/t2i/XTD10_captions_en": 28.49999964237213,
    "eval/R@5/t2i/XTD10_captions_en": 56.199997663497925,
    "eval/R@10/t2i/XTD10_captions_en": 69.59999799728394,
    "eval/R@1/i2t/XTD10_captions_pl": 30.899998545646667,
    "eval/R@5/i2t/XTD10_captions_pl": 61.500000953674316,
    "eval/R@10/i2t/XTD10_captions_pl": 74.19999837875366,
    "eval/R@1/t2i/XTD10_captions_pl": 27.09999978542328,
    "eval/R@5/t2i/XTD10_captions_pl": 56.599998474121094,
    "eval/R@10/t2i/XTD10_captions_pl": 70.3000009059906,
    "eval/R@1/i2t/XTD10_captions_tr": 26.899999380111694,
    "eval/R@5/i2t/XTD10_captions_tr": 56.40000104904175,
    "eval/R@10/i2t/XTD10_captions_tr": 73.1000006198883,
    "eval/R@1/t2i/XTD10_captions_tr": 26.30000114440918,
    "eval/R@5/t2i/XTD10_captions_tr": 51.80000066757202,
    "eval/R@10/t2i/XTD10_captions_tr": 65.89999794960022,
    "eval/R@1/i2t/XTD10_captions_zh": 29.899999499320984,
    "eval/R@5/i2t/XTD10_captions_zh": 58.89999866485596,
    "eval/R@10/i2t/XTD10_captions_zh": 72.2000002861023,
    "eval/R@1/t2i/XTD10_captions_zh": 29.399999976158142,
    "eval/R@5/t2i/XTD10_captions_zh": 59.20000076293945,
    "eval/R@10/t2i/XTD10_captions_zh": 73.7999975681305,
    "eval/R@1/i2t/XTD10_captions_ko": 25.200000405311584,
    "eval/R@5/i2t/XTD10_captions_ko": 51.30000114440918,
    "eval/R@10/i2t/XTD10_captions_ko": 67.5000011920929,
    "eval/R@1/t2i/XTD10_captions_ko": 24.19999986886978,
    "eval/R@5/t2i/XTD10_captions_ko": 51.30000114440918,
    "eval/R@10/t2i/XTD10_captions_ko": 65.10000228881836,
    "eval/R@1/i2t/XTD10_captions_es": 30.19999861717224,
    "eval/R@5/i2t/XTD10_captions_es": 59.299999475479126,
    "eval/R@10/i2t/XTD10_captions_es": 73.4000027179718,
    "eval/R@1/t2i/XTD10_captions_es": 25.999999046325684,
    "eval/R@5/t2i/XTD10_captions_es": 54.40000295639038,
    "eval/R@10/t2i/XTD10_captions_es": 68.19999814033508,
    "eval/R@1/i2t/STAIR_caption_jp": 24.500000476837158,
    "eval/R@5/i2t/STAIR_caption_jp": 54.60000038146973,
    "eval/R@10/i2t/STAIR_caption_jp": 65.39999842643738,
    "eval/R@1/t2i/STAIR_caption_jp": 26.100000739097595,
    "eval/R@5/t2i/STAIR_caption_jp": 52.20000147819519,
    "eval/R@10/t2i/STAIR_caption_jp": 65.2999997138977,
    "eval/R@1/i2t/MIC_caption_de": 27.300000190734863,
    "eval/R@5/i2t/MIC_caption_de": 57.59999752044678,
    "eval/R@10/i2t/MIC_caption_de": 71.8999981880188,
    "eval/R@1/t2i/MIC_caption_de": 26.899999380111694,
    "eval/R@5/t2i/MIC_caption_de": 55.000001192092896,
    "eval/R@10/t2i/MIC_caption_de": 68.50000023841858,
    "eval/R@1/i2t/MIC_caption_fr": 30.799999833106995,
    "eval/R@5/i2t/MIC_caption_fr": 61.500000953674316,
    "eval/R@10/i2t/MIC_caption_fr": 74.6999979019165,
    "eval/R@1/t2i/MIC_caption_fr": 28.79999876022339,
    "eval/R@5/t2i/MIC_caption_fr": 57.200002670288086,
    "eval/R@10/t2i/MIC_caption_fr": 70.80000042915344,
    "eval/avg_metric_t2i": 49.98181841590188,
    "eval/avg_metric_i2t": 53.31212101560651,
    "eval/avg_metric": 51.646969715754196
}