{
    "ar": {
        "text_to_image": {
            "recall@1": 22.86415042921379,
            "recall@5": 47.32252350456466,
            "recall@10": 58.87723123041286
        },
        "image_to_text": {
            "recall@1": 25.444444444444443,
            "recall@5": 51.166666666666664,
            "recall@10": 62.916666666666664
        }
    },
    "bn": {
        "text_to_image": {
            "recall@1": 20.395102949360044,
            "recall@5": 44.60211463550362,
            "recall@10": 56.17696160267112
        },
        "image_to_text": {
            "recall@1": 20.916666666666668,
            "recall@5": 44.361111111111114,
            "recall@10": 56.27777777777778
        }
    },
    "cs": {
        "text_to_image": {
            "recall@1": 27.326093337246846,
            "recall@5": 54.13853830349281,
            "recall@10": 66.27531552685647
        },
        "image_to_text": {
            "recall@1": 28.25,
            "recall@5": 55.388888888888886,
            "recall@10": 68.13888888888889
        }
    },
    "da": {
        "text_to_image": {
            "recall@1": 29.381727849848193,
            "recall@5": 56.541540160088324,
            "recall@10": 67.56831355230472
        },
        "image_to_text": {
            "recall@1": 30.11111111111111,
            "recall@5": 57.611111111111114,
            "recall@10": 70.22222222222223
        }
    },
    "de": {
        "text_to_image": {
            "recall@1": 34.687029966446836,
            "recall@5": 62.524586370473216,
            "recall@10": 73.99051255351151
        },
        "image_to_text": {
            "recall@1": 36.55555555555556,
            "recall@5": 67.08333333333333,
            "recall@10": 78.19444444444444
        }
    },
    "el": {
        "text_to_image": {
            "recall@1": 22.43661971830986,
            "recall@5": 46.732394366197184,
            "recall@10": 58.49295774647887
        },
        "image_to_text": {
            "recall@1": 23.02777777777778,
            "recall@5": 48.72222222222222,
            "recall@10": 61.47222222222222
        }
    },
    "en": {
        "text_to_image": {
            "recall@1": 27.21279281806705,
            "recall@5": 53.51381680460093,
            "recall@10": 65.70346472155983
        },
        "image_to_text": {
            "recall@1": 28.916666666666668,
            "recall@5": 56.55555555555556,
            "recall@10": 69.75
        }
    },
    "es": {
        "text_to_image": {
            "recall@1": 29.59907030796049,
            "recall@5": 56.01394538059268,
            "recall@10": 67.4259151656014
        },
        "image_to_text": {
            "recall@1": 29.944444444444443,
            "recall@5": 58.611111111111114,
            "recall@10": 69.94444444444444
        }
    },
    "fa": {
        "text_to_image": {
            "recall@1": 30.129798398232534,
            "recall@5": 56.876553438276716,
            "recall@10": 67.6056338028169
        },
        "image_to_text": {
            "recall@1": 29.47222222222222,
            "recall@5": 58.166666666666664,
            "recall@10": 70.61111111111111
        }
    },
    "fi": {
        "text_to_image": {
            "recall@1": 29.09985935302391,
            "recall@5": 56.0337552742616,
            "recall@10": 66.28691983122363
        },
        "image_to_text": {
            "recall@1": 30.555555555555557,
            "recall@5": 57.916666666666664,
            "recall@10": 70.05555555555556
        }
    },
    "fil": {
        "text_to_image": {
            "recall@1": 20.068415051311288,
            "recall@5": 43.1442417331813,
            "recall@10": 53.42075256556443
        },
        "image_to_text": {
            "recall@1": 20.444444444444443,
            "recall@5": 43.388888888888886,
            "recall@10": 55.80555555555556
        }
    },
    "fr": {
        "text_to_image": {
            "recall@1": 35.782710280373834,
            "recall@5": 65.18691588785046,
            "recall@10": 76.08644859813084
        },
        "image_to_text": {
            "recall@1": 38.72222222222222,
            "recall@5": 67.63888888888889,
            "recall@10": 79.30555555555556
        }
    },
    "he": {
        "text_to_image": {
            "recall@1": 31.05702364394993,
            "recall@5": 57.107093184979135,
            "recall@10": 67.92767732962447
        },
        "image_to_text": {
            "recall@1": 32.02777777777778,
            "recall@5": 59.638888888888886,
            "recall@10": 71.69444444444444
        }
    },
    "hi": {
        "text_to_image": {
            "recall@1": 15.020185229161719,
            "recall@5": 35.4666350035621,
            "recall@10": 46.331037758252194
        },
        "image_to_text": {
            "recall@1": 20.333333333333332,
            "recall@5": 42.77777777777778,
            "recall@10": 54.47222222222222
        }
    },
    "hr": {
        "text_to_image": {
            "recall@1": 31.686046511627907,
            "recall@5": 59.21926910299003,
            "recall@10": 70.4734219269103
        },
        "image_to_text": {
            "recall@1": 33.611111111111114,
            "recall@5": 62.22222222222222,
            "recall@10": 73.69444444444444
        }
    },
    "hu": {
        "text_to_image": {
            "recall@1": 28.741850464696906,
            "recall@5": 54.917464280760164,
            "recall@10": 66.3892356776252
        },
        "image_to_text": {
            "recall@1": 28.36111111111111,
            "recall@5": 55.55555555555556,
            "recall@10": 66.69444444444444
        }
    },
    "id": {
        "text_to_image": {
            "recall@1": 36.14035087719298,
            "recall@5": 64.96842105263158,
            "recall@10": 75.87368421052632
        },
        "image_to_text": {
            "recall@1": 37.833333333333336,
            "recall@5": 66.77777777777777,
            "recall@10": 78.11111111111111
        }
    },
    "it": {
        "text_to_image": {
            "recall@1": 33.80165289256198,
            "recall@5": 61.357733175914994,
            "recall@10": 72.68004722550177
        },
        "image_to_text": {
            "recall@1": 36.27777777777778,
            "recall@5": 65.13888888888889,
            "recall@10": 75.86111111111111
        }
    },
    "ja": {
        "text_to_image": {
            "recall@1": 31.414634146341463,
            "recall@5": 59.91637630662021,
            "recall@10": 71.30313588850174
        },
        "image_to_text": {
            "recall@1": 33.22222222222222,
            "recall@5": 61.52777777777778,
            "recall@10": 73.75
        }
    },
    "ko": {
        "text_to_image": {
            "recall@1": 26.64835164835165,
            "recall@5": 53.898482469911045,
            "recall@10": 65.97331240188383
        },
        "image_to_text": {
            "recall@1": 30.666666666666668,
            "recall@5": 56.611111111111114,
            "recall@10": 69.30555555555556
        }
    },
    "mi": {
        "text_to_image": {
            "recall@1": 6.224771616741024,
            "recall@5": 16.80475886976843,
            "recall@10": 23.56065434459316
        },
        "image_to_text": {
            "recall@1": 7.055555555555555,
            "recall@5": 18.52777777777778,
            "recall@10": 26.805555555555557
        }
    },
    "nl": {
        "text_to_image": {
            "recall@1": 26.336831584207896,
            "recall@5": 52.511244377811096,
            "recall@10": 64.65517241379311
        },
        "image_to_text": {
            "recall@1": 26.555555555555557,
            "recall@5": 52.25,
            "recall@10": 64.16666666666667
        }
    },
    "no": {
        "text_to_image": {
            "recall@1": 30.329578639966623,
            "recall@5": 57.51633986928105,
            "recall@10": 68.14073146989293
        },
        "image_to_text": {
            "recall@1": 30.75,