{
    "ar": {
        "text_to_image": {
            "recall@1": 21.760457828041968,
            "recall@5": 44.63823409183812,
            "recall@10": 55.525275923150296
        },
        "image_to_text": {
            "recall@1": 31.5,
            "recall@5": 56.77777777777778,
            "recall@10": 67.72222222222223
        }
    },
    "bn": {
        "text_to_image": {
            "recall@1": 5.954368391764051,
            "recall@5": 14.49638286032276,
            "recall@10": 21.118530884808013
        },
        "image_to_text": {
            "recall@1": 8.13888888888889,
            "recall@5": 19.805555555555557,
            "recall@10": 26.555555555555557
        }
    },
    "cs": {
        "text_to_image": {
            "recall@1": 26.00528324038744,
            "recall@5": 49.985324332257115,
            "recall@10": 61.06545347813326
        },
        "image_to_text": {
            "recall@1": 36.69444444444444,
            "recall@5": 63.083333333333336,
            "recall@10": 73.30555555555556
        }
    },
    "da": {
        "text_to_image": {
            "recall@1": 32.22467568313552,
            "recall@5": 57.645597571073694,
            "recall@10": 68.54816450455424
        },
        "image_to_text": {
            "recall@1": 45.72222222222222,
            "recall@5": 72.72222222222223,
            "recall@10": 81.94444444444444
        }
    },
    "de": {
        "text_to_image": {
            "recall@1": 31.94492653014,
            "recall@5": 57.20236029156543,
            "recall@10": 67.77739210922134
        },
        "image_to_text": {
            "recall@1": 45.361111111111114,
            "recall@5": 72.86111111111111,
            "recall@10": 81.94444444444444
        }
    },
    "el": {
        "text_to_image": {
            "recall@1": 23.661971830985916,
            "recall@5": 45.563380281690144,
            "recall@10": 56.267605633802816
        },
        "image_to_text": {
            "recall@1": 33.388888888888886,
            "recall@5": 58.0,
            "recall@10": 68.83333333333333
        }
    },
    "en": {
        "text_to_image": {
            "recall@1": 29.134520970683127,
            "recall@5": 55.561789872352364,
            "recall@10": 67.69532893814
        },
        "image_to_text": {
            "recall@1": 39.361111111111114,
            "recall@5": 67.16666666666667,
            "recall@10": 77.72222222222223
        }
    },
    "es": {
        "text_to_image": {
            "recall@1": 27.007553747821035,
            "recall@5": 52.248692620569436,
            "recall@10": 62.85880302149913
        },
        "image_to_text": {
            "recall@1": 40.75,
            "recall@5": 66.83333333333333,
            "recall@10": 76.02777777777777
        }
    },
    "fa": {
        "text_to_image": {
            "recall@1": 28.169014084507044,
            "recall@5": 52.88594310963822,
            "recall@10": 63.96023198011599
        },
        "image_to_text": {
            "recall@1": 39.22222222222222,
            "recall@5": 66.47222222222223,
            "recall@10": 76.41666666666667
        }
    },
    "fi": {
        "text_to_image": {
            "recall@1": 27.960618846694796,
            "recall@5": 52.9817158931083,
            "recall@10": 64.0365682137834
        },
        "image_to_text": {
            "recall@1": 40.72222222222222,
            "recall@5": 67.11111111111111,
            "recall@10": 77.19444444444444
        }
    },
    "fil": {
        "text_to_image": {
            "recall@1": 1.9099201824401368,
            "recall@5": 5.430444697833523,
            "recall@10": 8.110034207525656
        },
        "image_to_text": {
            "recall@1": 6.138888888888889,
            "recall@5": 13.777777777777779,
            "recall@10": 17.944444444444443
        }
    },
    "fr": {
        "text_to_image": {
            "recall@1": 32.52336448598131,
            "recall@5": 57.86214953271028,
            "recall@10": 69.06542056074767
        },
        "image_to_text": {
            "recall@1": 46.611111111111114,
            "recall@5": 73.13888888888889,
            "recall@10": 82.52777777777777
        }
    },
    "he": {
        "text_to_image": {
            "recall@1": 27.21835883171071,
            "recall@5": 50.70931849791377,
            "recall@10": 61.12656467315716
        },
        "image_to_text": {
            "recall@1": 40.27777777777778,
            "recall@5": 64.19444444444444,
            "recall@10": 73.77777777777777
        }
    },
    "hi": {
        "text_to_image": {
            "recall@1": 16.029446687247685,
            "recall@5": 35.181667062455475,
            "recall@10": 45.51175492757065
        },
        "image_to_text": {
            "recall@1": 26.305555555555557,
            "recall@5": 50.55555555555556,
            "recall@10": 59.916666666666664
        }
    },
    "hr": {
        "text_to_image": {
            "recall@1": 30.329457364341085,
            "recall@5": 56.78294573643411,
            "recall@10": 67.74640088593577
        },
        "image_to_text": {
            "recall@1": 45.361111111111114,
            "recall@5": 72.72222222222223,
            "recall@10": 82.19444444444444
        }
    },
    "hu": {
        "text_to_image": {
            "recall@1": 30.226106256068803,
            "recall@5": 56.59592176446109,
            "recall@10": 66.7498959633791
        },
        "image_to_text": {
            "recall@1": 42.916666666666664,
            "recall@5": 69.36111111111111,
            "recall@10": 79.55555555555556
        }
    },
    "id": {
        "text_to_image": {
            "recall@1": 36.53333333333333,
            "recall@5": 64.95438596491228,
            "recall@10": 75.62105263157895
        },
        "image_to_text": {
            "recall@1": 50.02777777777778,
            "recall@5": 77.27777777777777,
            "recall@10": 86.08333333333333
        }
    },
    "it": {
        "text_to_image": {
            "recall@1": 29.031877213695395,
            "recall@5": 53.36481700118064,
            "recall@10": 64.3211334120425
        },
        "image_to_text": {
            "recall@1": 42.77777777777778,
            "recall@5": 69.25,
            "recall@10": 78.86111111111111
        }
    },
    "ja": {
        "text_to_image": {
            "recall@1": 30.21602787456446,
            "recall@5": 56.44599303135889,
            "recall@10": 67.0801393728223
        },
        "image_to_text": {
            "recall@1": 41.0,
            "recall@5": 68.19444444444444,
            "recall@10": 79.02777777777777
        }
    },
    "ko": {
        "text_to_image": {
            "recall@1": 26.96232339089482,
            "recall@5": 50.719518576661436,
            "recall@10": 60.97592883307169
        },
        "image_to_text": {
            "recall@1": 37.25,
            "recall@5": 62.166666666666664,
            "recall@10": 72.88888888888889
        }
    },
    "mi": {
        "text_to_image": {
            "recall@1": 0.04248990864669641,
            "recall@5": 0.3824091778202677,
            "recall@10": 0.6798385383471426
        },
        "image_to_text": {
            "recall@1": 0.2777777777777778,
            "recall@5": 0.7222222222222222,
            "recall@10": 1.0555555555555556
        }
    },
    "nl": {
        "text_to_image": {
            "recall@1": 27.961019490254873,
            "recall@5": 52.87356321839081,
            "recall@10": 63.51824087956022
        },
        "image_to_text": {
            "recall@1": 40.888888888888886,
            "recall@5": 66.58333333333333,
            "recall@10": 77.41666666666667
        }
    },
    "no": {
        "text_to_image": {
            "recall@1": 30.065359477124183,
            "recall@5": 55.97274370741204,
            "recall@10": 67.05604227506605
        },
        "image_to_text": {
            "recall@1": 43.416666666666664,
            "recall@5": 69.77777777777777,