{
    "ar": {
        "text_to_image": {
            "recall@1": 24.88077394740428,
            "recall@5": 48.9303719852841,
            "recall@10": 59.87191715492574
        },
        "image_to_text": {
            "recall@1": 34.388888888888886,
            "recall@5": 59.72222222222222,
            "recall@10": 70.66666666666667
        }
    },
    "bn": {
        "text_to_image": {
            "recall@1": 6.928213689482471,
            "recall@5": 16.91708402893712,
            "recall@10": 24.34613244296049
        },
        "image_to_text": {
            "recall@1": 9.333333333333334,
            "recall@5": 23.166666666666668,
            "recall@10": 31.13888888888889
        }
    },
    "cs": {
        "text_to_image": {
            "recall@1": 30.30525388905195,
            "recall@5": 55.840915761667155,
            "recall@10": 67.25858526562959
        },
        "image_to_text": {
            "recall@1": 39.388888888888886,
            "recall@5": 65.63888888888889,
            "recall@10": 75.44444444444444
        }
    },
    "da": {
        "text_to_image": {
            "recall@1": 35.329837151531876,
            "recall@5": 62.103229367927135,
            "recall@10": 72.08114821970743
        },
        "image_to_text": {
            "recall@1": 45.94444444444444,
            "recall@5": 73.16666666666667,
            "recall@10": 82.44444444444444
        }
    },
    "de": {
        "text_to_image": {
            "recall@1": 36.3762582436654,
            "recall@5": 62.304755293300936,
            "recall@10": 72.61367580701146
        },
        "image_to_text": {
            "recall@1": 48.55555555555556,
            "recall@5": 73.47222222222223,
            "recall@10": 82.97222222222223
        }
    },
    "el": {
        "text_to_image": {
            "recall@1": 24.732394366197184,
            "recall@5": 48.66197183098591,
            "recall@10": 59.732394366197184
        },
        "image_to_text": {
            "recall@1": 33.388888888888886,
            "recall@5": 59.52777777777778,
            "recall@10": 70.16666666666667
        }
    },
    "en": {
        "text_to_image": {
            "recall@1": 33.20241268060037,
            "recall@5": 62.51928741759013,
            "recall@10": 73.27815962968158
        },
        "image_to_text": {
            "recall@1": 42.02777777777778,
            "recall@5": 70.75,
            "recall@10": 80.94444444444444
        }
    },
    "es": {
        "text_to_image": {
            "recall@1": 31.295758280069727,
            "recall@5": 57.14119697850087,
            "recall@10": 67.80941313190006
        },
        "image_to_text": {
            "recall@1": 41.72222222222222,
            "recall@5": 69.19444444444444,
            "recall@10": 78.38888888888889
        }
    },
    "fa": {
        "text_to_image": {
            "recall@1": 31.289698978182823,
            "recall@5": 56.8075117370892,
            "recall@10": 67.74371720519194
        },
        "image_to_text": {
            "recall@1": 39.666666666666664,
            "recall@5": 66.52777777777777,
            "recall@10": 76.5
        }
    },
    "fi": {
        "text_to_image": {
            "recall@1": 32.65822784810127,
            "recall@5": 58.21378340365682,
            "recall@10": 68.12939521800281
        },
        "image_to_text": {
            "recall@1": 41.388888888888886,
            "recall@5": 68.13888888888889,
            "recall@10": 78.13888888888889
        }
    },
    "fil": {
        "text_to_image": {
            "recall@1": 2.152223489167617,
            "recall@5": 5.801026225769669,
            "recall@10": 8.922462941847206
        },
        "image_to_text": {
            "recall@1": 6.527777777777778,
            "recall@5": 14.916666666666666,
            "recall@10": 19.444444444444443
        }
    },
    "fr": {
        "text_to_image": {
            "recall@1": 36.08644859813084,
            "recall@5": 62.651869158878505,
            "recall@10": 73.45794392523365
        },
        "image_to_text": {
            "recall@1": 49.583333333333336,
            "recall@5": 74.72222222222223,
            "recall@10": 83.75
        }
    },
    "hi": {
        "text_to_image": {
            "recall@1": 19.164094039420565,
            "recall@5": 40.39420565186416,
            "recall@10": 51.15174542863928
        },
        "image_to_text": {
            "recall@1": 29.63888888888889,
            "recall@5": 53.47222222222222,
            "recall@10": 64.58333333333333
        }
    },
    "hr": {
        "text_to_image": {
            "recall@1": 34.92524916943522,
            "recall@5": 61.60022148394241,
            "recall@10": 72.00996677740864
        },
        "image_to_text": {
            "recall@1": 44.916666666666664,
            "recall@5": 72.55555555555556,
            "recall@10": 81.11111111111111
        }
    },
    "hu": {
        "text_to_image": {
            "recall@1": 33.04203079483978,
            "recall@5": 58.88472742405327,
            "recall@10": 69.05257317242337
        },
        "image_to_text": {
            "recall@1": 41.666666666666664,
            "recall@5": 69.55555555555556,
            "recall@10": 79.66666666666667
        }
    },
    "id": {
        "text_to_image": {
            "recall@1": 40.07017543859649,
            "recall@5": 68.18245614035088,
            "recall@10": 78.61052631578947
        },
        "image_to_text": {
            "recall@1": 51.25,
            "recall@5": 77.47222222222223,
            "recall@10": 86.41666666666667
        }
    },
    "it": {
        "text_to_image": {
            "recall@1": 33.21133412042503,
            "recall@5": 59.138134592680046,
            "recall@10": 69.91735537190083
        },
        "image_to_text": {
            "recall@1": 42.861111111111114,
            "recall@5": 69.91666666666667,
            "recall@10": 78.5
        }
    },
    "he": {
        "text_to_image": {
            "recall@1": 30.250347705146037,
            "recall@5": 54.86787204450626,
            "recall@10": 65.45201668984701
        },
        "image_to_text": {
            "recall@1": 39.19444444444444,
            "recall@5": 66.27777777777777,
            "recall@10": 75.61111111111111
        }
    },
    "ja": {
        "text_to_image": {
            "recall@1": 33.254355400696866,
            "recall@5": 59.19163763066202,
            "recall@10": 69.08710801393728
        },
        "image_to_text": {
            "recall@1": 43.44444444444444,
            "recall@5": 69.88888888888889,
            "recall@10": 78.97222222222223
        }
    },
    "ko": {
        "text_to_image": {
            "recall@1": 28.479853479853478,
            "recall@5": 53.2967032967033,
            "recall@10": 64.48194662480377
        },
        "image_to_text": {
            "recall@1": 38.25,
            "recall@5": 64.91666666666667,
            "recall@10": 74.11111111111111
        }
    },
    "mi": {
        "text_to_image": {
            "recall@1": 0.10622477161674103,
            "recall@5": 0.3399192691735713,
            "recall@10": 0.5736137667304015
        },
        "image_to_text": {
            "recall@1": 0.2777777777777778,
            "recall@5": 0.8333333333333334,
            "recall@10": 1.0833333333333333
        }
    },
    "nl": {
        "text_to_image": {
            "recall@1": 29.485257371314344,
            "recall@5": 56.53423288355822,
            "recall@10": 67.50374812593704
        },
        "image_to_text": {
            "recall@1": 39.888888888888886,
            "recall@5": 67.0,
            "recall@10": 77.5
        }
    },
    "no": {
        "text_to_image": {
            "recall@1": 34.223334723960505,
            "recall@5": 60.116812682519814,
            "recall@10": 70.72729801140315
        },
        "image_to_text": {
            "recall@1": 44.333333333333336,
            "recall@5": 71.58333333333333,