{
    "ar": {
        "text_to_image": {
            "recall@1": 22.11472952718354,
            "recall@5": 44.91075078348549,
            "recall@10": 55.78416678021529
        },
        "image_to_text": {
            "recall@1": 31.77777777777778,
            "recall@5": 56.5,
            "recall@10": 67.66666666666667
        }
    },
    "bn": {
        "text_to_image": {
            "recall@1": 5.982192543127435,
            "recall@5": 14.718976071229827,
            "recall@10": 20.95158597662771
        },
        "image_to_text": {
            "recall@1": 8.222222222222221,
            "recall@5": 19.805555555555557,
            "recall@10": 26.38888888888889
        }
    },
    "cs": {
        "text_to_image": {
            "recall@1": 27.003228646903434,
            "recall@5": 50.58702670971529,
            "recall@10": 61.54975051364837
        },
        "image_to_text": {
            "recall@1": 37.02777777777778,
            "recall@5": 63.083333333333336,
            "recall@10": 73.30555555555556
        }
    },
    "da": {
        "text_to_image": {
            "recall@1": 32.59729505934308,
            "recall@5": 58.05961910019321,
            "recall@10": 69.07259177477229
        },
        "image_to_text": {
            "recall@1": 45.47222222222222,
            "recall@5": 72.66666666666667,
            "recall@10": 82.16666666666667
        }
    },
    "de": {
        "text_to_image": {
            "recall@1": 32.19946777739211,
            "recall@5": 58.023834316788154,
            "recall@10": 68.29804466041884
        },
        "image_to_text": {
            "recall@1": 45.833333333333336,
            "recall@5": 72.69444444444444,
            "recall@10": 82.16666666666667
        }
    },
    "el": {
        "text_to_image": {
            "recall@1": 23.943661971830984,
            "recall@5": 46.352112676056336,
            "recall@10": 56.7887323943662
        },
        "image_to_text": {
            "recall@1": 33.94444444444444,
            "recall@5": 57.77777777777778,
            "recall@10": 69.0
        }
    },
    "en": {
        "text_to_image": {
            "recall@1": 29.583391780053304,
            "recall@5": 56.277177724786085,
            "recall@10": 68.14419974751017
        },
        "image_to_text": {
            "recall@1": 39.44444444444444,
            "recall@5": 67.38888888888889,
            "recall@10": 77.80555555555556
        }
    },
    "es": {
        "text_to_image": {
            "recall@1": 27.27484020918071,
            "recall@5": 52.6089482858803,
            "recall@10": 63.37013364323068
        },
        "image_to_text": {
            "recall@1": 40.333333333333336,
            "recall@5": 66.91666666666667,
            "recall@10": 76.47222222222223
        }
    },
    "fa": {
        "text_to_image": {
            "recall@1": 28.36233084783209,
            "recall@5": 53.286384976525824,
            "recall@10": 64.30544048605357
        },
        "image_to_text": {
            "recall@1": 38.861111111111114,
            "recall@5": 66.75,
            "recall@10": 76.13888888888889
        }
    },
    "fi": {
        "text_to_image": {
            "recall@1": 28.29817158931083,
            "recall@5": 53.64275668073137,
            "recall@10": 64.86638537271449
        },
        "image_to_text": {
            "recall@1": 41.55555555555556,
            "recall@5": 66.66666666666667,
            "recall@10": 77.33333333333333
        }
    },
    "fil": {
        "text_to_image": {
            "recall@1": 1.8671607753705814,
            "recall@5": 5.572976054732041,
            "recall@10": 8.352337514253136
        },
        "image_to_text": {
            "recall@1": 6.055555555555555,
            "recall@5": 13.555555555555555,
            "recall@10": 17.944444444444443
        }
    },
    "fr": {
        "text_to_image": {
            "recall@1": 32.86214953271028,
            "recall@5": 58.55140186915888,
            "recall@10": 69.64953271028037
        },
        "image_to_text": {
            "recall@1": 46.388888888888886,
            "recall@5": 72.91666666666667,
            "recall@10": 82.72222222222223
        }
    },
    "hi": {
        "text_to_image": {
            "recall@1": 16.148183329375446,
            "recall@5": 35.763476608881504,
            "recall@10": 46.3785324151033
        },
        "image_to_text": {
            "recall@1": 26.11111111111111,
            "recall@5": 50.916666666666664,
            "recall@10": 60.138888888888886
        }
    },
    "hr": {
        "text_to_image": {
            "recall@1": 30.75858250276855,
            "recall@5": 57.15669988925803,
            "recall@10": 68.30011074197121
        },
        "image_to_text": {
            "recall@1": 45.47222222222222,
            "recall@5": 73.22222222222223,
            "recall@10": 82.36111111111111
        }
    },
    "hu": {
        "text_to_image": {
            "recall@1": 30.808711333055903,
            "recall@5": 57.081425995283674,
            "recall@10": 67.23540019420169
        },
        "image_to_text": {
            "recall@1": 43.166666666666664,
            "recall@5": 69.52777777777777,
            "recall@10": 80.02777777777777
        }
    },
    "id": {
        "text_to_image": {
            "recall@1": 37.17894736842105,
            "recall@5": 65.6140350877193,
            "recall@10": 76.25263157894737
        },
        "image_to_text": {
            "recall@1": 49.55555555555556,
            "recall@5": 77.16666666666667,
            "recall@10": 85.77777777777777
        }
    },
    "it": {
        "text_to_image": {
            "recall@1": 29.551357733175916,
            "recall@5": 54.049586776859506,
            "recall@10": 65.1948051948052
        },
        "image_to_text": {
            "recall@1": 42.25,
            "recall@5": 69.63888888888889,
            "recall@10": 79.19444444444444
        }
    },
    "he": {
        "text_to_image": {
            "recall@1": 27.579972183588318,
            "recall@5": 51.41863699582754,
            "recall@10": 61.738525730180804
        },
        "image_to_text": {
            "recall@1": 40.44444444444444,
            "recall@5": 64.33333333333333,
            "recall@10": 73.91666666666667
        }
    },
    "ja": {
        "text_to_image": {
            "recall@1": 30.968641114982578,
            "recall@5": 57.31010452961672,
            "recall@10": 67.74912891986062
        },
        "image_to_text": {
            "recall@1": 40.583333333333336,
            "recall@5": 68.36111111111111,
            "recall@10": 78.86111111111111
        }
    },
    "ko": {
        "text_to_image": {
            "recall@1": 27.511773940345368,
            "recall@5": 50.824175824175825,
            "recall@10": 61.800104657247516
        },
        "image_to_text": {
            "recall@1": 37.083333333333336,
            "recall@5": 62.22222222222222,
            "recall@10": 72.75
        }
    },
    "mi": {
        "text_to_image": {
            "recall@1": 0.06373486297004462,
            "recall@5": 0.36116422349691946,
            "recall@10": 0.7223284469938389
        },
        "image_to_text": {
            "recall@1": 0.2777777777777778,
            "recall@5": 0.7222222222222222,
            "recall@10": 1.1111111111111112
        }
    },
    "nl": {
        "text_to_image": {
            "recall@1": 28.360819590204898,
            "recall@5": 52.92353823088456,
            "recall@10": 64.0304847576212
        },
        "image_to_text": {
            "recall@1": 40.72222222222222,
            "recall@5": 66.47222222222223,
            "recall@10": 77.83333333333333
        }
    },
    "no": {
        "text_to_image": {
            "recall@1": 30.218328466138228,
            "recall@5": 56.821026282853566,
            "recall@10": 67.87651230705048
        },
        "image_to_text": {
            "recall@1": 44.19444444444444,