{
    "ar": {
        "text_to_image": {
            "recall@1": 31.65281373484126,
            "recall@5": 57.759912794658675,
            "recall@10": 69.12385883635373
        },
        "image_to_text": {
            "recall@1": 36.02777777777778,
            "recall@5": 62.97222222222222,
            "recall@10": 73.94444444444444
        }
    },
    "bn": {
        "text_to_image": {
            "recall@1": 23.67835281023929,
            "recall@5": 47.80189204229271,
            "recall@10": 59.79410127991096
        },
        "image_to_text": {
            "recall@1": 26.38888888888889,
            "recall@5": 51.44444444444444,
            "recall@10": 62.333333333333336
        }
    },
    "cs": {
        "text_to_image": {
            "recall@1": 31.273847960082183,
            "recall@5": 58.233049603756974,
            "recall@10": 69.43058409157616
        },
        "image_to_text": {
            "recall@1": 36.02777777777778,
            "recall@5": 64.05555555555556,
            "recall@10": 74.5
        }
    },
    "da": {
        "text_to_image": {
            "recall@1": 39.52525531327629,
            "recall@5": 67.88573005796302,
            "recall@10": 77.51863096881038
        },
        "image_to_text": {
            "recall@1": 45.22222222222222,
            "recall@5": 73.30555555555556,
            "recall@10": 83.16666666666667
        }
    },
    "de": {
        "text_to_image": {
            "recall@1": 49.392572023602916,
            "recall@5": 76.8598866134444,
            "recall@10": 85.53742913340275
        },
        "image_to_text": {
            "recall@1": 56.30555555555556,
            "recall@5": 83.55555555555556,
            "recall@10": 90.61111111111111
        }
    },
    "el": {
        "text_to_image": {
            "recall@1": 26.450704225352112,
            "recall@5": 51.40845070422535,
            "recall@10": 61.88732394366197
        },
        "image_to_text": {
            "recall@1": 30.444444444444443,
            "recall@5": 58.02777777777778,
            "recall@10": 68.55555555555556
        }
    },
    "en": {
        "text_to_image": {
            "recall@1": 41.25403282367793,
            "recall@5": 70.19217281526161,
            "recall@10": 79.73067751437789
        },
        "image_to_text": {
            "recall@1": 47.138888888888886,
            "recall@5": 75.80555555555556,
            "recall@10": 85.13888888888889
        }
    },
    "es": {
        "text_to_image": {
            "recall@1": 40.058105752469494,
            "recall@5": 68.76234747239977,
            "recall@10": 78.965717606043
        },
        "image_to_text": {
            "recall@1": 47.388888888888886,
            "recall@5": 75.33333333333333,
            "recall@10": 84.25
        }
    },
    "fa": {
        "text_to_image": {
            "recall@1": 33.12620822977078,
            "recall@5": 59.91438829052748,
            "recall@10": 69.88400994200497
        },
        "image_to_text": {
            "recall@1": 37.75,
            "recall@5": 65.38888888888889,
            "recall@10": 76.11111111111111
        }
    },
    "fi": {
        "text_to_image": {
            "recall@1": 34.71167369901547,
            "recall@5": 61.561181434599156,
            "recall@10": 72.27848101265823
        },
        "image_to_text": {
            "recall@1": 38.77777777777778,
            "recall@5": 67.61111111111111,
            "recall@10": 77.27777777777777
        }
    },
    "fil": {
        "text_to_image": {
            "recall@1": 15.849486887115166,
            "recall@5": 34.72063854047891,
            "recall@10": 44.34150513112885
        },
        "image_to_text": {
            "recall@1": 21.444444444444443,
            "recall@5": 42.47222222222222,
            "recall@10": 53.52777777777778
        }
    },
    "fr": {
        "text_to_image": {
            "recall@1": 46.6822429906542,
            "recall@5": 75.51401869158879,
            "recall@10": 83.78504672897196
        },
        "image_to_text": {
            "recall@1": 52.861111111111114,
            "recall@5": 80.27777777777777,
            "recall@10": 88.47222222222223
        }
    },
    "he": {
        "text_to_image": {
            "recall@1": 30.79276773296245,
            "recall@5": 57.26008344923505,
            "recall@10": 67.2183588317107
        },
        "image_to_text": {
            "recall@1": 34.77777777777778,
            "recall@5": 61.44444444444444,
            "recall@10": 72.91666666666667
        }
    },
    "hi": {
        "text_to_image": {
            "recall@1": 21.705058180954644,
            "recall@5": 45.333649964379006,
            "recall@10": 56.56613630966516
        },
        "image_to_text": {
            "recall@1": 27.583333333333332,
            "recall@5": 53.47222222222222,
            "recall@10": 64.75
        }
    },
    "hr": {
        "text_to_image": {
            "recall@1": 31.007751937984494,
            "recall@5": 56.60299003322259,
            "recall@10": 66.7358803986711
        },
        "image_to_text": {
            "recall@1": 37.22222222222222,
            "recall@5": 63.77777777777778,
            "recall@10": 74.38888888888889
        }
    },
    "hu": {
        "text_to_image": {
            "recall@1": 30.61450964072687,
            "recall@5": 56.33236232487169,
            "recall@10": 67.3879872381745
        },
        "image_to_text": {
            "recall@1": 35.27777777777778,
            "recall@5": 62.22222222222222,
            "recall@10": 72.55555555555556
        }
    },
    "id": {
        "text_to_image": {
            "recall@1": 42.63859649122807,
            "recall@5": 70.62456140350878,
            "recall@10": 80.19649122807017
        },
        "image_to_text": {
            "recall@1": 46.861111111111114,
            "recall@5": 74.80555555555556,
            "recall@10": 83.83333333333333
        }
    },
    "it": {
        "text_to_image": {
            "recall@1": 45.58441558441559,
            "recall@5": 74.12042502951594,
            "recall@10": 82.91617473435656
        },
        "image_to_text": {
            "recall@1": 51.416666666666664,
            "recall@5": 79.08333333333333,
            "recall@10": 87.80555555555556
        }
    },
    "ja": {
        "text_to_image": {
            "recall@1": 38.57839721254356,
            "recall@5": 66.31358885017421,
            "recall@10": 76.36236933797909
        },
        "image_to_text": {
            "recall@1": 44.05555555555556,
            "recall@5": 72.13888888888889,
            "recall@10": 82.0
        }
    },
    "ko": {
        "text_to_image": {
            "recall@1": 31.75039246467818,
            "recall@5": 57.6138147566719,
            "recall@10": 68.90371533228677
        },
        "image_to_text": {
            "recall@1": 36.861111111111114,
            "recall@5": 64.25,
            "recall@10": 75.63888888888889
        }
    },
    "mi": {
        "text_to_image": {
            "recall@1": 0.14871468026343743,
            "recall@5": 0.4248990864669641,
            "recall@10": 0.616103675377098
        },
        "image_to_text": {
            "recall@1": 0.3333333333333333,
            "recall@5": 0.9722222222222222,
            "recall@10": 1.4444444444444444
        }
    },
    "nl": {
        "text_to_image": {
            "recall@1": 36.10694652673663,
            "recall@5": 63.75562218890555,
            "recall@10": 74.5127436281859
        },
        "image_to_text": {
            "recall@1": 40.05555555555556,
            "recall@5": 68.63888888888889,
            "recall@10": 79.13888888888889
        }
    },
    "no": {
        "text_to_image": {
            "recall@1": 38.54818523153943,
            "recall@5": 66.86135447086636,
            "recall@10": 77.15199554999305
        },
        "image_to_text": {
            "recall@1": 43.30555555555556,
            "recall@5": 72.88888888888889,