{
    "ar": {
        "text_to_image": {
            "recall@1": 0.4087750374710451,
            "recall@5": 0.6949175637007766,
            "recall@10": 0.9265567516010356
        },
        "image_to_text": {
            "recall@1": 1.4444444444444444,
            "recall@5": 1.6944444444444444,
            "recall@10": 1.8888888888888888
        }
    },
    "bn": {
        "text_to_image": {
            "recall@1": 0.027824151363383415,
            "recall@5": 0.11129660545353366,
            "recall@10": 0.22259321090706732
        },
        "image_to_text": {
            "recall@1": 0.05555555555555555,
            "recall@5": 0.1111111111111111,
            "recall@10": 0.2222222222222222
        }
    },
    "cs": {
        "text_to_image": {
            "recall@1": 3.067214558262401,
            "recall@5": 6.5159964778397415,
            "recall@10": 8.555914294100381
        },
        "image_to_text": {
            "recall@1": 5.25,
            "recall@5": 9.75,
            "recall@10": 12.166666666666666
        }
    },
    "da": {
        "text_to_image": {
            "recall@1": 7.728401876897599,
            "recall@5": 16.89207838807618,
            "recall@10": 21.18410157328181
        },
        "image_to_text": {
            "recall@1": 11.694444444444445,
            "recall@5": 23.77777777777778,
            "recall@10": 29.77777777777778
        }
    },
    "de": {
        "text_to_image": {
            "recall@1": 19.356704847853756,
            "recall@5": 36.8969107948629,
            "recall@10": 45.25049172740946
        },
        "image_to_text": {
            "recall@1": 29.27777777777778,
            "recall@5": 49.97222222222222,
            "recall@10": 58.916666666666664
        }
    },
    "el": {
        "text_to_image": {
            "recall@1": 0.2112676056338028,
            "recall@5": 0.6338028169014085,
            "recall@10": 0.8309859154929577
        },
        "image_to_text": {
            "recall@1": 0.75,
            "recall@5": 1.2222222222222223,
            "recall@10": 1.4444444444444444
        }
    },
    "en": {
        "text_to_image": {
            "recall@1": 52.37761256838266,
            "recall@5": 78.4962827886099,
            "recall@10": 85.73432458970403
        },
        "image_to_text": {
            "recall@1": 59.416666666666664,
            "recall@5": 85.75,
            "recall@10": 91.83333333333333
        }
    },
    "es": {
        "text_to_image": {
            "recall@1": 25.67112144102266,
            "recall@5": 48.03021499128414,
            "recall@10": 58.19872167344567
        },
        "image_to_text": {
            "recall@1": 33.75,
            "recall@5": 60.30555555555556,
            "recall@10": 70.27777777777777
        }
    },
    "fa": {
        "text_to_image": {
            "recall@1": 0.12427506213753108,
            "recall@5": 0.2899751449875725,
            "recall@10": 0.428058547362607
        },
        "image_to_text": {
            "recall@1": 0.4166666666666667,
            "recall@5": 0.6388888888888888,
            "recall@10": 0.6944444444444444
        }
    },
    "fi": {
        "text_to_image": {
            "recall@1": 2.2362869198312234,
            "recall@5": 5.232067510548523,
            "recall@10": 6.933895921237694
        },
        "image_to_text": {
            "recall@1": 5.388888888888889,
            "recall@5": 10.694444444444445,
            "recall@10": 12.833333333333334
        }
    },
    "fil": {
        "text_to_image": {
            "recall@1": 4.561003420752566,
            "recall@5": 10.005701254275941,
            "recall@10": 12.67103762827822
        },
        "image_to_text": {
            "recall@1": 10.25,
            "recall@5": 18.88888888888889,
            "recall@10": 22.805555555555557
        }
    },
    "fr": {
        "text_to_image": {
            "recall@1": 37.7803738317757,
            "recall@5": 63.271028037383175,
            "recall@10": 72.53504672897196
        },
        "image_to_text": {
            "recall@1": 47.75,
            "recall@5": 72.94444444444444,
            "recall@10": 80.94444444444444
        }
    },
    "he": {
        "text_to_image": {
            "recall@1": 0.1808066759388039,
            "recall@5": 0.44506258692628653,
            "recall@10": 0.5424200278164116
        },
        "image_to_text": {
            "recall@1": 0.4722222222222222,
            "recall@5": 0.6944444444444444,
            "recall@10": 0.7777777777777778
        }
    },
    "hi": {
        "text_to_image": {
            "recall@1": 0.035620992638328186,
            "recall@5": 0.11873664212776062,
            "recall@10": 0.33246259795772976
        },
        "image_to_text": {
            "recall@1": 0.027777777777777776,
            "recall@5": 0.1111111111111111,
            "recall@10": 0.25
        }
    },
    "hr": {
        "text_to_image": {
            "recall@1": 2.8516057585825028,
            "recall@5": 6.893687707641196,
            "recall@10": 9.26079734219269
        },
        "image_to_text": {
            "recall@1": 5.444444444444445,
            "recall@5": 12.11111111111111,
            "recall@10": 16.36111111111111
        }
    },
    "hu": {
        "text_to_image": {
            "recall@1": 3.010126231100014,
            "recall@5": 7.143847967818005,
            "recall@10": 9.252323484533223
        },
        "image_to_text": {
            "recall@1": 6.416666666666667,
            "recall@5": 11.916666666666666,
            "recall@10": 14.916666666666666
        }
    },
    "id": {
        "text_to_image": {
            "recall@1": 5.894736842105263,
            "recall@5": 13.178947368421053,
            "recall@10": 16.673684210526314
        },
        "image_to_text": {
            "recall@1": 12.444444444444445,
            "recall@5": 22.444444444444443,
            "recall@10": 27.63888888888889
        }
    },
    "it": {
        "text_to_image": {
            "recall@1": 17.272727272727273,
            "recall@5": 33.49468713105077,
            "recall@10": 42.43211334120425
        },
        "image_to_text": {
            "recall@1": 25.0,
            "recall@5": 45.5,
            "recall@10": 55.02777777777778
        }
    },
    "ja": {
        "text_to_image": {
            "recall@1": 1.2125435540069687,
            "recall@5": 3.637630662020906,
            "recall@10": 5.881533101045296
        },
        "image_to_text": {
            "recall@1": 2.9722222222222223,
            "recall@5": 8.63888888888889,
            "recall@10": 12.555555555555555
        }
    },
    "ko": {
        "text_to_image": {
            "recall@1": 0.17006802721088435,
            "recall@5": 0.3532182103610675,
            "recall@10": 0.47095761381475665
        },
        "image_to_text": {
            "recall@1": 0.6111111111111112,
            "recall@5": 0.9722222222222222,
            "recall@10": 1.25
        }
    },
    "mi": {
        "text_to_image": {
            "recall@1": 0.23369449755683025,
            "recall@5": 0.6585935840237943,
            "recall@10": 1.1897174421074994
        },
        "image_to_text": {
            "recall@1": 0.5277777777777778,
            "recall@5": 1.0555555555555556,
            "recall@10": 1.5277777777777777
        }
    },
    "nl": {
        "text_to_image": {
            "recall@1": 13.030984507746126,
            "recall@5": 26.67416291854073,
            "recall@10": 33.158420789605195
        },
        "image_to_text": {
            "recall@1": 18.0,
            "recall@5": 35.5,
            "recall@10": 43.416666666666664
        }
    },
    "no": {
        "text_to_image": {
            "recall@1": 7.412042831316924,
            "recall@5": 16.798776248087886,
            "recall@10": 21.95800305937978
        },
        "image_to_text": {
            "recall@1": 12.527777777777779,
            "recall@5": 25.22222222222222,