{
    "ar": {
        "text_to_image": {
            "recall@1": 0.3678975337239406,
            "recall@5": 0.722169232865513,
            "recall@10": 1.1445701049189263
        },
        "image_to_text": {
            "recall@1": 1.1111111111111112,
            "recall@5": 1.6388888888888888,
            "recall@10": 2.0555555555555554
        }
    },
    "bn": {
        "text_to_image": {
            "recall@1": 0.027824151363383415,
            "recall@5": 0.11129660545353366,
            "recall@10": 0.22259321090706732
        },
        "image_to_text": {
            "recall@1": 0.027777777777777776,
            "recall@5": 0.19444444444444445,
            "recall@10": 0.3055555555555556
        }
    },
    "cs": {
        "text_to_image": {
            "recall@1": 2.171998825946581,
            "recall@5": 4.725565013208101,
            "recall@10": 6.325212797182272
        },
        "image_to_text": {
            "recall@1": 5.638888888888889,
            "recall@5": 11.11111111111111,
            "recall@10": 14.305555555555555
        }
    },
    "da": {
        "text_to_image": {
            "recall@1": 4.5818382555892905,
            "recall@5": 10.516146839635661,
            "recall@10": 13.745514766767872
        },
        "image_to_text": {
            "recall@1": 12.11111111111111,
            "recall@5": 23.75,
            "recall@10": 30.27777777777778
        }
    },
    "de": {
        "text_to_image": {
            "recall@1": 15.237764665046859,
            "recall@5": 31.29700335531644,
            "recall@10": 38.852250376026845
        },
        "image_to_text": {
            "recall@1": 33.388888888888886,
            "recall@5": 55.361111111111114,
            "recall@10": 66.44444444444444
        }
    },
    "el": {
        "text_to_image": {
            "recall@1": 0.19718309859154928,
            "recall@5": 0.43661971830985913,
            "recall@10": 0.6619718309859155
        },
        "image_to_text": {
            "recall@1": 0.7222222222222222,
            "recall@5": 1.3333333333333333,
            "recall@10": 1.4722222222222223
        }
    },
    "en": {
        "text_to_image": {
            "recall@1": 42.40426427268902,
            "recall@5": 68.4808528545378,
            "recall@10": 77.34605133959882
        },
        "image_to_text": {
            "recall@1": 54.44444444444444,
            "recall@5": 79.80555555555556,
            "recall@10": 87.11111111111111
        }
    },
    "es": {
        "text_to_image": {
            "recall@1": 21.533991865194654,
            "recall@5": 41.75479372457873,
            "recall@10": 51.202789076118535
        },
        "image_to_text": {
            "recall@1": 37.916666666666664,
            "recall@5": 63.27777777777778,
            "recall@10": 73.83333333333333
        }
    },
    "fa": {
        "text_to_image": {
            "recall@1": 0.09665838166252416,
            "recall@5": 0.27616680475006905,
            "recall@10": 0.4971002485501243
        },
        "image_to_text": {
            "recall@1": 0.2222222222222222,
            "recall@5": 0.5555555555555556,
            "recall@10": 0.6666666666666666
        }
    },
    "fi": {
        "text_to_image": {
            "recall@1": 1.6455696202531647,
            "recall@5": 4.149085794655415,
            "recall@10": 5.40084388185654
        },
        "image_to_text": {
            "recall@1": 5.833333333333333,
            "recall@5": 11.222222222222221,
            "recall@10": 14.36111111111111
        }
    },
    "fil": {
        "text_to_image": {
            "recall@1": 4.461231470923603,
            "recall@5": 9.321550741163056,
            "recall@10": 12.157924743443557
        },
        "image_to_text": {
            "recall@1": 11.833333333333334,
            "recall@5": 20.444444444444443,
            "recall@10": 24.77777777777778
        }
    },
    "fr": {
        "text_to_image": {
            "recall@1": 25.502336448598133,
            "recall@5": 47.61682242990654,
            "recall@10": 57.35981308411215
        },
        "image_to_text": {
            "recall@1": 40.861111111111114,
            "recall@5": 66.22222222222223,
            "recall@10": 76.25
        }
    },
    "he": {
        "text_to_image": {
            "recall@1": 0.12517385257301808,
            "recall@5": 0.27816411682892905,
            "recall@10": 0.45897079276773295
        },
        "image_to_text": {
            "recall@1": 0.4444444444444444,
            "recall@5": 0.75,
            "recall@10": 0.8333333333333334
        }
    },
    "hi": {
        "text_to_image": {
            "recall@1": 0.035620992638328186,
            "recall@5": 0.14248397055331274,
            "recall@10": 0.33246259795772976
        },
        "image_to_text": {
            "recall@1": 0.05555555555555555,
            "recall@5": 0.19444444444444445,
            "recall@10": 0.4166666666666667
        }
    },
    "hr": {
        "text_to_image": {
            "recall@1": 2.0348837209302326,
            "recall@5": 5.163344407530454,
            "recall@10": 7.129014396456257
        },
        "image_to_text": {
            "recall@1": 5.916666666666667,
            "recall@5": 12.444444444444445,
            "recall@10": 15.86111111111111
        }
    },
    "hu": {
        "text_to_image": {
            "recall@1": 2.233319461783881,
            "recall@5": 4.882785407129976,
            "recall@10": 6.10348175891247
        },
        "image_to_text": {
            "recall@1": 6.277777777777778,
            "recall@5": 12.11111111111111,
            "recall@10": 14.333333333333334
        }
    },
    "id": {
        "text_to_image": {
            "recall@1": 8.659649122807018,
            "recall@5": 18.021052631578947,
            "recall@10": 23.466666666666665
        },
        "image_to_text": {
            "recall@1": 22.944444444444443,
            "recall@5": 40.833333333333336,
            "recall@10": 49.44444444444444
        }
    },
    "it": {
        "text_to_image": {
            "recall@1": 13.18772136953955,
            "recall@5": 29.020070838252657,
            "recall@10": 37.378984651711924
        },
        "image_to_text": {
            "recall@1": 27.805555555555557,
            "recall@5": 51.05555555555556,
            "recall@10": 61.166666666666664
        }
    },
    "ja": {
        "text_to_image": {
            "recall@1": 3.177700348432056,
            "recall@5": 8.111498257839722,
            "recall@10": 11.846689895470384
        },
        "image_to_text": {
            "recall@1": 7.611111111111111,
            "recall@5": 17.47222222222222,
            "recall@10": 23.36111111111111
        }
    },
    "ko": {
        "text_to_image": {
            "recall@1": 0.09157509157509157,
            "recall@5": 0.3793825222396651,
            "recall@10": 0.5494505494505495
        },
        "image_to_text": {
            "recall@1": 0.4722222222222222,
            "recall@5": 1.2777777777777777,
            "recall@10": 1.7222222222222223
        }
    },
    "mi": {
        "text_to_image": {
            "recall@1": 0.25493945188017847,
            "recall@5": 0.8497981729339282,
            "recall@10": 1.1047376248141068
        },
        "image_to_text": {
            "recall@1": 0.6388888888888888,
            "recall@5": 1.25,
            "recall@10": 1.5555555555555556
        }
    },
    "nl": {
        "text_to_image": {
            "recall@1": 10.96951524237881,
            "recall@5": 23.76311844077961,
            "recall@10": 30.622188905547226
        },
        "image_to_text": {
            "recall@1": 22.88888888888889,
            "recall@5": 43.19444444444444,
            "recall@10": 53.166666666666664
        }
    },
    "no": {
        "text_to_image": {
            "recall@1": 4.505632040050062,
            "recall@5": 9.956890557641497,
            "recall@10": 13.183145598664998
        },