{
    "ar": {
        "text_to_image": {
            "recall@1": 0.9401825861834038,
            "recall@5": 1.757732661125494,
            "recall@10": 2.38452105191443
        },
        "image_to_text": {
            "recall@1": 1.9722222222222223,
            "recall@5": 3.638888888888889,
            "recall@10": 5.361111111111111
        }
    },
    "bn": {
        "text_to_image": {
            "recall@1": 0.027824151363383415,
            "recall@5": 0.13912075681691707,
            "recall@10": 0.38953811908736785
        },
        "image_to_text": {
            "recall@1": 0.08333333333333333,
            "recall@5": 0.19444444444444445,
            "recall@10": 0.4722222222222222
        }
    },
    "cs": {
        "text_to_image": {
            "recall@1": 6.046375110067508,
            "recall@5": 13.061344291165248,
            "recall@10": 16.788963897857354
        },
        "image_to_text": {
            "recall@1": 10.027777777777779,
            "recall@5": 20.194444444444443,
            "recall@10": 24.86111111111111
        }
    },
    "da": {
        "text_to_image": {
            "recall@1": 15.484405189069832,
            "recall@5": 30.044162296439413,
            "recall@10": 36.82031465636213
        },
        "image_to_text": {
            "recall@1": 23.97222222222222,
            "recall@5": 40.69444444444444,
            "recall@10": 48.333333333333336
        }
    },
    "de": {
        "text_to_image": {
            "recall@1": 33.310193219946775,
            "recall@5": 57.65359250260326,
            "recall@10": 66.7013768367465
        },
        "image_to_text": {
            "recall@1": 47.27777777777778,
            "recall@5": 72.44444444444444,
            "recall@10": 80.97222222222223
        }
    },
    "el": {
        "text_to_image": {
            "recall@1": 2.9014084507042255,
            "recall@5": 6.704225352112676,
            "recall@10": 9.661971830985916
        },
        "image_to_text": {
            "recall@1": 4.861111111111111,
            "recall@5": 11.61111111111111,
            "recall@10": 15.527777777777779
        }
    },
    "en": {
        "text_to_image": {
            "recall@1": 52.96675550568102,
            "recall@5": 79.49221489689998,
            "recall@10": 87.01080095385046
        },
        "image_to_text": {
            "recall@1": 60.611111111111114,
            "recall@5": 86.47222222222223,
            "recall@10": 91.97222222222223
        }
    },
    "es": {
        "text_to_image": {
            "recall@1": 26.170830912260314,
            "recall@5": 48.959907030796046,
            "recall@10": 58.442765833817546
        },
        "image_to_text": {
            "recall@1": 37.27777777777778,
            "recall@5": 64.08333333333333,
            "recall@10": 73.44444444444444
        }
    },
    "fa": {
        "text_to_image": {
            "recall@1": 0.3728251864125932,
            "recall@5": 1.0494338580502625,
            "recall@10": 1.5603424468378901
        },
        "image_to_text": {
            "recall@1": 0.7777777777777778,
            "recall@5": 2.1666666666666665,
            "recall@10": 3.25
        }
    },
    "fi": {
        "text_to_image": {
            "recall@1": 3.8959212376933894,
            "recall@5": 8.410689170182842,
            "recall@10": 10.646976090014064
        },
        "image_to_text": {
            "recall@1": 7.916666666666667,
            "recall@5": 15.416666666666666,
            "recall@10": 18.61111111111111
        }
    },
    "fil": {
        "text_to_image": {
            "recall@1": 4.846066134549601,
            "recall@5": 10.034207525655644,
            "recall@10": 13.027366020524516
        },
        "image_to_text": {
            "recall@1": 10.777777777777779,
            "recall@5": 20.5,
            "recall@10": 24.36111111111111
        }
    },
    "fr": {
        "text_to_image": {
            "recall@1": 45.12850467289719,
            "recall@5": 71.25,
            "recall@10": 80.0233644859813
        },
        "image_to_text": {
            "recall@1": 55.0,
            "recall@5": 81.11111111111111,
            "recall@10": 88.86111111111111
        }
    },
    "hi": {
        "text_to_image": {
            "recall@1": 0.189978627404417,
            "recall@5": 0.6411778674899073,
            "recall@10": 1.11612443600095
        },
        "image_to_text": {
            "recall@1": 0.3055555555555556,
            "recall@5": 1.5833333333333333,
            "recall@10": 2.8333333333333335
        }
    },
    "hr": {
        "text_to_image": {
            "recall@1": 4.540420819490587,
            "recall@5": 10.562015503875969,
            "recall@10": 14.022702104097453
        },
        "image_to_text": {
            "recall@1": 8.63888888888889,
            "recall@5": 18.22222222222222,
            "recall@10": 22.61111111111111
        }
    },
    "hu": {
        "text_to_image": {
            "recall@1": 4.549868220280206,
            "recall@5": 10.500762935219864,
            "recall@10": 13.413788320155362
        },
        "image_to_text": {
            "recall@1": 8.88888888888889,
            "recall@5": 17.13888888888889,
            "recall@10": 21.083333333333332
        }
    },
    "id": {
        "text_to_image": {
            "recall@1": 8.449122807017543,
            "recall@5": 17.571929824561405,
            "recall@10": 22.4140350877193
        },
        "image_to_text": {
            "recall@1": 16.52777777777778,
            "recall@5": 31.555555555555557,
            "recall@10": 38.583333333333336
        }
    },
    "it": {
        "text_to_image": {
            "recall@1": 27.28453364817001,
            "recall@5": 48.99645808736718,
            "recall@10": 57.95749704840614
        },
        "image_to_text": {
            "recall@1": 39.916666666666664,
            "recall@5": 64.55555555555556,
            "recall@10": 74.08333333333333
        }
    },
    "he": {
        "text_to_image": {
            "recall@1": 0.8205841446453408,
            "recall@5": 2.030598052851182,
            "recall@10": 3.0598052851182196
        },
        "image_to_text": {
            "recall@1": 1.1111111111111112,
            "recall@5": 3.138888888888889,
            "recall@10": 4.944444444444445
        }
    },
    "ja": {
        "text_to_image": {
            "recall@1": 5.923344947735192,
            "recall@5": 13.64459930313589,
            "recall@10": 18.285714285714285
        },
        "image_to_text": {
            "recall@1": 12.583333333333334,
            "recall@5": 26.083333333333332,
            "recall@10": 33.19444444444444
        }
    },
    "ko": {
        "text_to_image": {
            "recall@1": 0.6541077969649398,
            "recall@5": 1.5044479330193616,
            "recall@10": 2.4725274725274726
        },
        "image_to_text": {
            "recall@1": 1.5277777777777777,
            "recall@5": 3.5,
            "recall@10": 5.055555555555555
        }
    },
    "mi": {
        "text_to_image": {
            "recall@1": 0.29742936052687485,
            "recall@5": 0.8922880815806246,
            "recall@10": 1.2534523050775441
        },
        "image_to_text": {
            "recall@1": 0.7222222222222222,
            "recall@5": 1.6111111111111112,
            "recall@10": 2.1666666666666665
        }
    },
    "nl": {
        "text_to_image": {
            "recall@1": 24.86256871564218,
            "recall@5": 45.97701149425287,
            "recall@10": 55.497251374312846
        },
        "image_to_text": {
            "recall@1": 32.888888888888886,
            "recall@5": 57.75,
            "recall@10": 67.61111111111111
        }
    },
    "no": {
        "text_to_image": {
            "recall@1": 13.266583229036295,
            "recall@5": 26.408010012515646,
            "recall@10": 33.04130162703379
        },
        "image_to_text": {
            "recall@1": 20.52777777777778,