{
    "ar": {
        "text_to_image": {
            "recall@1": 31.911704591906254,
            "recall@5": 58.114184493800245,
            "recall@10": 69.39637552800109
        },
        "image_to_text": {
            "recall@1": 35.861111111111114,
            "recall@5": 62.94444444444444,
            "recall@10": 73.94444444444444
        }
    },
    "bn": {
        "text_to_image": {
            "recall@1": 23.344462993878686,
            "recall@5": 48.16360601001669,
            "recall@10": 59.79410127991096
        },
        "image_to_text": {
            "recall@1": 26.27777777777778,
            "recall@5": 51.138888888888886,
            "recall@10": 62.361111111111114
        }
    },
    "cs": {
        "text_to_image": {
            "recall@1": 31.347226298796596,
            "recall@5": 58.48253595538597,
            "recall@10": 69.13707073671853
        },
        "image_to_text": {
            "recall@1": 35.80555555555556,
            "recall@5": 63.861111111111114,
            "recall@10": 74.52777777777777
        }
    },
    "da": {
        "text_to_image": {
            "recall@1": 39.608059619100196,
            "recall@5": 67.69252001104057,
            "recall@10": 77.82224675683136
        },
        "image_to_text": {
            "recall@1": 45.111111111111114,
            "recall@5": 73.41666666666667,
            "recall@10": 83.27777777777777
        }
    },
    "de": {
        "text_to_image": {
            "recall@1": 49.84380423464075,
            "recall@5": 76.98715723707046,
            "recall@10": 85.29445794284392
        },
        "image_to_text": {
            "recall@1": 57.19444444444444,
            "recall@5": 83.88888888888889,
            "recall@10": 90.05555555555556
        }
    },
    "el": {
        "text_to_image": {
            "recall@1": 26.3943661971831,
            "recall@5": 51.352112676056336,
            "recall@10": 62.46478873239437
        },
        "image_to_text": {
            "recall@1": 30.833333333333332,
            "recall@5": 58.0,
            "recall@10": 68.52777777777777
        }
    },
    "en": {
        "text_to_image": {
            "recall@1": 41.54860429232711,
            "recall@5": 69.89760134661243,
            "recall@10": 79.39402440735026
        },
        "image_to_text": {
            "recall@1": 47.30555555555556,
            "recall@5": 76.02777777777777,
            "recall@10": 84.91666666666667
        }
    },
    "es": {
        "text_to_image": {
            "recall@1": 40.29052876234747,
            "recall@5": 68.87855897733876,
            "recall@10": 79.04706565950029
        },
        "image_to_text": {
            "recall@1": 47.30555555555556,
            "recall@5": 75.52777777777777,
            "recall@10": 84.33333333333333
        }
    },
    "fa": {
        "text_to_image": {
            "recall@1": 33.26429163214581,
            "recall@5": 59.776304888152445,
            "recall@10": 70.25683512841756
        },
        "image_to_text": {
            "recall@1": 38.111111111111114,
            "recall@5": 65.94444444444444,
            "recall@10": 76.33333333333333
        }
    },
    "fi": {
        "text_to_image": {
            "recall@1": 34.781997187060476,
            "recall@5": 61.80028129395218,
            "recall@10": 72.1237693389592
        },
        "image_to_text": {
            "recall@1": 39.083333333333336,
            "recall@5": 67.47222222222223,
            "recall@10": 77.08333333333333
        }
    },
    "fil": {
        "text_to_image": {
            "recall@1": 15.935005701254276,
            "recall@5": 34.92018244013683,
            "recall@10": 44.34150513112885
        },
        "image_to_text": {
            "recall@1": 20.97222222222222,
            "recall@5": 42.52777777777778,
            "recall@10": 53.083333333333336
        }
    },
    "fr": {
        "text_to_image": {
            "recall@1": 47.33644859813084,
            "recall@5": 75.21028037383178,
            "recall@10": 83.91355140186916
        },
        "image_to_text": {
            "recall@1": 52.97222222222222,
            "recall@5": 80.47222222222223,
            "recall@10": 88.33333333333333
        }
    },
    "hi": {
        "text_to_image": {
            "recall@1": 21.97815245784849,
            "recall@5": 45.5355022559962,
            "recall@10": 56.88672524341012
        },
        "image_to_text": {
            "recall@1": 28.13888888888889,
            "recall@5": 53.5,
            "recall@10": 64.61111111111111
        }
    },
    "hr": {
        "text_to_image": {
            "recall@1": 30.96622369878184,
            "recall@5": 56.71373200442968,
            "recall@10": 67.49723145071982
        },
        "image_to_text": {
            "recall@1": 36.80555555555556,
            "recall@5": 63.888888888888886,
            "recall@10": 74.55555555555556
        }
    },
    "hu": {
        "text_to_image": {
            "recall@1": 30.628381190178942,
            "recall@5": 56.33236232487169,
            "recall@10": 67.06894160077681
        },
        "image_to_text": {
            "recall@1": 34.888888888888886,
            "recall@5": 62.75,
            "recall@10": 72.52777777777777
        }
    },
    "id": {
        "text_to_image": {
            "recall@1": 42.97543859649123,
            "recall@5": 70.42807017543859,
            "recall@10": 80.0421052631579
        },
        "image_to_text": {
            "recall@1": 47.361111111111114,
            "recall@5": 74.75,
            "recall@10": 84.16666666666667
        }
    },
    "it": {
        "text_to_image": {
            "recall@1": 45.832349468713105,
            "recall@5": 74.1676505312869,
            "recall@10": 83.05785123966942
        },
        "image_to_text": {
            "recall@1": 51.138888888888886,
            "recall@5": 79.47222222222223,
            "recall@10": 87.33333333333333
        }
    },
    "he": {
        "text_to_image": {
            "recall@1": 30.751043115438108,
            "recall@5": 57.2461752433936,
            "recall@10": 67.663421418637
        },
        "image_to_text": {
            "recall@1": 35.19444444444444,
            "recall@5": 62.111111111111114,
            "recall@10": 73.30555555555556
        }
    },
    "ja": {
        "text_to_image": {
            "recall@1": 38.940766550522646,
            "recall@5": 66.59233449477352,
            "recall@10": 76.29268292682927
        },
        "image_to_text": {
            "recall@1": 43.361111111111114,
            "recall@5": 72.11111111111111,
            "recall@10": 81.69444444444444
        }
    },
    "ko": {
        "text_to_image": {
            "recall@1": 32.33908948194662,
            "recall@5": 57.875457875457876,
            "recall@10": 69.17844060701204
        },
        "image_to_text": {
            "recall@1": 35.75,
            "recall@5": 64.44444444444444,
            "recall@10": 75.0
        }
    },
    "mi": {
        "text_to_image": {
            "recall@1": 0.10622477161674103,
            "recall@5": 0.3824091778202677,
            "recall@10": 0.6373486297004461
        },
        "image_to_text": {
            "recall@1": 0.3611111111111111,
            "recall@5": 0.8055555555555556,
            "recall@10": 1.4166666666666667
        }
    },
    "nl": {
        "text_to_image": {
            "recall@1": 36.26936531734133,
            "recall@5": 63.84307846076962,
            "recall@10": 73.93803098450775
        },
        "image_to_text": {
            "recall@1": 40.19444444444444,
            "recall@5": 68.5,
            "recall@10": 79.5
        }
    },
    "no": {
        "text_to_image": {
            "recall@1": 38.589904046725074,
            "recall@5": 67.13947990543736,
            "recall@10": 77.04074537616465
        },
        "image_to_text": {
            "recall@1": 44.111111111111114,
            "recall@5": 73.16666666666667,