{
    "ar": {
        "text_to_image": {
            "recall@1": 26.979152473088977,
            "recall@5": 50.797111323068535,
            "recall@10": 61.888540673116225
        },
        "image_to_text": {
            "recall@1": 31.75,
            "recall@5": 59.111111111111114,
            "recall@10": 69.55555555555556
        }
    },
    "bn": {
        "text_to_image": {
            "recall@1": 0.667779632721202,
            "recall@5": 2.1981079577072897,
            "recall@10": 4.173622704507513
        },
        "image_to_text": {
            "recall@1": 1.7777777777777777,
            "recall@5": 5.972222222222222,
            "recall@10": 8.833333333333334
        }
    },
    "cs": {
        "text_to_image": {
            "recall@1": 27.67830936307602,
            "recall@5": 52.21602582917523,
            "recall@10": 63.13472262987966
        },
        "image_to_text": {
            "recall@1": 33.083333333333336,
            "recall@5": 60.666666666666664,
            "recall@10": 70.16666666666667
        }
    },
    "da": {
        "text_to_image": {
            "recall@1": 33.28733094120894,
            "recall@5": 59.246480817002485,
            "recall@10": 69.74882693900082
        },
        "image_to_text": {
            "recall@1": 40.55555555555556,
            "recall@5": 67.16666666666667,
            "recall@10": 77.55555555555556
        }
    },
    "de": {
        "text_to_image": {
            "recall@1": 35.39280342473678,
            "recall@5": 62.5824366539396,
            "recall@10": 72.37070461645263
        },
        "image_to_text": {
            "recall@1": 42.30555555555556,
            "recall@5": 69.08333333333333,
            "recall@10": 78.91666666666667
        }
    },
    "el": {
        "text_to_image": {
            "recall@1": 25.549295774647888,
            "recall@5": 49.732394366197184,
            "recall@10": 60.028169014084504
        },
        "image_to_text": {
            "recall@1": 31.055555555555557,
            "recall@5": 56.138888888888886,
            "recall@10": 67.61111111111111
        }
    },
    "en": {
        "text_to_image": {
            "recall@1": 35.60106606817225,
            "recall@5": 62.968158226960306,
            "recall@10": 74.38630944031421
        },
        "image_to_text": {
            "recall@1": 39.97222222222222,
            "recall@5": 68.83333333333333,
            "recall@10": 80.19444444444444
        }
    },
    "es": {
        "text_to_image": {
            "recall@1": 30.5287623474724,
            "recall@5": 56.47879140034863,
            "recall@10": 67.01917489831493
        },
        "image_to_text": {
            "recall@1": 35.888888888888886,
            "recall@5": 62.916666666666664,
            "recall@10": 73.94444444444444
        }
    },
    "fa": {
        "text_to_image": {
            "recall@1": 31.703949185307927,
            "recall@5": 57.49792874896438,
            "recall@10": 68.44794255730461
        },
        "image_to_text": {
            "recall@1": 36.361111111111114,
            "recall@5": 63.55555555555556,
            "recall@10": 74.16666666666667
        }
    },
    "fi": {
        "text_to_image": {
            "recall@1": 30.829817158931082,
            "recall@5": 55.13361462728551,
            "recall@10": 65.45710267229255
        },
        "image_to_text": {
            "recall@1": 36.80555555555556,
            "recall@5": 63.138888888888886,
            "recall@10": 73.08333333333333
        }
    },
    "fil": {
        "text_to_image": {
            "recall@1": 1.7958950969213228,
            "recall@5": 5.188141391106043,
            "recall@10": 7.611174458380844
        },
        "image_to_text": {
            "recall@1": 4.111111111111111,
            "recall@5": 10.777777777777779,
            "recall@10": 14.61111111111111
        }
    },
    "fr": {
        "text_to_image": {
            "recall@1": 35.92289719626168,
            "recall@5": 63.282710280373834,
            "recall@10": 73.44626168224299
        },
        "image_to_text": {
            "recall@1": 43.69444444444444,
            "recall@5": 70.61111111111111,
            "recall@10": 80.22222222222223
        }
    },
    "he": {
        "text_to_image": {
            "recall@1": 33.75521557719054,
            "recall@5": 58.8317107093185,
            "recall@10": 68.99860917941585
        },
        "image_to_text": {
            "recall@1": 38.638888888888886,
            "recall@5": 67.08333333333333,
            "recall@10": 76.80555555555556
        }
    },
    "hi": {
        "text_to_image": {
            "recall@1": 21.610068867252433,
            "recall@5": 44.41937781999525,
            "recall@10": 55.66373782949418
        },
        "image_to_text": {
            "recall@1": 29.36111111111111,
            "recall@5": 53.861111111111114,
            "recall@10": 64.77777777777777
        }
    },
    "hr": {
        "text_to_image": {
            "recall@1": 33.402547065337764,
            "recall@5": 60.04983388704319,
            "recall@10": 70.25193798449612
        },
        "image_to_text": {
            "recall@1": 40.888888888888886,
            "recall@5": 68.58333333333333,
            "recall@10": 78.5
        }
    },
    "hu": {
        "text_to_image": {
            "recall@1": 31.23872936607019,
            "recall@5": 55.72201414898044,
            "recall@10": 66.20890553474823
        },
        "image_to_text": {
            "recall@1": 37.19444444444444,
            "recall@5": 61.861111111111114,
            "recall@10": 72.83333333333333
        }
    },
    "id": {
        "text_to_image": {
            "recall@1": 40.88421052631579,
            "recall@5": 68.42105263157895,
            "recall@10": 77.79649122807018
        },
        "image_to_text": {
            "recall@1": 46.22222222222222,
            "recall@5": 74.19444444444444,
            "recall@10": 83.38888888888889
        }
    },
    "it": {
        "text_to_image": {
            "recall@1": 32.231404958677686,
            "recall@5": 58.00472255017709,
            "recall@10": 69.35064935064935
        },
        "image_to_text": {
            "recall@1": 39.44444444444444,
            "recall@5": 65.58333333333333,
            "recall@10": 76.44444444444444
        }
    },
    "ja": {
        "text_to_image": {
            "recall@1": 36.34843205574913,
            "recall@5": 63.6794425087108,
            "recall@10": 73.67247386759581
        },
        "image_to_text": {
            "recall@1": 43.083333333333336,
            "recall@5": 71.66666666666667,
            "recall@10": 80.25
        }
    },
    "ko": {
        "text_to_image": {
            "recall@1": 22.252747252747252,
            "recall@5": 44.34850863422292,
            "recall@10": 54.53950811093668
        },
        "image_to_text": {
            "recall@1": 29.22222222222222,
            "recall@5": 52.97222222222222,
            "recall@10": 63.0
        }
    },
    "mi": {
        "text_to_image": {
            "recall@1": 0.021244954323348206,
            "recall@5": 0.23369449755683025,
            "recall@10": 0.4673889951136605
        },
        "image_to_text": {
            "recall@1": 0.1388888888888889,
            "recall@5": 0.4166666666666667,
            "recall@10": 0.6944444444444444
        }
    },
    "nl": {
        "text_to_image": {
            "recall@1": 28.12343828085957,
            "recall@5": 54.13543228385807,
            "recall@10": 64.79260369815093
        },
        "image_to_text": {
            "recall@1": 34.27777777777778,
            "recall@5": 61.27777777777778,
            "recall@10": 72.80555555555556
        }
    },
    "no": {
        "text_to_image": {
            "recall@1": 32.276456681963566,
            "recall@5": 58.42024753163677,
            "recall@10": 68.96120150187734
        },
        "image_to_text": {
            "recall@1": 37.638888888888886,