{
    "ar": {
        "text_to_image": {
            "recall@1": 31.298542035699686,
            "recall@5": 57.4056410955171,
            "recall@10": 68.56519961847663
        },
        "image_to_text": {
            "recall@1": 38.583333333333336,
            "recall@5": 66.38888888888889,
            "recall@10": 77.16666666666667
        }
    },
    "bn": {
        "text_to_image": {
            "recall@1": 9.237618252643294,
            "recall@5": 23.149693934335,
            "recall@10": 31.27434613244296
        },
        "image_to_text": {
            "recall@1": 12.083333333333334,
            "recall@5": 27.11111111111111,
            "recall@10": 36.333333333333336
        }
    },
    "cs": {
        "text_to_image": {
            "recall@1": 35.47108893454652,
            "recall@5": 63.50161432345172,
            "recall@10": 73.20223070149692
        },
        "image_to_text": {
            "recall@1": 43.611111111111114,
            "recall@5": 70.72222222222223,
            "recall@10": 80.0
        }
    },
    "da": {
        "text_to_image": {
            "recall@1": 42.768423958045815,
            "recall@5": 69.84543196246204,
            "recall@10": 79.64394148495722
        },
        "image_to_text": {
            "recall@1": 49.27777777777778,
            "recall@5": 78.30555555555556,
            "recall@10": 86.25
        }
    },
    "de": {
        "text_to_image": {
            "recall@1": 45.44718269119519,
            "recall@5": 72.49797524007867,
            "recall@10": 81.43005900728913
        },
        "image_to_text": {
            "recall@1": 53.361111111111114,
            "recall@5": 79.94444444444444,
            "recall@10": 88.11111111111111
        }
    },
    "el": {
        "text_to_image": {
            "recall@1": 30.788732394366196,
            "recall@5": 56.49295774647887,
            "recall@10": 67.4225352112676
        },
        "image_to_text": {
            "recall@1": 37.05555555555556,
            "recall@5": 65.41666666666667,
            "recall@10": 76.27777777777777
        }
    },
    "en": {
        "text_to_image": {
            "recall@1": 41.183896759713846,
            "recall@5": 69.67316594192734,
            "recall@10": 79.87094964230607
        },
        "image_to_text": {
            "recall@1": 46.47222222222222,
            "recall@5": 75.63888888888889,
            "recall@10": 85.08333333333333
        }
    },
    "es": {
        "text_to_image": {
            "recall@1": 37.21092388146427,
            "recall@5": 65.72922719349215,
            "recall@10": 75.7931435212086
        },
        "image_to_text": {
            "recall@1": 44.27777777777778,
            "recall@5": 71.75,
            "recall@10": 82.33333333333333
        }
    },
    "fa": {
        "text_to_image": {
            "recall@1": 38.414802540734605,
            "recall@5": 65.79674123170395,
            "recall@10": 76.18061309030655
        },
        "image_to_text": {
            "recall@1": 45.638888888888886,
            "recall@5": 72.83333333333333,
            "recall@10": 81.88888888888889
        }
    },
    "fi": {
        "text_to_image": {
            "recall@1": 40.28129395218003,
            "recall@5": 68.0028129395218,
            "recall@10": 77.52461322081575
        },
        "image_to_text": {
            "recall@1": 48.25,
            "recall@5": 75.38888888888889,
            "recall@10": 84.69444444444444
        }
    },
    "fil": {
        "text_to_image": {
            "recall@1": 2.5940706955530217,
            "recall@5": 6.912770809578107,
            "recall@10": 10.019954389965793
        },
        "image_to_text": {
            "recall@1": 5.861111111111111,
            "recall@5": 13.25,
            "recall@10": 18.0
        }
    },
    "fr": {
        "text_to_image": {
            "recall@1": 43.96028037383178,
            "recall@5": 71.90420560747664,
            "recall@10": 81.51869158878505
        },
        "image_to_text": {
            "recall@1": 53.97222222222222,
            "recall@5": 80.22222222222223,
            "recall@10": 87.91666666666667
        }
    },
    "he": {
        "text_to_image": {
            "recall@1": 39.666203059805284,
            "recall@5": 64.75660639777469,
            "recall@10": 75.10431154381085
        },
        "image_to_text": {
            "recall@1": 46.583333333333336,
            "recall@5": 73.25,
            "recall@10": 83.02777777777777
        }
    },
    "hi": {
        "text_to_image": {
            "recall@1": 24.863452861553075,
            "recall@5": 49.21633816195678,
            "recall@10": 60.18760389456186
        },
        "image_to_text": {
            "recall@1": 34.5,
            "recall@5": 59.5,
            "recall@10": 70.63888888888889
        }
    },
    "hr": {
        "text_to_image": {
            "recall@1": 42.787929125138426,
            "recall@5": 70.05813953488372,
            "recall@10": 79.29125138427464
        },
        "image_to_text": {
            "recall@1": 52.111111111111114,
            "recall@5": 78.97222222222223,
            "recall@10": 86.72222222222223
        }
    },
    "hu": {
        "text_to_image": {
            "recall@1": 41.01817172978222,
            "recall@5": 68.23415175475101,
            "recall@10": 77.68067693161326
        },
        "image_to_text": {
            "recall@1": 46.69444444444444,
            "recall@5": 74.19444444444444,
            "recall@10": 83.72222222222223
        }
    },
    "id": {
        "text_to_image": {
            "recall@1": 49.40350877192982,
            "recall@5": 77.10877192982456,
            "recall@10": 85.54385964912281
        },
        "image_to_text": {
            "recall@1": 56.52777777777778,
            "recall@5": 82.08333333333333,
            "recall@10": 89.86111111111111
        }
    },
    "it": {
        "text_to_image": {
            "recall@1": 42.40850059031877,
            "recall@5": 69.76387249114522,
            "recall@10": 79.31523022432113
        },
        "image_to_text": {
            "recall@1": 50.27777777777778,
            "recall@5": 76.94444444444444,
            "recall@10": 85.30555555555556
        }
    },
    "ja": {
        "text_to_image": {
            "recall@1": 41.40766550522648,
            "recall@5": 69.2404181184669,
            "recall@10": 78.70383275261324
        },
        "image_to_text": {
            "recall@1": 49.05555555555556,
            "recall@5": 76.63888888888889,
            "recall@10": 85.11111111111111
        }
    },
    "ko": {
        "text_to_image": {
            "recall@1": 35.21716378859236,
            "recall@5": 62.11407639979068,
            "recall@10": 72.44897959183673
        },
        "image_to_text": {
            "recall@1": 43.22222222222222,
            "recall@5": 70.44444444444444,
            "recall@10": 80.91666666666667
        }
    },
    "mi": {
        "text_to_image": {
            "recall@1": 0.06373486297004462,
            "recall@5": 0.4248990864669641,
            "recall@10": 0.6585935840237943
        },
        "image_to_text": {
            "recall@1": 0.2222222222222222,
            "recall@5": 0.6944444444444444,
            "recall@10": 1.0555555555555556
        }
    },
    "nl": {
        "text_to_image": {
            "recall@1": 36.64417791104448,
            "recall@5": 64.7176411794103,
            "recall@10": 74.91254372813593
        },
        "image_to_text": {
            "recall@1": 42.416666666666664,
            "recall@5": 70.0,
            "recall@10": 80.22222222222223
        }
    },
    "no": {
        "text_to_image": {
            "recall@1": 41.59365874009178,
            "recall@5": 69.30885829509108,
            "recall@10": 79.22403003754694
        },
        "image_to_text": {
            "recall@1": 49.77777777777778,
            "recall@5": 77.5,
            "recall@10": 86.25
        }
    },