{
    "ar": {
        "text_to_image": {
            "recall@1": 24.690012263251123,
            "recall@5": 48.78048780487805,
            "recall@10": 59.69478130535495
        },
        "image_to_text": {
            "recall@1": 34.583333333333336,
            "recall@5": 60.388888888888886,
            "recall@10": 71.22222222222223
        }
    },
    "bn": {
        "text_to_image": {
            "recall@1": 6.76126878130217,
            "recall@5": 16.972732331663885,
            "recall@10": 24.151363383416808
        },
        "image_to_text": {
            "recall@1": 9.36111111111111,
            "recall@5": 23.25,
            "recall@10": 31.38888888888889
        }
    },
    "cs": {
        "text_to_image": {
            "recall@1": 30.36395656002348,
            "recall@5": 55.928969768124446,
            "recall@10": 67.06780158497212
        },
        "image_to_text": {
            "recall@1": 39.72222222222222,
            "recall@5": 65.83333333333333,
            "recall@10": 75.86111111111111
        }
    },
    "da": {
        "text_to_image": {
            "recall@1": 35.71625724537676,
            "recall@5": 62.44824730886006,
            "recall@10": 72.34336185481645
        },
        "image_to_text": {
            "recall@1": 45.888888888888886,
            "recall@5": 73.41666666666667,
            "recall@10": 82.75
        }
    },
    "de": {
        "text_to_image": {
            "recall@1": 36.60765937753095,
            "recall@5": 62.24690500983455,
            "recall@10": 72.4864051833854
        },
        "image_to_text": {
            "recall@1": 48.69444444444444,
            "recall@5": 74.19444444444444,
            "recall@10": 83.13888888888889
        }
    },
    "el": {
        "text_to_image": {
            "recall@1": 25.12676056338028,
            "recall@5": 48.54929577464789,
            "recall@10": 59.91549295774648
        },
        "image_to_text": {
            "recall@1": 33.19444444444444,
            "recall@5": 59.638888888888886,
            "recall@10": 70.02777777777777
        }
    },
    "en": {
        "text_to_image": {
            "recall@1": 33.440875298078275,
            "recall@5": 62.49123299200449,
            "recall@10": 73.15191471454622
        },
        "image_to_text": {
            "recall@1": 42.333333333333336,
            "recall@5": 71.16666666666667,
            "recall@10": 81.11111111111111
        }
    },
    "es": {
        "text_to_image": {
            "recall@1": 31.330621731551425,
            "recall@5": 57.50145264381174,
            "recall@10": 67.84427658338176
        },
        "image_to_text": {
            "recall@1": 42.47222222222222,
            "recall@5": 69.63888888888889,
            "recall@10": 78.47222222222223
        }
    },
    "fa": {
        "text_to_image": {
            "recall@1": 30.87544877105772,
            "recall@5": 56.697045015189175,
            "recall@10": 67.74371720519194
        },
        "image_to_text": {
            "recall@1": 39.97222222222222,
            "recall@5": 66.47222222222223,
            "recall@10": 76.44444444444444
        }
    },
    "fi": {
        "text_to_image": {
            "recall@1": 32.64416315049226,
            "recall@5": 58.030942334739805,
            "recall@10": 68.19971870604782
        },
        "image_to_text": {
            "recall@1": 41.52777777777778,
            "recall@5": 68.33333333333333,
            "recall@10": 78.13888888888889
        }
    },
    "fil": {
        "text_to_image": {
            "recall@1": 2.209236031927024,
            "recall@5": 5.929304446978335,
            "recall@10": 8.965222348916761
        },
        "image_to_text": {
            "recall@1": 6.5,
            "recall@5": 15.11111111111111,
            "recall@10": 19.305555555555557
        }
    },
    "fr": {
        "text_to_image": {
            "recall@1": 36.320093457943926,
            "recall@5": 62.675233644859816,
            "recall@10": 73.56308411214954
        },
        "image_to_text": {
            "recall@1": 49.361111111111114,
            "recall@5": 74.61111111111111,
            "recall@10": 83.61111111111111
        }
    },
    "he": {
        "text_to_image": {
            "recall@1": 30.361613351877608,
            "recall@5": 54.47844228094576,
            "recall@10": 65.28511821974965
        },
        "image_to_text": {
            "recall@1": 39.388888888888886,
            "recall@5": 66.0,
            "recall@10": 75.61111111111111
        }
    },
    "hi": {
        "text_to_image": {
            "recall@1": 19.092852054143908,
            "recall@5": 40.03799572548088,
            "recall@10": 50.72429351697934
        },
        "image_to_text": {
            "recall@1": 29.63888888888889,
            "recall@5": 53.44444444444444,
            "recall@10": 65.05555555555556
        }
    },
    "hr": {
        "text_to_image": {
            "recall@1": 34.86987818383167,
            "recall@5": 61.33720930232558,
            "recall@10": 71.87153931339978
        },
        "image_to_text": {
            "recall@1": 45.083333333333336,
            "recall@5": 72.41666666666667,
            "recall@10": 81.11111111111111
        }
    },
    "hu": {
        "text_to_image": {
            "recall@1": 32.8755722014149,
            "recall@5": 58.99569981966986,
            "recall@10": 69.10805937023166
        },
        "image_to_text": {
            "recall@1": 41.80555555555556,
            "recall@5": 70.05555555555556,
            "recall@10": 80.0
        }
    },
    "id": {
        "text_to_image": {
            "recall@1": 40.53333333333333,
            "recall@5": 68.54736842105264,
            "recall@10": 78.68070175438596
        },
        "image_to_text": {
            "recall@1": 51.72222222222222,
            "recall@5": 76.91666666666667,
            "recall@10": 86.69444444444444
        }
    },
    "it": {
        "text_to_image": {
            "recall@1": 33.41204250295159,
            "recall@5": 58.96103896103896,
            "recall@10": 69.70484061393152
        },
        "image_to_text": {
            "recall@1": 42.55555555555556,
            "recall@5": 70.08333333333333,
            "recall@10": 78.94444444444444
        }
    },
    "ja": {
        "text_to_image": {
            "recall@1": 33.602787456445995,
            "recall@5": 59.20557491289198,
            "recall@10": 69.11498257839722
        },
        "image_to_text": {
            "recall@1": 44.138888888888886,
            "recall@5": 69.88888888888889,
            "recall@10": 79.69444444444444
        }
    },
    "ko": {
        "text_to_image": {
            "recall@1": 28.519099947671375,
            "recall@5": 53.11355311355312,
            "recall@10": 64.40345368916797
        },
        "image_to_text": {
            "recall@1": 38.27777777777778,
            "recall@5": 64.86111111111111,
            "recall@10": 74.22222222222223
        }
    },
    "mi": {
        "text_to_image": {
            "recall@1": 0.10622477161674103,
            "recall@5": 0.3186743148502231,
            "recall@10": 0.5948587210537497
        },
        "image_to_text": {
            "recall@1": 0.3055555555555556,
            "recall@5": 0.7777777777777778,
            "recall@10": 0.9722222222222222
        }
    },
    "nl": {
        "text_to_image": {
            "recall@1": 29.635182408795604,
            "recall@5": 56.359320339830084,
            "recall@10": 67.47876061969015
        },
        "image_to_text": {
            "recall@1": 40.361111111111114,
            "recall@5": 66.86111111111111,
            "recall@10": 77.72222222222223
        }
    },
    "no": {
        "text_to_image": {
            "recall@1": 34.16770963704631,
            "recall@5": 60.200250312891114,
            "recall@10": 71.15839243498817
        },
        "image_to_text": {
            "recall@1": 44.5,
            "recall@5": 71.55555555555556,