{
    "eval/R@1/i2t/XTD10_captions_it": 44.29999887943268,
    "eval/R@5/i2t/XTD10_captions_it": 74.40000176429749,
    "eval/R@10/i2t/XTD10_captions_it": 85.39999723434448,
    "eval/R@1/t2i/XTD10_captions_it": 44.49999928474426,
    "eval/R@5/t2i/XTD10_captions_it": 76.70000195503235,
    "eval/R@10/t2i/XTD10_captions_it": 86.59999966621399,
    "eval/R@1/i2t/XTD10_captions_ru": 41.999998688697815,
    "eval/R@5/i2t/XTD10_captions_ru": 70.70000171661377,
    "eval/R@10/i2t/XTD10_captions_ru": 81.5999984741211,
    "eval/R@1/t2i/XTD10_captions_ru": 41.999998688697815,
    "eval/R@5/t2i/XTD10_captions_ru": 72.29999899864197,
    "eval/R@10/t2i/XTD10_captions_ru": 82.8000009059906,
    "eval/R@1/i2t/XTD10_captions_en": 49.39999878406525,
    "eval/R@5/i2t/XTD10_captions_en": 81.5999984741211,
    "eval/R@10/i2t/XTD10_captions_en": 91.20000004768372,
    "eval/R@1/t2i/XTD10_captions_en": 54.19999957084656,
    "eval/R@5/t2i/XTD10_captions_en": 83.70000123977661,
    "eval/R@10/t2i/XTD10_captions_en": 92.29999780654907,
    "eval/R@1/i2t/XTD10_captions_pl": 45.500001311302185,
    "eval/R@5/i2t/XTD10_captions_pl": 75.59999823570251,
    "eval/R@10/i2t/XTD10_captions_pl": 86.40000224113464,
    "eval/R@1/t2i/XTD10_captions_pl": 46.39999866485596,
    "eval/R@5/t2i/XTD10_captions_pl": 76.8999993801117,
    "eval/R@10/t2i/XTD10_captions_pl": 88.20000290870667,
    "eval/R@1/i2t/XTD10_captions_tr": 41.10000133514404,
    "eval/R@5/i2t/XTD10_captions_tr": 72.29999899864197,
    "eval/R@10/i2t/XTD10_captions_tr": 85.39999723434448,
    "eval/R@1/t2i/XTD10_captions_tr": 41.600000858306885,
    "eval/R@5/t2i/XTD10_captions_tr": 74.19999837875366,
    "eval/R@10/t2i/XTD10_captions_tr": 85.79999804496765,
    "eval/R@1/i2t/XTD10_captions_zh": 43.99999976158142,
    "eval/R@5/i2t/XTD10_captions_zh": 73.50000143051147,
    "eval/R@10/i2t/XTD10_captions_zh": 86.2999975681305,
    "eval/R@1/t2i/XTD10_captions_zh": 46.00000083446503,
    "eval/R@5/t2i/XTD10_captions_zh": 75.49999952316284,
    "eval/R@10/t2i/XTD10_captions_zh": 86.90000176429749,
    "eval/R@1/i2t/XTD10_captions_ko": 39.10000026226044,
    "eval/R@5/i2t/XTD10_captions_ko": 69.9999988079071,
    "eval/R@10/i2t/XTD10_captions_ko": 80.29999732971191,
    "eval/R@1/t2i/XTD10_captions_ko": 40.00000059604645,
    "eval/R@5/t2i/XTD10_captions_ko": 69.70000267028809,
    "eval/R@10/t2i/XTD10_captions_ko": 81.90000057220459,
    "eval/R@1/i2t/XTD10_captions_es": 43.00000071525574,
    "eval/R@5/i2t/XTD10_captions_es": 75.0,
    "eval/R@10/i2t/XTD10_captions_es": 85.69999933242798,
    "eval/R@1/t2i/XTD10_captions_es": 43.99999976158142,
    "eval/R@5/t2i/XTD10_captions_es": 76.09999775886536,
    "eval/R@10/t2i/XTD10_captions_es": 86.2999975681305,
    "eval/R@1/i2t/STAIR_caption_jp": 34.99999940395355,
    "eval/R@5/i2t/STAIR_caption_jp": 65.79999923706055,
    "eval/R@10/i2t/STAIR_caption_jp": 77.99999713897705,
    "eval/R@1/t2i/STAIR_caption_jp": 36.19999885559082,
    "eval/R@5/t2i/STAIR_caption_jp": 68.80000233650208,
    "eval/R@10/t2i/STAIR_caption_jp": 80.29999732971191,
    "eval/R@1/i2t/MIC_caption_de": 43.09999942779541,
    "eval/R@5/i2t/MIC_caption_de": 74.80000257492065,
    "eval/R@10/i2t/MIC_caption_de": 85.39999723434448,
    "eval/R@1/t2i/MIC_caption_de": 43.799999356269836,
    "eval/R@5/t2i/MIC_caption_de": 75.70000290870667,
    "eval/R@10/t2i/MIC_caption_de": 86.00000143051147,
    "eval/R@1/i2t/MIC_caption_fr": 43.50000023841858,
    "eval/R@5/i2t/MIC_caption_fr": 74.50000047683716,
    "eval/R@10/i2t/MIC_caption_fr": 85.00000238418579,
    "eval/R@1/t2i/MIC_caption_fr": 45.80000042915344,
    "eval/R@5/t2i/MIC_caption_fr": 77.39999890327454,
    "eval/R@10/t2i/MIC_caption_fr": 86.90000176429749,
    "eval/avg_metric_t2i": 68.34848487015927,
    "eval/avg_metric_i2t": 66.93636323466446,
    "eval/avg_metric": 67.64242405241185
}