{
    "eval/R@1/i2t/XTD10_captions_it": 52.49999761581421,
    "eval/R@5/i2t/XTD10_captions_it": 79.79999780654907,
    "eval/R@10/i2t/XTD10_captions_it": 90.49999713897705,
    "eval/R@1/t2i/XTD10_captions_it": 50.90000033378601,
    "eval/R@5/t2i/XTD10_captions_it": 81.80000185966492,
    "eval/R@10/t2i/XTD10_captions_it": 91.00000262260437,
    "eval/R@1/i2t/XTD10_captions_ru": 46.20000123977661,
    "eval/R@5/i2t/XTD10_captions_ru": 75.59999823570251,
    "eval/R@10/i2t/XTD10_captions_ru": 86.2999975681305,
    "eval/R@1/t2i/XTD10_captions_ru": 47.69999980926514,
    "eval/R@5/t2i/XTD10_captions_ru": 76.49999856948853,
    "eval/R@10/t2i/XTD10_captions_ru": 85.39999723434448,
    "eval/R@1/i2t/XTD10_captions_en": 58.30000042915344,
    "eval/R@5/i2t/XTD10_captions_en": 87.30000257492065,
    "eval/R@10/i2t/XTD10_captions_en": 95.59999704360962,
    "eval/R@1/t2i/XTD10_captions_en": 60.39999723434448,
    "eval/R@5/t2i/XTD10_captions_en": 87.99999952316284,
    "eval/R@10/t2i/XTD10_captions_en": 94.30000185966492,
    "eval/R@1/i2t/XTD10_captions_pl": 50.09999871253967,
    "eval/R@5/i2t/XTD10_captions_pl": 80.50000071525574,
    "eval/R@10/i2t/XTD10_captions_pl": 90.89999794960022,
    "eval/R@1/t2i/XTD10_captions_pl": 52.60000228881836,
    "eval/R@5/t2i/XTD10_captions_pl": 81.90000057220459,
    "eval/R@10/t2i/XTD10_captions_pl": 90.79999923706055,
    "eval/R@1/i2t/XTD10_captions_tr": 48.60000014305115,
    "eval/R@5/i2t/XTD10_captions_tr": 77.70000100135803,
    "eval/R@10/i2t/XTD10_captions_tr": 89.99999761581421,
    "eval/R@1/t2i/XTD10_captions_tr": 47.49999940395355,
    "eval/R@5/t2i/XTD10_captions_tr": 77.99999713897705,
    "eval/R@10/t2i/XTD10_captions_tr": 88.30000162124634,
    "eval/R@1/i2t/XTD10_captions_zh": 50.90000033378601,
    "eval/R@5/i2t/XTD10_captions_zh": 79.40000295639038,
    "eval/R@10/i2t/XTD10_captions_zh": 89.49999809265137,
    "eval/R@1/t2i/XTD10_captions_zh": 51.39999985694885,
    "eval/R@5/t2i/XTD10_captions_zh": 80.29999732971191,
    "eval/R@10/t2i/XTD10_captions_zh": 89.89999890327454,
    "eval/R@1/i2t/XTD10_captions_ko": 42.69999861717224,
    "eval/R@5/i2t/XTD10_captions_ko": 73.60000014305115,
    "eval/R@10/i2t/XTD10_captions_ko": 84.50000286102295,
    "eval/R@1/t2i/XTD10_captions_ko": 45.3000009059906,
    "eval/R@5/t2i/XTD10_captions_ko": 74.09999966621399,
    "eval/R@10/t2i/XTD10_captions_ko": 85.69999933242798,
    "eval/R@1/i2t/XTD10_captions_es": 50.199997425079346,
    "eval/R@5/i2t/XTD10_captions_es": 79.10000085830688,
    "eval/R@10/i2t/XTD10_captions_es": 90.49999713897705,
    "eval/R@1/t2i/XTD10_captions_es": 51.499998569488525,
    "eval/R@5/t2i/XTD10_captions_es": 81.40000104904175,
    "eval/R@10/t2i/XTD10_captions_es": 90.2999997138977,
    "eval/R@1/i2t/STAIR_caption_jp": 41.10000133514404,
    "eval/R@5/i2t/STAIR_caption_jp": 70.59999704360962,
    "eval/R@10/i2t/STAIR_caption_jp": 81.5999984741211,
    "eval/R@1/t2i/STAIR_caption_jp": 41.80000126361847,
    "eval/R@5/t2i/STAIR_caption_jp": 72.60000109672546,
    "eval/R@10/t2i/STAIR_caption_jp": 82.09999799728394,
    "eval/R@1/i2t/MIC_caption_de": 50.80000162124634,
    "eval/R@5/i2t/MIC_caption_de": 78.60000133514404,
    "eval/R@10/i2t/MIC_caption_de": 88.89999985694885,
    "eval/R@1/t2i/MIC_caption_de": 50.90000033378601,
    "eval/R@5/t2i/MIC_caption_de": 80.40000200271606,
    "eval/R@10/t2i/MIC_caption_de": 89.3999993801117,
    "eval/R@1/i2t/MIC_caption_fr": 49.70000088214874,
    "eval/R@5/i2t/MIC_caption_fr": 80.19999861717224,
    "eval/R@10/i2t/MIC_caption_fr": 88.99999856948853,
    "eval/R@1/t2i/MIC_caption_fr": 53.50000262260437,
    "eval/R@5/t2i/MIC_caption_fr": 81.00000023841858,
    "eval/R@10/t2i/MIC_caption_fr": 89.0999972820282,
    "eval/avg_metric_t2i": 72.90303020766287,
    "eval/avg_metric_i2t": 72.14545399853678,
    "eval/avg_metric": 72.52424210309982
}