{
    "eval/R@1/i2t/XTD10_captions_it": 34.20000076293945,
    "eval/R@5/i2t/XTD10_captions_it": 67.79999732971191,
    "eval/R@10/i2t/XTD10_captions_it": 82.09999799728394,
    "eval/R@1/t2i/XTD10_captions_it": 42.30000078678131,
    "eval/R@5/t2i/XTD10_captions_it": 72.00000286102295,
    "eval/R@10/t2i/XTD10_captions_it": 84.20000076293945,
    "eval/R@1/i2t/XTD10_captions_ru": 33.70000123977661,
    "eval/R@5/i2t/XTD10_captions_ru": 63.30000162124634,
    "eval/R@10/i2t/XTD10_captions_ru": 77.30000019073486,
    "eval/R@1/t2i/XTD10_captions_ru": 36.89999878406525,
    "eval/R@5/t2i/XTD10_captions_ru": 65.89999794960022,
    "eval/R@10/t2i/XTD10_captions_ru": 80.69999814033508,
    "eval/R@1/i2t/XTD10_captions_en": 39.30000066757202,
    "eval/R@5/i2t/XTD10_captions_en": 72.50000238418579,
    "eval/R@10/i2t/XTD10_captions_en": 85.10000109672546,
    "eval/R@1/t2i/XTD10_captions_en": 46.0999995470047,
    "eval/R@5/t2i/XTD10_captions_en": 75.70000290870667,
    "eval/R@10/t2i/XTD10_captions_en": 85.9000027179718,
    "eval/R@1/i2t/XTD10_captions_pl": 34.299999475479126,
    "eval/R@5/i2t/XTD10_captions_pl": 68.30000281333923,
    "eval/R@10/i2t/XTD10_captions_pl": 80.69999814033508,
    "eval/R@1/t2i/XTD10_captions_pl": 41.999998688697815,
    "eval/R@5/t2i/XTD10_captions_pl": 72.29999899864197,
    "eval/R@10/t2i/XTD10_captions_pl": 85.19999980926514,
    "eval/R@1/i2t/XTD10_captions_tr": 30.000001192092896,
    "eval/R@5/i2t/XTD10_captions_tr": 63.499999046325684,
    "eval/R@10/i2t/XTD10_captions_tr": 78.29999923706055,
    "eval/R@1/t2i/XTD10_captions_tr": 37.99999952316284,
    "eval/R@5/t2i/XTD10_captions_tr": 67.69999861717224,
    "eval/R@10/t2i/XTD10_captions_tr": 81.09999895095825,
    "eval/R@1/i2t/XTD10_captions_zh": 33.30000042915344,
    "eval/R@5/i2t/XTD10_captions_zh": 65.89999794960022,
    "eval/R@10/i2t/XTD10_captions_zh": 79.29999828338623,
    "eval/R@1/t2i/XTD10_captions_zh": 36.500000953674316,
    "eval/R@5/t2i/XTD10_captions_zh": 68.59999895095825,
    "eval/R@10/t2i/XTD10_captions_zh": 82.30000138282776,
    "eval/R@1/i2t/XTD10_captions_ko": 28.9000004529953,
    "eval/R@5/i2t/XTD10_captions_ko": 62.00000047683716,
    "eval/R@10/i2t/XTD10_captions_ko": 74.40000176429749,
    "eval/R@1/t2i/XTD10_captions_ko": 34.09999907016754,
    "eval/R@5/t2i/XTD10_captions_ko": 66.10000133514404,
    "eval/R@10/t2i/XTD10_captions_ko": 79.40000295639038,
    "eval/R@1/i2t/XTD10_captions_es": 33.70000123977661,
    "eval/R@5/i2t/XTD10_captions_es": 67.10000038146973,
    "eval/R@10/i2t/XTD10_captions_es": 80.9000015258789,
    "eval/R@1/t2i/XTD10_captions_es": 41.49999916553497,
    "eval/R@5/t2i/XTD10_captions_es": 71.10000252723694,
    "eval/R@10/t2i/XTD10_captions_es": 82.89999961853027,
    "eval/R@1/i2t/STAIR_caption_jp": 27.09999978542328,
    "eval/R@5/i2t/STAIR_caption_jp": 56.40000104904175,
    "eval/R@10/i2t/STAIR_caption_jp": 70.70000171661377,
    "eval/R@1/t2i/STAIR_caption_jp": 33.5999995470047,
    "eval/R@5/t2i/STAIR_caption_jp": 63.200002908706665,
    "eval/R@10/t2i/STAIR_caption_jp": 75.80000162124634,
    "eval/R@1/i2t/MIC_caption_de": 32.89999961853027,
    "eval/R@5/i2t/MIC_caption_de": 65.10000228881836,
    "eval/R@10/i2t/MIC_caption_de": 78.89999747276306,
    "eval/R@1/t2i/MIC_caption_de": 39.899998903274536,
    "eval/R@5/t2i/MIC_caption_de": 70.20000219345093,
    "eval/R@10/t2i/MIC_caption_de": 81.49999976158142,
    "eval/R@1/i2t/MIC_caption_fr": 34.99999940395355,
    "eval/R@5/i2t/MIC_caption_fr": 65.70000052452087,
    "eval/R@10/i2t/MIC_caption_fr": 81.19999766349792,
    "eval/R@1/t2i/MIC_caption_fr": 41.49999916553497,
    "eval/R@5/t2i/MIC_caption_fr": 70.70000171661377,
    "eval/R@10/t2i/MIC_caption_fr": 83.79999995231628,
    "eval/avg_metric_t2i": 63.5969700235309,
    "eval/avg_metric_i2t": 59.057575915799,
    "eval/avg_metric": 61.327272969664946
}