{
    "eval/R@1/i2t/XTD10_captions_it": 36.500000953674316,
    "eval/R@5/i2t/XTD10_captions_it": 69.19999718666077,
    "eval/R@10/i2t/XTD10_captions_it": 82.40000009536743,
    "eval/R@1/t2i/XTD10_captions_it": 40.700000524520874,
    "eval/R@5/t2i/XTD10_captions_it": 73.50000143051147,
    "eval/R@10/t2i/XTD10_captions_it": 84.50000286102295,
    "eval/R@1/i2t/XTD10_captions_ru": 34.00000035762787,
    "eval/R@5/i2t/XTD10_captions_ru": 62.99999952316284,
    "eval/R@10/i2t/XTD10_captions_ru": 77.99999713897705,
    "eval/R@1/t2i/XTD10_captions_ru": 37.700000405311584,
    "eval/R@5/t2i/XTD10_captions_ru": 67.40000247955322,
    "eval/R@10/t2i/XTD10_captions_ru": 80.0000011920929,
    "eval/R@1/i2t/XTD10_captions_en": 41.600000858306885,
    "eval/R@5/i2t/XTD10_captions_en": 74.80000257492065,
    "eval/R@10/i2t/XTD10_captions_en": 87.09999918937683,
    "eval/R@1/t2i/XTD10_captions_en": 47.200000286102295,
    "eval/R@5/t2i/XTD10_captions_en": 76.8999993801117,
    "eval/R@10/t2i/XTD10_captions_en": 86.40000224113464,
    "eval/R@1/i2t/XTD10_captions_pl": 38.2999986410141,
    "eval/R@5/i2t/XTD10_captions_pl": 70.70000171661377,
    "eval/R@10/i2t/XTD10_captions_pl": 82.70000219345093,
    "eval/R@1/t2i/XTD10_captions_pl": 43.09999942779541,
    "eval/R@5/t2i/XTD10_captions_pl": 73.1000006198883,
    "eval/R@10/t2i/XTD10_captions_pl": 84.60000157356262,
    "eval/R@1/i2t/XTD10_captions_tr": 31.799998879432678,
    "eval/R@5/i2t/XTD10_captions_tr": 65.39999842643738,
    "eval/R@10/i2t/XTD10_captions_tr": 79.40000295639038,
    "eval/R@1/t2i/XTD10_captions_tr": 38.40000033378601,
    "eval/R@5/t2i/XTD10_captions_tr": 68.90000104904175,
    "eval/R@10/t2i/XTD10_captions_tr": 80.59999942779541,
    "eval/R@1/i2t/XTD10_captions_zh": 35.80000102519989,
    "eval/R@5/i2t/XTD10_captions_zh": 66.60000085830688,
    "eval/R@10/i2t/XTD10_captions_zh": 81.5999984741211,
    "eval/R@1/t2i/XTD10_captions_zh": 36.7000013589859,
    "eval/R@5/t2i/XTD10_captions_zh": 70.80000042915344,
    "eval/R@10/t2i/XTD10_captions_zh": 82.99999833106995,
    "eval/R@1/i2t/XTD10_captions_ko": 30.500000715255737,
    "eval/R@5/i2t/XTD10_captions_ko": 63.200002908706665,
    "eval/R@10/i2t/XTD10_captions_ko": 75.49999952316284,
    "eval/R@1/t2i/XTD10_captions_ko": 35.600000619888306,
    "eval/R@5/t2i/XTD10_captions_ko": 66.90000295639038,
    "eval/R@10/t2i/XTD10_captions_ko": 80.0000011920929,
    "eval/R@1/i2t/XTD10_captions_es": 35.19999980926514,
    "eval/R@5/i2t/XTD10_captions_es": 70.39999961853027,
    "eval/R@10/i2t/XTD10_captions_es": 81.30000233650208,
    "eval/R@1/t2i/XTD10_captions_es": 42.1999990940094,
    "eval/R@5/t2i/XTD10_captions_es": 72.00000286102295,
    "eval/R@10/t2i/XTD10_captions_es": 83.39999914169312,
    "eval/R@1/i2t/STAIR_caption_jp": 27.900001406669617,
    "eval/R@5/i2t/STAIR_caption_jp": 57.59999752044678,
    "eval/R@10/i2t/STAIR_caption_jp": 72.2000002861023,
    "eval/R@1/t2i/STAIR_caption_jp": 32.600000500679016,
    "eval/R@5/t2i/STAIR_caption_jp": 63.70000243186951,
    "eval/R@10/t2i/STAIR_caption_jp": 76.49999856948853,
    "eval/R@1/i2t/MIC_caption_de": 34.40000116825104,
    "eval/R@5/i2t/MIC_caption_de": 66.20000004768372,
    "eval/R@10/i2t/MIC_caption_de": 79.29999828338623,
    "eval/R@1/t2i/MIC_caption_de": 41.29999876022339,
    "eval/R@5/t2i/MIC_caption_de": 70.20000219345093,
    "eval/R@10/t2i/MIC_caption_de": 82.09999799728394,
    "eval/R@1/i2t/MIC_caption_fr": 36.500000953674316,
    "eval/R@5/i2t/MIC_caption_fr": 70.59999704360962,
    "eval/R@10/i2t/MIC_caption_fr": 81.69999718666077,
    "eval/R@1/t2i/MIC_caption_fr": 42.1999990940094,
    "eval/R@5/t2i/MIC_caption_fr": 73.69999885559082,
    "eval/R@10/t2i/MIC_caption_fr": 84.20000076293945,
    "eval/avg_metric_t2i": 64.24545510248704,
    "eval/avg_metric_i2t": 60.64848484414996,
    "eval/avg_metric": 62.4469699733185
}