{
    "eval/R@1/i2t/XTD10_captions_it": 52.20000147819519,
    "eval/R@5/i2t/XTD10_captions_it": 80.69999814033508,
    "eval/R@10/i2t/XTD10_captions_it": 90.10000228881836,
    "eval/R@1/t2i/XTD10_captions_it": 51.899999380111694,
    "eval/R@5/t2i/XTD10_captions_it": 81.80000185966492,
    "eval/R@10/t2i/XTD10_captions_it": 91.20000004768372,
    "eval/R@1/i2t/XTD10_captions_ru": 48.500001430511475,
    "eval/R@5/i2t/XTD10_captions_ru": 75.09999871253967,
    "eval/R@10/i2t/XTD10_captions_ru": 86.50000095367432,
    "eval/R@1/t2i/XTD10_captions_ru": 46.799999475479126,
    "eval/R@5/t2i/XTD10_captions_ru": 77.49999761581421,
    "eval/R@10/t2i/XTD10_captions_ru": 85.79999804496765,
    "eval/R@1/i2t/XTD10_captions_en": 58.89999866485596,
    "eval/R@5/i2t/XTD10_captions_en": 88.20000290870667,
    "eval/R@10/i2t/XTD10_captions_en": 95.20000219345093,
    "eval/R@1/t2i/XTD10_captions_en": 61.69999837875366,
    "eval/R@5/t2i/XTD10_captions_en": 87.8000020980835,
    "eval/R@10/t2i/XTD10_captions_en": 94.70000267028809,
    "eval/R@1/i2t/XTD10_captions_pl": 51.39999985694885,
    "eval/R@5/i2t/XTD10_captions_pl": 80.80000281333923,
    "eval/R@10/i2t/XTD10_captions_pl": 90.89999794960022,
    "eval/R@1/t2i/XTD10_captions_pl": 52.70000100135803,
    "eval/R@5/t2i/XTD10_captions_pl": 82.99999833106995,
    "eval/R@10/t2i/XTD10_captions_pl": 90.70000052452087,
    "eval/R@1/i2t/XTD10_captions_tr": 49.000000953674316,
    "eval/R@5/i2t/XTD10_captions_tr": 78.60000133514404,
    "eval/R@10/i2t/XTD10_captions_tr": 89.99999761581421,
    "eval/R@1/t2i/XTD10_captions_tr": 47.999998927116394,
    "eval/R@5/t2i/XTD10_captions_tr": 78.20000052452087,
    "eval/R@10/t2i/XTD10_captions_tr": 88.89999985694885,
    "eval/R@1/i2t/XTD10_captions_zh": 50.40000081062317,
    "eval/R@5/i2t/XTD10_captions_zh": 80.50000071525574,
    "eval/R@10/i2t/XTD10_captions_zh": 90.2999997138977,
    "eval/R@1/t2i/XTD10_captions_zh": 52.20000147819519,
    "eval/R@5/t2i/XTD10_captions_zh": 80.59999942779541,
    "eval/R@10/t2i/XTD10_captions_zh": 89.60000276565552,
    "eval/R@1/i2t/XTD10_captions_ko": 43.20000112056732,
    "eval/R@5/i2t/XTD10_captions_ko": 73.60000014305115,
    "eval/R@10/i2t/XTD10_captions_ko": 84.89999771118164,
    "eval/R@1/t2i/XTD10_captions_ko": 44.200000166893005,
    "eval/R@5/t2i/XTD10_captions_ko": 75.0,
    "eval/R@10/t2i/XTD10_captions_ko": 85.6000006198883,
    "eval/R@1/i2t/XTD10_captions_es": 50.09999871253967,
    "eval/R@5/i2t/XTD10_captions_es": 80.69999814033508,
    "eval/R@10/i2t/XTD10_captions_es": 90.70000052452087,
    "eval/R@1/t2i/XTD10_captions_es": 51.80000066757202,
    "eval/R@5/t2i/XTD10_captions_es": 81.40000104904175,
    "eval/R@10/t2i/XTD10_captions_es": 90.79999923706055,
    "eval/R@1/i2t/STAIR_caption_jp": 41.89999997615814,
    "eval/R@5/i2t/STAIR_caption_jp": 71.70000076293945,
    "eval/R@10/i2t/STAIR_caption_jp": 82.20000267028809,
    "eval/R@1/t2i/STAIR_caption_jp": 43.00000071525574,
    "eval/R@5/t2i/STAIR_caption_jp": 72.39999771118164,
    "eval/R@10/t2i/STAIR_caption_jp": 81.90000057220459,
    "eval/R@1/i2t/MIC_caption_de": 50.49999952316284,
    "eval/R@5/i2t/MIC_caption_de": 79.19999957084656,
    "eval/R@10/i2t/MIC_caption_de": 89.30000066757202,
    "eval/R@1/t2i/MIC_caption_de": 51.70000195503235,
    "eval/R@5/t2i/MIC_caption_de": 80.40000200271606,
    "eval/R@10/t2i/MIC_caption_de": 89.70000147819519,
    "eval/R@1/i2t/MIC_caption_fr": 50.599998235702515,
    "eval/R@5/i2t/MIC_caption_fr": 79.6999990940094,
    "eval/R@10/i2t/MIC_caption_fr": 89.3999993801117,
    "eval/R@1/t2i/MIC_caption_fr": 52.30000019073486,
    "eval/R@5/t2i/MIC_caption_fr": 80.69999814033508,
    "eval/R@10/t2i/MIC_caption_fr": 89.99999761581421,
    "eval/avg_metric_t2i": 73.15151528878646,
    "eval/avg_metric_i2t": 72.57575772025369,
    "eval/avg_metric": 72.86363650452007
}