{
    "eval/R@1/i2t/XTD10_captions_it": 51.99999809265137,
    "eval/R@5/i2t/XTD10_captions_it": 80.59999942779541,
    "eval/R@10/i2t/XTD10_captions_it": 90.6000018119812,
    "eval/R@1/t2i/XTD10_captions_it": 51.099997758865356,
    "eval/R@5/t2i/XTD10_captions_it": 81.49999976158142,
    "eval/R@10/t2i/XTD10_captions_it": 90.79999923706055,
    "eval/R@1/i2t/XTD10_captions_ru": 47.600001096725464,
    "eval/R@5/i2t/XTD10_captions_ru": 76.30000114440918,
    "eval/R@10/i2t/XTD10_captions_ru": 86.50000095367432,
    "eval/R@1/t2i/XTD10_captions_ru": 46.70000076293945,
    "eval/R@5/t2i/XTD10_captions_ru": 76.99999809265137,
    "eval/R@10/t2i/XTD10_captions_ru": 87.09999918937683,
    "eval/R@1/i2t/XTD10_captions_en": 58.89999866485596,
    "eval/R@5/i2t/XTD10_captions_en": 88.30000162124634,
    "eval/R@10/i2t/XTD10_captions_en": 95.59999704360962,
    "eval/R@1/t2i/XTD10_captions_en": 61.59999966621399,
    "eval/R@5/t2i/XTD10_captions_en": 88.7000024318695,
    "eval/R@10/t2i/XTD10_captions_en": 94.40000057220459,
    "eval/R@1/i2t/XTD10_captions_pl": 50.700002908706665,
    "eval/R@5/i2t/XTD10_captions_pl": 81.40000104904175,
    "eval/R@10/i2t/XTD10_captions_pl": 91.50000214576721,
    "eval/R@1/t2i/XTD10_captions_pl": 53.1000018119812,
    "eval/R@5/t2i/XTD10_captions_pl": 83.49999785423279,
    "eval/R@10/t2i/XTD10_captions_pl": 90.6000018119812,
    "eval/R@1/i2t/XTD10_captions_tr": 48.39999973773956,
    "eval/R@5/i2t/XTD10_captions_tr": 78.70000004768372,
    "eval/R@10/i2t/XTD10_captions_tr": 90.39999842643738,
    "eval/R@1/t2i/XTD10_captions_tr": 47.999998927116394,
    "eval/R@5/t2i/XTD10_captions_tr": 78.60000133514404,
    "eval/R@10/t2i/XTD10_captions_tr": 88.89999985694885,
    "eval/R@1/i2t/XTD10_captions_zh": 50.90000033378601,
    "eval/R@5/i2t/XTD10_captions_zh": 79.90000247955322,
    "eval/R@10/i2t/XTD10_captions_zh": 90.39999842643738,
    "eval/R@1/t2i/XTD10_captions_zh": 51.5999972820282,
    "eval/R@5/t2i/XTD10_captions_zh": 81.00000023841858,
    "eval/R@10/t2i/XTD10_captions_zh": 90.10000228881836,
    "eval/R@1/i2t/XTD10_captions_ko": 43.99999976158142,
    "eval/R@5/i2t/XTD10_captions_ko": 74.09999966621399,
    "eval/R@10/i2t/XTD10_captions_ko": 85.19999980926514,
    "eval/R@1/t2i/XTD10_captions_ko": 44.69999969005585,
    "eval/R@5/t2i/XTD10_captions_ko": 75.19999742507935,
    "eval/R@10/t2i/XTD10_captions_ko": 85.39999723434448,
    "eval/R@1/i2t/XTD10_captions_es": 50.0,
    "eval/R@5/i2t/XTD10_captions_es": 80.40000200271606,
    "eval/R@10/i2t/XTD10_captions_es": 90.70000052452087,
    "eval/R@1/t2i/XTD10_captions_es": 51.99999809265137,
    "eval/R@5/t2i/XTD10_captions_es": 81.5999984741211,
    "eval/R@10/t2i/XTD10_captions_es": 91.10000133514404,
    "eval/R@1/i2t/STAIR_caption_jp": 41.89999997615814,
    "eval/R@5/i2t/STAIR_caption_jp": 71.20000123977661,
    "eval/R@10/i2t/STAIR_caption_jp": 82.30000138282776,
    "eval/R@1/t2i/STAIR_caption_jp": 42.59999990463257,
    "eval/R@5/t2i/STAIR_caption_jp": 72.39999771118164,
    "eval/R@10/t2i/STAIR_caption_jp": 82.40000009536743,
    "eval/R@1/i2t/MIC_caption_de": 50.599998235702515,
    "eval/R@5/i2t/MIC_caption_de": 79.60000038146973,
    "eval/R@10/i2t/MIC_caption_de": 89.3999993801117,
    "eval/R@1/t2i/MIC_caption_de": 51.20000243186951,
    "eval/R@5/t2i/MIC_caption_de": 80.0000011920929,
    "eval/R@10/t2i/MIC_caption_de": 90.89999794960022,
    "eval/R@1/i2t/MIC_caption_fr": 50.90000033378601,
    "eval/R@5/i2t/MIC_caption_fr": 80.09999990463257,
    "eval/R@10/i2t/MIC_caption_fr": 89.30000066757202,
    "eval/R@1/t2i/MIC_caption_fr": 53.39999794960022,
    "eval/R@5/t2i/MIC_caption_fr": 80.80000281333923,
    "eval/R@10/t2i/MIC_caption_fr": 89.49999809265137,
    "eval/avg_metric_t2i": 73.25757543245952,
    "eval/avg_metric_i2t": 72.6787881417708,
    "eval/avg_metric": 72.96818178711516
}