{
    "eval/R@1/i2t/XTD10_captions_it": 51.099997758865356,
    "eval/R@5/i2t/XTD10_captions_it": 78.39999794960022,
    "eval/R@10/i2t/XTD10_captions_it": 88.40000033378601,
    "eval/R@1/t2i/XTD10_captions_it": 46.20000123977661,
    "eval/R@5/t2i/XTD10_captions_it": 74.90000128746033,
    "eval/R@10/t2i/XTD10_captions_it": 86.40000224113464,
    "eval/R@1/i2t/XTD10_captions_ru": 42.69999861717224,
    "eval/R@5/i2t/XTD10_captions_ru": 71.10000252723694,
    "eval/R@10/i2t/XTD10_captions_ru": 82.4999988079071,
    "eval/R@1/t2i/XTD10_captions_ru": 43.299999833106995,
    "eval/R@5/t2i/XTD10_captions_ru": 69.40000057220459,
    "eval/R@10/t2i/XTD10_captions_ru": 81.80000185966492,
    "eval/R@1/i2t/XTD10_captions_en": 58.60000252723694,
    "eval/R@5/i2t/XTD10_captions_en": 85.69999933242798,
    "eval/R@10/i2t/XTD10_captions_en": 93.80000233650208,
    "eval/R@1/t2i/XTD10_captions_en": 53.39999794960022,
    "eval/R@5/t2i/XTD10_captions_en": 80.59999942779541,
    "eval/R@10/t2i/XTD10_captions_en": 91.10000133514404,
    "eval/R@1/i2t/XTD10_captions_pl": 46.299999952316284,
    "eval/R@5/i2t/XTD10_captions_pl": 74.59999918937683,
    "eval/R@10/i2t/XTD10_captions_pl": 86.90000176429749,
    "eval/R@1/t2i/XTD10_captions_pl": 46.00000083446503,
    "eval/R@5/t2i/XTD10_captions_pl": 72.60000109672546,
    "eval/R@10/t2i/XTD10_captions_pl": 84.79999899864197,
    "eval/R@1/i2t/XTD10_captions_tr": 46.99999988079071,
    "eval/R@5/i2t/XTD10_captions_tr": 73.69999885559082,
    "eval/R@10/i2t/XTD10_captions_tr": 85.19999980926514,
    "eval/R@1/t2i/XTD10_captions_tr": 43.99999976158142,
    "eval/R@5/t2i/XTD10_captions_tr": 73.19999933242798,
    "eval/R@10/t2i/XTD10_captions_tr": 84.79999899864197,
    "eval/R@1/i2t/XTD10_captions_zh": 47.69999980926514,
    "eval/R@5/i2t/XTD10_captions_zh": 75.49999952316284,
    "eval/R@10/i2t/XTD10_captions_zh": 86.50000095367432,
    "eval/R@1/t2i/XTD10_captions_zh": 47.69999980926514,
    "eval/R@5/t2i/XTD10_captions_zh": 73.69999885559082,
    "eval/R@10/t2i/XTD10_captions_zh": 84.50000286102295,
    "eval/R@1/i2t/XTD10_captions_ko": 38.69999945163727,
    "eval/R@5/i2t/XTD10_captions_ko": 71.29999995231628,
    "eval/R@10/i2t/XTD10_captions_ko": 81.69999718666077,
    "eval/R@1/t2i/XTD10_captions_ko": 41.4000004529953,
    "eval/R@5/t2i/XTD10_captions_ko": 68.99999976158142,
    "eval/R@10/t2i/XTD10_captions_ko": 80.09999990463257,
    "eval/R@1/i2t/XTD10_captions_es": 49.70000088214874,
    "eval/R@5/i2t/XTD10_captions_es": 78.29999923706055,
    "eval/R@10/i2t/XTD10_captions_es": 88.99999856948853,
    "eval/R@1/t2i/XTD10_captions_es": 45.100000500679016,
    "eval/R@5/t2i/XTD10_captions_es": 74.00000095367432,
    "eval/R@10/t2i/XTD10_captions_es": 85.9000027179718,
    "eval/R@1/i2t/STAIR_caption_jp": 36.500000953674316,
    "eval/R@5/i2t/STAIR_caption_jp": 65.6000018119812,
    "eval/R@10/i2t/STAIR_caption_jp": 76.70000195503235,
    "eval/R@1/t2i/STAIR_caption_jp": 40.90000092983246,
    "eval/R@5/t2i/STAIR_caption_jp": 67.10000038146973,
    "eval/R@10/t2i/STAIR_caption_jp": 77.99999713897705,
    "eval/R@1/i2t/MIC_caption_de": 47.69999980926514,
    "eval/R@5/i2t/MIC_caption_de": 75.0,
    "eval/R@10/i2t/MIC_caption_de": 85.69999933242798,
    "eval/R@1/t2i/MIC_caption_de": 45.3000009059906,
    "eval/R@5/t2i/MIC_caption_de": 73.29999804496765,
    "eval/R@10/t2i/MIC_caption_de": 84.79999899864197,
    "eval/R@1/i2t/MIC_caption_fr": 48.899999260902405,
    "eval/R@5/i2t/MIC_caption_fr": 76.8999993801117,
    "eval/R@10/i2t/MIC_caption_fr": 86.79999709129333,
    "eval/R@1/t2i/MIC_caption_fr": 46.99999988079071,
    "eval/R@5/t2i/MIC_caption_fr": 74.00000095367432,
    "eval/R@10/t2i/MIC_caption_fr": 85.69999933242798,
    "eval/avg_metric_t2i": 67.57575779250173,
    "eval/avg_metric_i2t": 69.21818166068105,
    "eval/avg_metric": 68.3969697265914
}