{
    "eval/R@1/i2t/XTD10_captions_it": 33.5999995470047,
    "eval/R@5/i2t/XTD10_captions_it": 66.60000085830688,
    "eval/R@10/i2t/XTD10_captions_it": 82.30000138282776,
    "eval/R@1/t2i/XTD10_captions_it": 36.399999260902405,
    "eval/R@5/t2i/XTD10_captions_it": 67.1999990940094,
    "eval/R@10/t2i/XTD10_captions_it": 79.90000247955322,
    "eval/R@1/i2t/XTD10_captions_ru": 31.90000057220459,
    "eval/R@5/i2t/XTD10_captions_ru": 61.59999966621399,
    "eval/R@10/i2t/XTD10_captions_ru": 76.5999972820282,
    "eval/R@1/t2i/XTD10_captions_ru": 33.000001311302185,
    "eval/R@5/t2i/XTD10_captions_ru": 62.09999918937683,
    "eval/R@10/t2i/XTD10_captions_ru": 74.59999918937683,
    "eval/R@1/i2t/XTD10_captions_en": 35.40000021457672,
    "eval/R@5/i2t/XTD10_captions_en": 70.99999785423279,
    "eval/R@10/i2t/XTD10_captions_en": 84.20000076293945,
    "eval/R@1/t2i/XTD10_captions_en": 41.49999916553497,
    "eval/R@5/t2i/XTD10_captions_en": 71.49999737739563,
    "eval/R@10/t2i/XTD10_captions_en": 83.20000171661377,
    "eval/R@1/i2t/XTD10_captions_pl": 34.40000116825104,
    "eval/R@5/i2t/XTD10_captions_pl": 68.30000281333923,
    "eval/R@10/i2t/XTD10_captions_pl": 81.49999976158142,
    "eval/R@1/t2i/XTD10_captions_pl": 37.20000088214874,
    "eval/R@5/t2i/XTD10_captions_pl": 68.69999766349792,
    "eval/R@10/t2i/XTD10_captions_pl": 80.50000071525574,
    "eval/R@1/i2t/XTD10_captions_tr": 29.899999499320984,
    "eval/R@5/i2t/XTD10_captions_tr": 63.099998235702515,
    "eval/R@10/i2t/XTD10_captions_tr": 77.30000019073486,
    "eval/R@1/t2i/XTD10_captions_tr": 31.600001454353333,
    "eval/R@5/t2i/XTD10_captions_tr": 63.89999985694885,
    "eval/R@10/t2i/XTD10_captions_tr": 75.70000290870667,
    "eval/R@1/i2t/XTD10_captions_zh": 30.59999942779541,
    "eval/R@5/i2t/XTD10_captions_zh": 61.59999966621399,
    "eval/R@10/i2t/XTD10_captions_zh": 76.70000195503235,
    "eval/R@1/t2i/XTD10_captions_zh": 31.49999976158142,
    "eval/R@5/t2i/XTD10_captions_zh": 63.599997758865356,
    "eval/R@10/t2i/XTD10_captions_zh": 76.09999775886536,
    "eval/R@1/i2t/XTD10_captions_ko": 28.00000011920929,
    "eval/R@5/i2t/XTD10_captions_ko": 60.29999852180481,
    "eval/R@10/i2t/XTD10_captions_ko": 74.29999709129333,
    "eval/R@1/t2i/XTD10_captions_ko": 29.600000381469727,
    "eval/R@5/t2i/XTD10_captions_ko": 61.500000953674316,
    "eval/R@10/t2i/XTD10_captions_ko": 74.09999966621399,
    "eval/R@1/i2t/XTD10_captions_es": 33.000001311302185,
    "eval/R@5/i2t/XTD10_captions_es": 65.79999923706055,
    "eval/R@10/i2t/XTD10_captions_es": 80.0000011920929,
    "eval/R@1/t2i/XTD10_captions_es": 37.299999594688416,
    "eval/R@5/t2i/XTD10_captions_es": 67.40000247955322,
    "eval/R@10/t2i/XTD10_captions_es": 79.60000038146973,
    "eval/R@1/i2t/STAIR_caption_jp": 25.200000405311584,
    "eval/R@5/i2t/STAIR_caption_jp": 55.299997329711914,
    "eval/R@10/i2t/STAIR_caption_jp": 69.19999718666077,
    "eval/R@1/t2i/STAIR_caption_jp": 29.499998688697815,
    "eval/R@5/t2i/STAIR_caption_jp": 58.399999141693115,
    "eval/R@10/t2i/STAIR_caption_jp": 70.3000009059906,
    "eval/R@1/i2t/MIC_caption_de": 32.499998807907104,
    "eval/R@5/i2t/MIC_caption_de": 62.99999952316284,
    "eval/R@10/i2t/MIC_caption_de": 77.30000019073486,
    "eval/R@1/t2i/MIC_caption_de": 35.499998927116394,
    "eval/R@5/t2i/MIC_caption_de": 65.79999923706055,
    "eval/R@10/t2i/MIC_caption_de": 77.20000147819519,
    "eval/R@1/i2t/MIC_caption_fr": 34.40000116825104,
    "eval/R@5/i2t/MIC_caption_fr": 67.29999780654907,
    "eval/R@10/i2t/MIC_caption_fr": 80.59999942779541,
    "eval/R@1/t2i/MIC_caption_fr": 38.499999046325684,
    "eval/R@5/t2i/MIC_caption_fr": 67.90000200271606,
    "eval/R@10/t2i/MIC_caption_fr": 79.79999780654907,
    "eval/avg_metric_t2i": 59.10909085562735,
    "eval/avg_metric_i2t": 57.96363606597438,
    "eval/avg_metric": 58.536363460800864
}