{
    "eval/R@1/i2t/XTD10_captions_it": 51.80000066757202,
    "eval/R@5/i2t/XTD10_captions_it": 80.9000015258789,
    "eval/R@10/i2t/XTD10_captions_it": 89.80000019073486,
    "eval/R@1/t2i/XTD10_captions_it": 51.39999985694885,
    "eval/R@5/t2i/XTD10_captions_it": 81.90000057220459,
    "eval/R@10/t2i/XTD10_captions_it": 90.39999842643738,
    "eval/R@1/i2t/XTD10_captions_ru": 47.29999899864197,
    "eval/R@5/i2t/XTD10_captions_ru": 75.09999871253967,
    "eval/R@10/i2t/XTD10_captions_ru": 85.6000006198883,
    "eval/R@1/t2i/XTD10_captions_ru": 46.0999995470047,
    "eval/R@5/t2i/XTD10_captions_ru": 77.49999761581421,
    "eval/R@10/t2i/XTD10_captions_ru": 86.50000095367432,
    "eval/R@1/i2t/XTD10_captions_en": 59.10000205039978,
    "eval/R@5/i2t/XTD10_captions_en": 87.8000020980835,
    "eval/R@10/i2t/XTD10_captions_en": 95.49999833106995,
    "eval/R@1/t2i/XTD10_captions_en": 61.29999756813049,
    "eval/R@5/t2i/XTD10_captions_en": 87.69999742507935,
    "eval/R@10/t2i/XTD10_captions_en": 94.40000057220459,
    "eval/R@1/i2t/XTD10_captions_pl": 49.59999918937683,
    "eval/R@5/i2t/XTD10_captions_pl": 80.19999861717224,
    "eval/R@10/i2t/XTD10_captions_pl": 90.39999842643738,
    "eval/R@1/t2i/XTD10_captions_pl": 52.10000276565552,
    "eval/R@5/t2i/XTD10_captions_pl": 82.4999988079071,
    "eval/R@10/t2i/XTD10_captions_pl": 90.6000018119812,
    "eval/R@1/i2t/XTD10_captions_tr": 48.69999885559082,
    "eval/R@5/i2t/XTD10_captions_tr": 78.1000018119812,
    "eval/R@10/i2t/XTD10_captions_tr": 89.0999972820282,
    "eval/R@1/t2i/XTD10_captions_tr": 46.299999952316284,
    "eval/R@5/t2i/XTD10_captions_tr": 79.29999828338623,
    "eval/R@10/t2i/XTD10_captions_tr": 88.80000114440918,
    "eval/R@1/i2t/XTD10_captions_zh": 50.199997425079346,
    "eval/R@5/i2t/XTD10_captions_zh": 79.6999990940094,
    "eval/R@10/i2t/XTD10_captions_zh": 90.10000228881836,
    "eval/R@1/t2i/XTD10_captions_zh": 50.80000162124634,
    "eval/R@5/t2i/XTD10_captions_zh": 80.09999990463257,
    "eval/R@10/t2i/XTD10_captions_zh": 89.30000066757202,
    "eval/R@1/i2t/XTD10_captions_ko": 43.799999356269836,
    "eval/R@5/i2t/XTD10_captions_ko": 72.60000109672546,
    "eval/R@10/i2t/XTD10_captions_ko": 84.89999771118164,
    "eval/R@1/t2i/XTD10_captions_ko": 44.80000138282776,
    "eval/R@5/t2i/XTD10_captions_ko": 74.40000176429749,
    "eval/R@10/t2i/XTD10_captions_ko": 85.39999723434448,
    "eval/R@1/i2t/XTD10_captions_es": 49.70000088214874,
    "eval/R@5/i2t/XTD10_captions_es": 79.6999990940094,
    "eval/R@10/i2t/XTD10_captions_es": 89.60000276565552,
    "eval/R@1/t2i/XTD10_captions_es": 50.80000162124634,
    "eval/R@5/t2i/XTD10_captions_es": 81.99999928474426,
    "eval/R@10/t2i/XTD10_captions_es": 90.20000100135803,
    "eval/R@1/i2t/STAIR_caption_jp": 41.69999957084656,
    "eval/R@5/i2t/STAIR_caption_jp": 71.10000252723694,
    "eval/R@10/i2t/STAIR_caption_jp": 81.69999718666077,
    "eval/R@1/t2i/STAIR_caption_jp": 41.999998688697815,
    "eval/R@5/t2i/STAIR_caption_jp": 72.2000002861023,
    "eval/R@10/t2i/STAIR_caption_jp": 82.09999799728394,
    "eval/R@1/i2t/MIC_caption_de": 50.599998235702515,
    "eval/R@5/i2t/MIC_caption_de": 79.10000085830688,
    "eval/R@10/i2t/MIC_caption_de": 88.99999856948853,
    "eval/R@1/t2i/MIC_caption_de": 50.80000162124634,
    "eval/R@5/t2i/MIC_caption_de": 80.9000015258789,
    "eval/R@10/t2i/MIC_caption_de": 90.2999997138977,
    "eval/R@1/i2t/MIC_caption_fr": 50.700002908706665,
    "eval/R@5/i2t/MIC_caption_fr": 79.60000038146973,
    "eval/R@10/i2t/MIC_caption_fr": 89.20000195503235,
    "eval/R@1/t2i/MIC_caption_fr": 52.30000019073486,
    "eval/R@5/t2i/MIC_caption_fr": 80.69999814033508,
    "eval/R@10/t2i/MIC_caption_fr": 89.99999761581421,
    "eval/avg_metric_t2i": 72.90606047167923,
    "eval/avg_metric_i2t": 72.18181816014376,
    "eval/avg_metric": 72.5439393159115
}