{
    "eval/R@1/i2t/XTD10_captions_it": 48.39999973773956,
    "eval/R@5/i2t/XTD10_captions_it": 79.79999780654907,
    "eval/R@10/i2t/XTD10_captions_it": 89.99999761581421,
    "eval/R@1/t2i/XTD10_captions_it": 50.40000081062317,
    "eval/R@5/t2i/XTD10_captions_it": 82.09999799728394,
    "eval/R@10/t2i/XTD10_captions_it": 91.20000004768372,
    "eval/R@1/i2t/XTD10_captions_ru": 43.799999356269836,
    "eval/R@5/i2t/XTD10_captions_ru": 73.50000143051147,
    "eval/R@10/i2t/XTD10_captions_ru": 84.60000157356262,
    "eval/R@1/t2i/XTD10_captions_ru": 45.100000500679016,
    "eval/R@5/t2i/XTD10_captions_ru": 75.40000081062317,
    "eval/R@10/t2i/XTD10_captions_ru": 85.6000006198883,
    "eval/R@1/i2t/XTD10_captions_en": 58.60000252723694,
    "eval/R@5/i2t/XTD10_captions_en": 86.40000224113464,
    "eval/R@10/i2t/XTD10_captions_en": 94.70000267028809,
    "eval/R@1/t2i/XTD10_captions_en": 61.19999885559082,
    "eval/R@5/t2i/XTD10_captions_en": 87.90000081062317,
    "eval/R@10/t2i/XTD10_captions_en": 95.3000009059906,
    "eval/R@1/i2t/XTD10_captions_pl": 46.0999995470047,
    "eval/R@5/i2t/XTD10_captions_pl": 77.60000228881836,
    "eval/R@10/i2t/XTD10_captions_pl": 88.09999823570251,
    "eval/R@1/t2i/XTD10_captions_pl": 49.000000953674316,
    "eval/R@5/t2i/XTD10_captions_pl": 79.40000295639038,
    "eval/R@10/t2i/XTD10_captions_pl": 90.20000100135803,
    "eval/R@1/i2t/XTD10_captions_tr": 43.20000112056732,
    "eval/R@5/i2t/XTD10_captions_tr": 75.99999904632568,
    "eval/R@10/i2t/XTD10_captions_tr": 87.40000128746033,
    "eval/R@1/t2i/XTD10_captions_tr": 45.3000009059906,
    "eval/R@5/t2i/XTD10_captions_tr": 77.10000276565552,
    "eval/R@10/t2i/XTD10_captions_tr": 87.40000128746033,
    "eval/R@1/i2t/XTD10_captions_zh": 45.39999961853027,
    "eval/R@5/i2t/XTD10_captions_zh": 74.50000047683716,
    "eval/R@10/i2t/XTD10_captions_zh": 87.5,
    "eval/R@1/t2i/XTD10_captions_zh": 44.40000057220459,
    "eval/R@5/t2i/XTD10_captions_zh": 74.90000128746033,
    "eval/R@10/t2i/XTD10_captions_zh": 84.89999771118164,
    "eval/R@1/i2t/XTD10_captions_ko": 35.29999852180481,
    "eval/R@5/i2t/XTD10_captions_ko": 67.29999780654907,
    "eval/R@10/i2t/XTD10_captions_ko": 80.40000200271606,
    "eval/R@1/t2i/XTD10_captions_ko": 39.10000026226044,
    "eval/R@5/t2i/XTD10_captions_ko": 69.70000267028809,
    "eval/R@10/t2i/XTD10_captions_ko": 80.09999990463257,
    "eval/R@1/i2t/XTD10_captions_es": 49.2000013589859,
    "eval/R@5/i2t/XTD10_captions_es": 80.40000200271606,
    "eval/R@10/i2t/XTD10_captions_es": 89.99999761581421,
    "eval/R@1/t2i/XTD10_captions_es": 53.79999876022339,
    "eval/R@5/t2i/XTD10_captions_es": 80.40000200271606,
    "eval/R@10/t2i/XTD10_captions_es": 89.49999809265137,
    "eval/R@1/i2t/STAIR_caption_jp": 39.10000026226044,
    "eval/R@5/i2t/STAIR_caption_jp": 68.90000104904175,
    "eval/R@10/i2t/STAIR_caption_jp": 79.50000166893005,
    "eval/R@1/t2i/STAIR_caption_jp": 38.199999928474426,
    "eval/R@5/t2i/STAIR_caption_jp": 70.20000219345093,
    "eval/R@10/t2i/STAIR_caption_jp": 80.40000200271606,
    "eval/R@1/i2t/MIC_caption_de": 50.40000081062317,
    "eval/R@5/i2t/MIC_caption_de": 80.50000071525574,
    "eval/R@10/i2t/MIC_caption_de": 90.6000018119812,
    "eval/R@1/t2i/MIC_caption_de": 52.799999713897705,
    "eval/R@5/t2i/MIC_caption_de": 80.50000071525574,
    "eval/R@10/t2i/MIC_caption_de": 91.00000262260437,
    "eval/R@1/i2t/MIC_caption_fr": 50.09999871253967,
    "eval/R@5/i2t/MIC_caption_fr": 81.30000233650208,
    "eval/R@10/i2t/MIC_caption_fr": 89.3999993801117,
    "eval/R@1/t2i/MIC_caption_fr": 52.89999842643738,
    "eval/R@5/t2i/MIC_caption_fr": 80.9000015258789,
    "eval/R@10/t2i/MIC_caption_fr": 90.10000228881836,
    "eval/avg_metric_t2i": 71.40606127002023,
    "eval/avg_metric_i2t": 70.24242462533893,
    "eval/avg_metric": 70.82424294767958
}