{
    "eval/R@1/i2t/XTD10_captions_it": 50.999999046325684,
    "eval/R@5/i2t/XTD10_captions_it": 80.19999861717224,
    "eval/R@10/i2t/XTD10_captions_it": 90.10000228881836,
    "eval/R@1/t2i/XTD10_captions_it": 51.99999809265137,
    "eval/R@5/t2i/XTD10_captions_it": 81.69999718666077,
    "eval/R@10/t2i/XTD10_captions_it": 91.29999876022339,
    "eval/R@1/i2t/XTD10_captions_ru": 47.29999899864197,
    "eval/R@5/i2t/XTD10_captions_ru": 74.40000176429749,
    "eval/R@10/i2t/XTD10_captions_ru": 86.10000014305115,
    "eval/R@1/t2i/XTD10_captions_ru": 48.30000102519989,
    "eval/R@5/t2i/XTD10_captions_ru": 77.20000147819519,
    "eval/R@10/t2i/XTD10_captions_ru": 86.40000224113464,
    "eval/R@1/i2t/XTD10_captions_en": 57.8000009059906,
    "eval/R@5/i2t/XTD10_captions_en": 87.5,
    "eval/R@10/i2t/XTD10_captions_en": 94.80000138282776,
    "eval/R@1/t2i/XTD10_captions_en": 61.500000953674316,
    "eval/R@5/t2i/XTD10_captions_en": 88.40000033378601,
    "eval/R@10/t2i/XTD10_captions_en": 94.40000057220459,
    "eval/R@1/i2t/XTD10_captions_pl": 49.59999918937683,
    "eval/R@5/i2t/XTD10_captions_pl": 81.19999766349792,
    "eval/R@10/i2t/XTD10_captions_pl": 90.70000052452087,
    "eval/R@1/t2i/XTD10_captions_pl": 53.89999747276306,
    "eval/R@5/t2i/XTD10_captions_pl": 82.8000009059906,
    "eval/R@10/t2i/XTD10_captions_pl": 91.60000085830688,
    "eval/R@1/i2t/XTD10_captions_tr": 47.600001096725464,
    "eval/R@5/i2t/XTD10_captions_tr": 77.89999842643738,
    "eval/R@10/i2t/XTD10_captions_tr": 89.30000066757202,
    "eval/R@1/t2i/XTD10_captions_tr": 47.69999980926514,
    "eval/R@5/t2i/XTD10_captions_tr": 79.19999957084656,
    "eval/R@10/t2i/XTD10_captions_tr": 88.80000114440918,
    "eval/R@1/i2t/XTD10_captions_zh": 50.80000162124634,
    "eval/R@5/i2t/XTD10_captions_zh": 79.50000166893005,
    "eval/R@10/i2t/XTD10_captions_zh": 89.20000195503235,
    "eval/R@1/t2i/XTD10_captions_zh": 52.399998903274536,
    "eval/R@5/t2i/XTD10_captions_zh": 80.09999990463257,
    "eval/R@10/t2i/XTD10_captions_zh": 89.20000195503235,
    "eval/R@1/i2t/XTD10_captions_ko": 43.39999854564667,
    "eval/R@5/i2t/XTD10_captions_ko": 73.4000027179718,
    "eval/R@10/i2t/XTD10_captions_ko": 85.19999980926514,
    "eval/R@1/t2i/XTD10_captions_ko": 45.899999141693115,
    "eval/R@5/t2i/XTD10_captions_ko": 74.59999918937683,
    "eval/R@10/t2i/XTD10_captions_ko": 85.69999933242798,
    "eval/R@1/i2t/XTD10_captions_es": 48.500001430511475,
    "eval/R@5/i2t/XTD10_captions_es": 79.00000214576721,
    "eval/R@10/i2t/XTD10_captions_es": 90.6000018119812,
    "eval/R@1/t2i/XTD10_captions_es": 52.30000019073486,
    "eval/R@5/t2i/XTD10_captions_es": 82.40000009536743,
    "eval/R@10/t2i/XTD10_captions_es": 90.39999842643738,
    "eval/R@1/i2t/STAIR_caption_jp": 40.99999964237213,
    "eval/R@5/i2t/STAIR_caption_jp": 70.70000171661377,
    "eval/R@10/i2t/STAIR_caption_jp": 81.90000057220459,
    "eval/R@1/t2i/STAIR_caption_jp": 42.59999990463257,
    "eval/R@5/t2i/STAIR_caption_jp": 72.69999980926514,
    "eval/R@10/t2i/STAIR_caption_jp": 82.40000009536743,
    "eval/R@1/i2t/MIC_caption_de": 49.09999966621399,
    "eval/R@5/i2t/MIC_caption_de": 78.79999876022339,
    "eval/R@10/i2t/MIC_caption_de": 89.0999972820282,
    "eval/R@1/t2i/MIC_caption_de": 52.30000019073486,
    "eval/R@5/t2i/MIC_caption_de": 81.49999976158142,
    "eval/R@10/t2i/MIC_caption_de": 90.39999842643738,
    "eval/R@1/i2t/MIC_caption_fr": 48.39999973773956,
    "eval/R@5/i2t/MIC_caption_fr": 80.29999732971191,
    "eval/R@10/i2t/MIC_caption_fr": 89.60000276565552,
    "eval/R@1/t2i/MIC_caption_fr": 53.89999747276306,
    "eval/R@5/t2i/MIC_caption_fr": 81.30000233650208,
    "eval/R@10/t2i/MIC_caption_fr": 90.49999713897705,
    "eval/avg_metric_t2i": 73.50909068728939,
    "eval/avg_metric_i2t": 71.93939423922336,
    "eval/avg_metric": 72.72424246325637
}