{
    "eval/R@1/i2t/XTD10_captions_it": 47.90000021457672,
    "eval/R@5/i2t/XTD10_captions_it": 76.80000066757202,
    "eval/R@10/i2t/XTD10_captions_it": 87.1999979019165,
    "eval/R@1/t2i/XTD10_captions_it": 45.19999921321869,
    "eval/R@5/t2i/XTD10_captions_it": 78.60000133514404,
    "eval/R@10/t2i/XTD10_captions_it": 87.59999871253967,
    "eval/R@1/i2t/XTD10_captions_ru": 40.20000100135803,
    "eval/R@5/i2t/XTD10_captions_ru": 67.59999990463257,
    "eval/R@10/i2t/XTD10_captions_ru": 78.79999876022339,
    "eval/R@1/t2i/XTD10_captions_ru": 40.90000092983246,
    "eval/R@5/t2i/XTD10_captions_ru": 71.39999866485596,
    "eval/R@10/t2i/XTD10_captions_ru": 83.30000042915344,
    "eval/R@1/i2t/XTD10_captions_en": 55.59999942779541,
    "eval/R@5/i2t/XTD10_captions_en": 87.30000257492065,
    "eval/R@10/i2t/XTD10_captions_en": 94.70000267028809,
    "eval/R@1/t2i/XTD10_captions_en": 58.20000171661377,
    "eval/R@5/t2i/XTD10_captions_en": 86.2999975681305,
    "eval/R@10/t2i/XTD10_captions_en": 93.99999976158142,
    "eval/R@1/i2t/XTD10_captions_pl": 43.00000071525574,
    "eval/R@5/i2t/XTD10_captions_pl": 73.4000027179718,
    "eval/R@10/i2t/XTD10_captions_pl": 84.79999899864197,
    "eval/R@1/t2i/XTD10_captions_pl": 44.600000977516174,
    "eval/R@5/t2i/XTD10_captions_pl": 76.09999775886536,
    "eval/R@10/t2i/XTD10_captions_pl": 86.69999837875366,
    "eval/R@1/i2t/XTD10_captions_tr": 43.00000071525574,
    "eval/R@5/i2t/XTD10_captions_tr": 71.49999737739563,
    "eval/R@10/i2t/XTD10_captions_tr": 84.29999947547913,
    "eval/R@1/t2i/XTD10_captions_tr": 43.39999854564667,
    "eval/R@5/t2i/XTD10_captions_tr": 74.90000128746033,
    "eval/R@10/t2i/XTD10_captions_tr": 85.9000027179718,
    "eval/R@1/i2t/XTD10_captions_zh": 44.999998807907104,
    "eval/R@5/i2t/XTD10_captions_zh": 75.40000081062317,
    "eval/R@10/i2t/XTD10_captions_zh": 85.69999933242798,
    "eval/R@1/t2i/XTD10_captions_zh": 44.999998807907104,
    "eval/R@5/t2i/XTD10_captions_zh": 76.8999993801117,
    "eval/R@10/t2i/XTD10_captions_zh": 88.30000162124634,
    "eval/R@1/i2t/XTD10_captions_ko": 34.90000069141388,
    "eval/R@5/i2t/XTD10_captions_ko": 66.69999957084656,
    "eval/R@10/i2t/XTD10_captions_ko": 78.79999876022339,
    "eval/R@1/t2i/XTD10_captions_ko": 37.99999952316284,
    "eval/R@5/t2i/XTD10_captions_ko": 69.80000138282776,
    "eval/R@10/t2i/XTD10_captions_ko": 81.00000023841858,
    "eval/R@1/i2t/XTD10_captions_es": 44.200000166893005,
    "eval/R@5/i2t/XTD10_captions_es": 75.19999742507935,
    "eval/R@10/i2t/XTD10_captions_es": 86.59999966621399,
    "eval/R@1/t2i/XTD10_captions_es": 47.200000286102295,
    "eval/R@5/t2i/XTD10_captions_es": 80.09999990463257,
    "eval/R@10/t2i/XTD10_captions_es": 88.09999823570251,
    "eval/R@1/i2t/STAIR_caption_jp": 34.299999475479126,
    "eval/R@5/i2t/STAIR_caption_jp": 63.499999046325684,
    "eval/R@10/i2t/STAIR_caption_jp": 76.30000114440918,
    "eval/R@1/t2i/STAIR_caption_jp": 38.499999046325684,
    "eval/R@5/t2i/STAIR_caption_jp": 66.90000295639038,
    "eval/R@10/t2i/STAIR_caption_jp": 78.79999876022339,
    "eval/R@1/i2t/MIC_caption_de": 42.59999990463257,
    "eval/R@5/i2t/MIC_caption_de": 74.40000176429749,
    "eval/R@10/i2t/MIC_caption_de": 85.9000027179718,
    "eval/R@1/t2i/MIC_caption_de": 46.00000083446503,
    "eval/R@5/t2i/MIC_caption_de": 78.39999794960022,
    "eval/R@10/t2i/MIC_caption_de": 87.1999979019165,
    "eval/R@1/i2t/MIC_caption_fr": 44.29999887943268,
    "eval/R@5/i2t/MIC_caption_fr": 75.80000162124634,
    "eval/R@10/i2t/MIC_caption_fr": 85.29999852180481,
    "eval/R@1/t2i/MIC_caption_fr": 47.09999859333038,
    "eval/R@5/t2i/MIC_caption_fr": 77.60000228881836,
    "eval/R@10/t2i/MIC_caption_fr": 87.40000128746033,
    "eval/avg_metric_t2i": 69.07272718169473,
    "eval/avg_metric_i2t": 67.00000004334883,
    "eval/avg_metric": 68.03636361252178
}