{
    "eval/R@1/i2t/XTD10_captions_it": 50.40000081062317,
    "eval/R@5/i2t/XTD10_captions_it": 78.50000262260437,
    "eval/R@10/i2t/XTD10_captions_it": 88.89999985694885,
    "eval/R@1/t2i/XTD10_captions_it": 45.3000009059906,
    "eval/R@5/t2i/XTD10_captions_it": 75.49999952316284,
    "eval/R@10/t2i/XTD10_captions_it": 85.79999804496765,
    "eval/R@1/i2t/XTD10_captions_ru": 43.50000023841858,
    "eval/R@5/i2t/XTD10_captions_ru": 71.10000252723694,
    "eval/R@10/i2t/XTD10_captions_ru": 82.59999752044678,
    "eval/R@1/t2i/XTD10_captions_ru": 42.500001192092896,
    "eval/R@5/t2i/XTD10_captions_ru": 69.70000267028809,
    "eval/R@10/t2i/XTD10_captions_ru": 81.5999984741211,
    "eval/R@1/i2t/XTD10_captions_en": 59.20000076293945,
    "eval/R@5/i2t/XTD10_captions_en": 85.29999852180481,
    "eval/R@10/i2t/XTD10_captions_en": 93.69999766349792,
    "eval/R@1/t2i/XTD10_captions_en": 52.89999842643738,
    "eval/R@5/t2i/XTD10_captions_en": 81.09999895095825,
    "eval/R@10/t2i/XTD10_captions_en": 91.00000262260437,
    "eval/R@1/i2t/XTD10_captions_pl": 47.09999859333038,
    "eval/R@5/i2t/XTD10_captions_pl": 75.19999742507935,
    "eval/R@10/i2t/XTD10_captions_pl": 86.69999837875366,
    "eval/R@1/t2i/XTD10_captions_pl": 46.00000083446503,
    "eval/R@5/t2i/XTD10_captions_pl": 72.69999980926514,
    "eval/R@10/t2i/XTD10_captions_pl": 84.7000002861023,
    "eval/R@1/i2t/XTD10_captions_tr": 47.200000286102295,
    "eval/R@5/i2t/XTD10_captions_tr": 73.29999804496765,
    "eval/R@10/i2t/XTD10_captions_tr": 85.29999852180481,
    "eval/R@1/t2i/XTD10_captions_tr": 43.00000071525574,
    "eval/R@5/t2i/XTD10_captions_tr": 73.19999933242798,
    "eval/R@10/t2i/XTD10_captions_tr": 84.50000286102295,
    "eval/R@1/i2t/XTD10_captions_zh": 47.90000021457672,
    "eval/R@5/i2t/XTD10_captions_zh": 75.80000162124634,
    "eval/R@10/i2t/XTD10_captions_zh": 86.2999975681305,
    "eval/R@1/t2i/XTD10_captions_zh": 46.799999475479126,
    "eval/R@5/t2i/XTD10_captions_zh": 73.7999975681305,
    "eval/R@10/t2i/XTD10_captions_zh": 83.89999866485596,
    "eval/R@1/i2t/XTD10_captions_ko": 38.40000033378601,
    "eval/R@5/i2t/XTD10_captions_ko": 70.70000171661377,
    "eval/R@10/i2t/XTD10_captions_ko": 82.30000138282776,
    "eval/R@1/t2i/XTD10_captions_ko": 41.10000133514404,
    "eval/R@5/t2i/XTD10_captions_ko": 68.00000071525574,
    "eval/R@10/t2i/XTD10_captions_ko": 80.59999942779541,
    "eval/R@1/i2t/XTD10_captions_es": 49.799999594688416,
    "eval/R@5/i2t/XTD10_captions_es": 78.39999794960022,
    "eval/R@10/i2t/XTD10_captions_es": 88.99999856948853,
    "eval/R@1/t2i/XTD10_captions_es": 44.80000138282776,
    "eval/R@5/t2i/XTD10_captions_es": 74.6999979019165,
    "eval/R@10/t2i/XTD10_captions_es": 85.6000006198883,
    "eval/R@1/i2t/STAIR_caption_jp": 37.90000081062317,
    "eval/R@5/i2t/STAIR_caption_jp": 65.10000228881836,
    "eval/R@10/i2t/STAIR_caption_jp": 76.80000066757202,
    "eval/R@1/t2i/STAIR_caption_jp": 40.50000011920929,
    "eval/R@5/t2i/STAIR_caption_jp": 67.59999990463257,
    "eval/R@10/t2i/STAIR_caption_jp": 77.7999997138977,
    "eval/R@1/i2t/MIC_caption_de": 48.39999973773956,
    "eval/R@5/i2t/MIC_caption_de": 75.19999742507935,
    "eval/R@10/i2t/MIC_caption_de": 86.00000143051147,
    "eval/R@1/t2i/MIC_caption_de": 45.39999961853027,
    "eval/R@5/t2i/MIC_caption_de": 73.90000224113464,
    "eval/R@10/t2i/MIC_caption_de": 85.39999723434448,
    "eval/R@1/i2t/MIC_caption_fr": 48.30000102519989,
    "eval/R@5/i2t/MIC_caption_fr": 77.60000228881836,
    "eval/R@10/i2t/MIC_caption_fr": 87.5,
    "eval/R@1/t2i/MIC_caption_fr": 47.49999940395355,
    "eval/R@5/t2i/MIC_caption_fr": 73.7999975681305,
    "eval/R@10/t2i/MIC_caption_fr": 85.10000109672546,
    "eval/avg_metric_t2i": 67.44848480730346,
    "eval/avg_metric_i2t": 69.37575746666302,
    "eval/avg_metric": 68.41212113698325
}