{
    "eval/R@1/i2t/XTD10_captions_it": 46.20000123977661,
    "eval/R@5/i2t/XTD10_captions_it": 74.6999979019165,
    "eval/R@10/i2t/XTD10_captions_it": 87.1999979019165,
    "eval/R@1/t2i/XTD10_captions_it": 46.99999988079071,
    "eval/R@5/t2i/XTD10_captions_it": 76.39999985694885,
    "eval/R@10/t2i/XTD10_captions_it": 87.40000128746033,
    "eval/R@1/i2t/XTD10_captions_ru": 42.80000030994415,
    "eval/R@5/i2t/XTD10_captions_ru": 73.1000006198883,
    "eval/R@10/i2t/XTD10_captions_ru": 83.99999737739563,
    "eval/R@1/t2i/XTD10_captions_ru": 45.100000500679016,
    "eval/R@5/t2i/XTD10_captions_ru": 75.49999952316284,
    "eval/R@10/t2i/XTD10_captions_ru": 85.00000238418579,
    "eval/R@1/i2t/XTD10_captions_en": 54.6999990940094,
    "eval/R@5/i2t/XTD10_captions_en": 84.79999899864197,
    "eval/R@10/i2t/XTD10_captions_en": 93.80000233650208,
    "eval/R@1/t2i/XTD10_captions_en": 58.49999785423279,
    "eval/R@5/t2i/XTD10_captions_en": 87.00000047683716,
    "eval/R@10/t2i/XTD10_captions_en": 94.0999984741211,
    "eval/R@1/i2t/XTD10_captions_pl": 48.30000102519989,
    "eval/R@5/i2t/XTD10_captions_pl": 76.99999809265137,
    "eval/R@10/i2t/XTD10_captions_pl": 88.09999823570251,
    "eval/R@1/t2i/XTD10_captions_pl": 48.80000054836273,
    "eval/R@5/t2i/XTD10_captions_pl": 78.50000262260437,
    "eval/R@10/t2i/XTD10_captions_pl": 89.20000195503235,
    "eval/R@1/i2t/XTD10_captions_tr": 44.200000166893005,
    "eval/R@5/i2t/XTD10_captions_tr": 73.1000006198883,
    "eval/R@10/i2t/XTD10_captions_tr": 85.69999933242798,
    "eval/R@1/t2i/XTD10_captions_tr": 44.90000009536743,
    "eval/R@5/t2i/XTD10_captions_tr": 74.19999837875366,
    "eval/R@10/t2i/XTD10_captions_tr": 86.19999885559082,
    "eval/R@1/i2t/XTD10_captions_zh": 49.2000013589859,
    "eval/R@5/i2t/XTD10_captions_zh": 78.89999747276306,
    "eval/R@10/i2t/XTD10_captions_zh": 88.49999904632568,
    "eval/R@1/t2i/XTD10_captions_zh": 50.90000033378601,
    "eval/R@5/t2i/XTD10_captions_zh": 81.40000104904175,
    "eval/R@10/t2i/XTD10_captions_zh": 90.10000228881836,
    "eval/R@1/i2t/XTD10_captions_ko": 33.10000002384186,
    "eval/R@5/i2t/XTD10_captions_ko": 58.60000252723694,
    "eval/R@10/i2t/XTD10_captions_ko": 70.49999833106995,
    "eval/R@1/t2i/XTD10_captions_ko": 34.40000116825104,
    "eval/R@5/t2i/XTD10_captions_ko": 63.099998235702515,
    "eval/R@10/t2i/XTD10_captions_ko": 74.80000257492065,
    "eval/R@1/i2t/XTD10_captions_es": 46.50000035762787,
    "eval/R@5/i2t/XTD10_captions_es": 75.09999871253967,
    "eval/R@10/i2t/XTD10_captions_es": 86.00000143051147,
    "eval/R@1/t2i/XTD10_captions_es": 48.69999885559082,
    "eval/R@5/t2i/XTD10_captions_es": 78.60000133514404,
    "eval/R@10/t2i/XTD10_captions_es": 88.20000290870667,
    "eval/R@1/i2t/STAIR_caption_jp": 38.40000033378601,
    "eval/R@5/i2t/STAIR_caption_jp": 67.10000038146973,
    "eval/R@10/i2t/STAIR_caption_jp": 79.6999990940094,
    "eval/R@1/t2i/STAIR_caption_jp": 38.80000114440918,
    "eval/R@5/t2i/STAIR_caption_jp": 70.09999752044678,
    "eval/R@10/t2i/STAIR_caption_jp": 80.59999942779541,
    "eval/R@1/i2t/MIC_caption_de": 45.3000009059906,
    "eval/R@5/i2t/MIC_caption_de": 74.40000176429749,
    "eval/R@10/i2t/MIC_caption_de": 85.10000109672546,
    "eval/R@1/t2i/MIC_caption_de": 47.49999940395355,
    "eval/R@5/t2i/MIC_caption_de": 77.30000019073486,
    "eval/R@10/t2i/MIC_caption_de": 87.5,
    "eval/R@1/i2t/MIC_caption_fr": 45.3000009059906,
    "eval/R@5/i2t/MIC_caption_fr": 75.19999742507935,
    "eval/R@10/i2t/MIC_caption_fr": 85.6000006198883,
    "eval/R@1/t2i/MIC_caption_fr": 49.300000071525574,
    "eval/R@5/t2i/MIC_caption_fr": 78.20000052452087,
    "eval/R@10/t2i/MIC_caption_fr": 87.99999952316284,
    "eval/avg_metric_t2i": 69.85757603789821,
    "eval/avg_metric_i2t": 67.88484833457254,
    "eval/avg_metric": 68.87121218623537
}