{
    "eval/R@1/i2t/XTD10_captions_it": 52.10000276565552,
    "eval/R@5/i2t/XTD10_captions_it": 81.80000185966492,
    "eval/R@10/i2t/XTD10_captions_it": 90.70000052452087,
    "eval/R@1/t2i/XTD10_captions_it": 51.99999809265137,
    "eval/R@5/t2i/XTD10_captions_it": 82.09999799728394,
    "eval/R@10/t2i/XTD10_captions_it": 91.10000133514404,
    "eval/R@1/i2t/XTD10_captions_ru": 48.39999973773956,
    "eval/R@5/i2t/XTD10_captions_ru": 75.49999952316284,
    "eval/R@10/i2t/XTD10_captions_ru": 86.90000176429749,
    "eval/R@1/t2i/XTD10_captions_ru": 47.29999899864197,
    "eval/R@5/t2i/XTD10_captions_ru": 77.39999890327454,
    "eval/R@10/t2i/XTD10_captions_ru": 86.69999837875366,
    "eval/R@1/i2t/XTD10_captions_en": 58.99999737739563,
    "eval/R@5/i2t/XTD10_captions_en": 87.90000081062317,
    "eval/R@10/i2t/XTD10_captions_en": 95.39999961853027,
    "eval/R@1/t2i/XTD10_captions_en": 61.900001764297485,
    "eval/R@5/t2i/XTD10_captions_en": 88.40000033378601,
    "eval/R@10/t2i/XTD10_captions_en": 94.40000057220459,
    "eval/R@1/i2t/XTD10_captions_pl": 51.099997758865356,
    "eval/R@5/i2t/XTD10_captions_pl": 81.90000057220459,
    "eval/R@10/i2t/XTD10_captions_pl": 90.79999923706055,
    "eval/R@1/t2i/XTD10_captions_pl": 53.200000524520874,
    "eval/R@5/t2i/XTD10_captions_pl": 82.8000009059906,
    "eval/R@10/t2i/XTD10_captions_pl": 91.00000262260437,
    "eval/R@1/i2t/XTD10_captions_tr": 48.30000102519989,
    "eval/R@5/i2t/XTD10_captions_tr": 78.70000004768372,
    "eval/R@10/i2t/XTD10_captions_tr": 90.39999842643738,
    "eval/R@1/t2i/XTD10_captions_tr": 46.39999866485596,
    "eval/R@5/t2i/XTD10_captions_tr": 79.60000038146973,
    "eval/R@10/t2i/XTD10_captions_tr": 88.89999985694885,
    "eval/R@1/i2t/XTD10_captions_zh": 51.5999972820282,
    "eval/R@5/i2t/XTD10_captions_zh": 80.09999990463257,
    "eval/R@10/i2t/XTD10_captions_zh": 90.49999713897705,
    "eval/R@1/t2i/XTD10_captions_zh": 51.80000066757202,
    "eval/R@5/t2i/XTD10_captions_zh": 81.40000104904175,
    "eval/R@10/t2i/XTD10_captions_zh": 89.99999761581421,
    "eval/R@1/i2t/XTD10_captions_ko": 44.29999887943268,
    "eval/R@5/i2t/XTD10_captions_ko": 73.60000014305115,
    "eval/R@10/i2t/XTD10_captions_ko": 85.50000190734863,
    "eval/R@1/t2i/XTD10_captions_ko": 45.500001311302185,
    "eval/R@5/t2i/XTD10_captions_ko": 75.19999742507935,
    "eval/R@10/t2i/XTD10_captions_ko": 85.50000190734863,
    "eval/R@1/i2t/XTD10_captions_es": 50.300002098083496,
    "eval/R@5/i2t/XTD10_captions_es": 80.29999732971191,
    "eval/R@10/i2t/XTD10_captions_es": 91.00000262260437,
    "eval/R@1/t2i/XTD10_captions_es": 52.399998903274536,
    "eval/R@5/t2i/XTD10_captions_es": 81.80000185966492,
    "eval/R@10/t2i/XTD10_captions_es": 90.89999794960022,
    "eval/R@1/i2t/STAIR_caption_jp": 41.600000858306885,
    "eval/R@5/i2t/STAIR_caption_jp": 71.8999981880188,
    "eval/R@10/i2t/STAIR_caption_jp": 82.89999961853027,
    "eval/R@1/t2i/STAIR_caption_jp": 43.00000071525574,
    "eval/R@5/t2i/STAIR_caption_jp": 72.50000238418579,
    "eval/R@10/t2i/STAIR_caption_jp": 82.40000009536743,
    "eval/R@1/i2t/MIC_caption_de": 50.599998235702515,
    "eval/R@5/i2t/MIC_caption_de": 79.90000247955322,
    "eval/R@10/i2t/MIC_caption_de": 89.20000195503235,
    "eval/R@1/t2i/MIC_caption_de": 51.499998569488525,
    "eval/R@5/t2i/MIC_caption_de": 80.80000281333923,
    "eval/R@10/t2i/MIC_caption_de": 90.39999842643738,
    "eval/R@1/i2t/MIC_caption_fr": 51.20000243186951,
    "eval/R@5/i2t/MIC_caption_fr": 80.19999861717224,
    "eval/R@10/i2t/MIC_caption_fr": 89.70000147819519,
    "eval/R@1/t2i/MIC_caption_fr": 52.60000228881836,
    "eval/R@5/t2i/MIC_caption_fr": 81.19999766349792,
    "eval/R@10/t2i/MIC_caption_fr": 90.2999997138977,
    "eval/avg_metric_t2i": 73.40606062701254,
    "eval/avg_metric_i2t": 72.82727279446341,
    "eval/avg_metric": 73.11666671073797
}