{
    "eval/R@1/i2t/XTD10_captions_it": 36.19999885559082,
    "eval/R@5/i2t/XTD10_captions_it": 69.19999718666077,
    "eval/R@10/i2t/XTD10_captions_it": 83.09999704360962,
    "eval/R@1/t2i/XTD10_captions_it": 41.4000004529953,
    "eval/R@5/t2i/XTD10_captions_it": 73.90000224113464,
    "eval/R@10/t2i/XTD10_captions_it": 85.00000238418579,
    "eval/R@1/i2t/XTD10_captions_ru": 33.399999141693115,
    "eval/R@5/i2t/XTD10_captions_ru": 63.999998569488525,
    "eval/R@10/i2t/XTD10_captions_ru": 77.60000228881836,
    "eval/R@1/t2i/XTD10_captions_ru": 37.299999594688416,
    "eval/R@5/t2i/XTD10_captions_ru": 68.09999942779541,
    "eval/R@10/t2i/XTD10_captions_ru": 79.90000247955322,
    "eval/R@1/i2t/XTD10_captions_en": 41.69999957084656,
    "eval/R@5/i2t/XTD10_captions_en": 74.6999979019165,
    "eval/R@10/i2t/XTD10_captions_en": 87.09999918937683,
    "eval/R@1/t2i/XTD10_captions_en": 47.90000021457672,
    "eval/R@5/t2i/XTD10_captions_en": 76.70000195503235,
    "eval/R@10/t2i/XTD10_captions_en": 86.79999709129333,
    "eval/R@1/i2t/XTD10_captions_pl": 38.199999928474426,
    "eval/R@5/i2t/XTD10_captions_pl": 71.39999866485596,
    "eval/R@10/i2t/XTD10_captions_pl": 82.8000009059906,
    "eval/R@1/t2i/XTD10_captions_pl": 43.99999976158142,
    "eval/R@5/t2i/XTD10_captions_pl": 73.7999975681305,
    "eval/R@10/t2i/XTD10_captions_pl": 85.00000238418579,
    "eval/R@1/i2t/XTD10_captions_tr": 32.19999969005585,
    "eval/R@5/i2t/XTD10_captions_tr": 65.49999713897705,
    "eval/R@10/i2t/XTD10_captions_tr": 79.40000295639038,
    "eval/R@1/t2i/XTD10_captions_tr": 37.59999871253967,
    "eval/R@5/t2i/XTD10_captions_tr": 69.59999799728394,
    "eval/R@10/t2i/XTD10_captions_tr": 81.09999895095825,
    "eval/R@1/i2t/XTD10_captions_zh": 35.80000102519989,
    "eval/R@5/i2t/XTD10_captions_zh": 67.10000038146973,
    "eval/R@10/i2t/XTD10_captions_zh": 80.69999814033508,
    "eval/R@1/t2i/XTD10_captions_zh": 37.40000128746033,
    "eval/R@5/t2i/XTD10_captions_zh": 70.59999704360962,
    "eval/R@10/t2i/XTD10_captions_zh": 83.09999704360962,
    "eval/R@1/i2t/XTD10_captions_ko": 31.200000643730164,
    "eval/R@5/i2t/XTD10_captions_ko": 63.499999046325684,
    "eval/R@10/i2t/XTD10_captions_ko": 76.39999985694885,
    "eval/R@1/t2i/XTD10_captions_ko": 36.10000014305115,
    "eval/R@5/t2i/XTD10_captions_ko": 67.10000038146973,
    "eval/R@10/t2i/XTD10_captions_ko": 80.40000200271606,
    "eval/R@1/i2t/XTD10_captions_es": 34.59999859333038,
    "eval/R@5/i2t/XTD10_captions_es": 70.39999961853027,
    "eval/R@10/i2t/XTD10_captions_es": 81.5999984741211,
    "eval/R@1/t2i/XTD10_captions_es": 42.10000038146973,
    "eval/R@5/t2i/XTD10_captions_es": 73.00000190734863,
    "eval/R@10/t2i/XTD10_captions_es": 83.99999737739563,
    "eval/R@1/i2t/STAIR_caption_jp": 28.00000011920929,
    "eval/R@5/i2t/STAIR_caption_jp": 58.30000042915344,
    "eval/R@10/i2t/STAIR_caption_jp": 71.49999737739563,
    "eval/R@1/t2i/STAIR_caption_jp": 33.5999995470047,
    "eval/R@5/t2i/STAIR_caption_jp": 63.999998569488525,
    "eval/R@10/t2i/STAIR_caption_jp": 76.30000114440918,
    "eval/R@1/i2t/MIC_caption_de": 35.19999980926514,
    "eval/R@5/i2t/MIC_caption_de": 66.29999876022339,
    "eval/R@10/i2t/MIC_caption_de": 79.90000247955322,
    "eval/R@1/t2i/MIC_caption_de": 42.399999499320984,
    "eval/R@5/t2i/MIC_caption_de": 71.39999866485596,
    "eval/R@10/t2i/MIC_caption_de": 82.30000138282776,
    "eval/R@1/i2t/MIC_caption_fr": 35.69999933242798,
    "eval/R@5/i2t/MIC_caption_fr": 70.49999833106995,
    "eval/R@10/i2t/MIC_caption_fr": 81.80000185966492,
    "eval/R@1/t2i/MIC_caption_fr": 43.20000112056732,
    "eval/R@5/t2i/MIC_caption_fr": 74.29999709129333,
    "eval/R@10/t2i/MIC_caption_fr": 84.79999899864197,
    "eval/avg_metric_t2i": 64.67272711522651,
    "eval/avg_metric_i2t": 60.75757525183938,
    "eval/avg_metric": 62.71515118353294
}