{
    "eval/R@1/i2t/XTD10_captions_it": 34.40000116825104,
    "eval/R@5/i2t/XTD10_captions_it": 68.30000281333923,
    "eval/R@10/i2t/XTD10_captions_it": 83.20000171661377,
    "eval/R@1/t2i/XTD10_captions_it": 40.40000140666962,
    "eval/R@5/t2i/XTD10_captions_it": 72.79999852180481,
    "eval/R@10/t2i/XTD10_captions_it": 84.29999947547913,
    "eval/R@1/i2t/XTD10_captions_ru": 32.40000009536743,
    "eval/R@5/i2t/XTD10_captions_ru": 63.599997758865356,
    "eval/R@10/i2t/XTD10_captions_ru": 76.70000195503235,
    "eval/R@1/t2i/XTD10_captions_ru": 37.09999918937683,
    "eval/R@5/t2i/XTD10_captions_ru": 68.00000071525574,
    "eval/R@10/t2i/XTD10_captions_ru": 79.19999957084656,
    "eval/R@1/i2t/XTD10_captions_en": 38.89999985694885,
    "eval/R@5/i2t/XTD10_captions_en": 73.1000006198883,
    "eval/R@10/i2t/XTD10_captions_en": 85.39999723434448,
    "eval/R@1/t2i/XTD10_captions_en": 45.39999961853027,
    "eval/R@5/t2i/XTD10_captions_en": 76.09999775886536,
    "eval/R@10/t2i/XTD10_captions_en": 85.9000027179718,
    "eval/R@1/i2t/XTD10_captions_pl": 36.000001430511475,
    "eval/R@5/i2t/XTD10_captions_pl": 69.80000138282776,
    "eval/R@10/i2t/XTD10_captions_pl": 82.8000009059906,
    "eval/R@1/t2i/XTD10_captions_pl": 42.69999861717224,
    "eval/R@5/t2i/XTD10_captions_pl": 73.60000014305115,
    "eval/R@10/t2i/XTD10_captions_pl": 84.10000205039978,
    "eval/R@1/i2t/XTD10_captions_tr": 31.099998950958252,
    "eval/R@5/i2t/XTD10_captions_tr": 65.20000100135803,
    "eval/R@10/i2t/XTD10_captions_tr": 78.70000004768372,
    "eval/R@1/t2i/XTD10_captions_tr": 38.10000121593475,
    "eval/R@5/t2i/XTD10_captions_tr": 68.19999814033508,
    "eval/R@10/t2i/XTD10_captions_tr": 81.09999895095825,
    "eval/R@1/i2t/XTD10_captions_zh": 33.70000123977661,
    "eval/R@5/i2t/XTD10_captions_zh": 63.999998569488525,
    "eval/R@10/i2t/XTD10_captions_zh": 79.79999780654907,
    "eval/R@1/t2i/XTD10_captions_zh": 36.19999885559082,
    "eval/R@5/t2i/XTD10_captions_zh": 69.40000057220459,
    "eval/R@10/t2i/XTD10_captions_zh": 81.99999928474426,
    "eval/R@1/i2t/XTD10_captions_ko": 29.30000126361847,
    "eval/R@5/i2t/XTD10_captions_ko": 61.69999837875366,
    "eval/R@10/i2t/XTD10_captions_ko": 75.19999742507935,
    "eval/R@1/t2i/XTD10_captions_ko": 33.5999995470047,
    "eval/R@5/t2i/XTD10_captions_ko": 66.00000262260437,
    "eval/R@10/t2i/XTD10_captions_ko": 79.79999780654907,
    "eval/R@1/i2t/XTD10_captions_es": 33.70000123977661,
    "eval/R@5/i2t/XTD10_captions_es": 68.90000104904175,
    "eval/R@10/i2t/XTD10_captions_es": 80.59999942779541,
    "eval/R@1/t2i/XTD10_captions_es": 40.59999883174896,
    "eval/R@5/t2i/XTD10_captions_es": 71.70000076293945,
    "eval/R@10/t2i/XTD10_captions_es": 82.99999833106995,
    "eval/R@1/i2t/STAIR_caption_jp": 26.899999380111694,
    "eval/R@5/i2t/STAIR_caption_jp": 58.49999785423279,
    "eval/R@10/i2t/STAIR_caption_jp": 71.39999866485596,
    "eval/R@1/t2i/STAIR_caption_jp": 32.100000977516174,
    "eval/R@5/t2i/STAIR_caption_jp": 62.800002098083496,
    "eval/R@10/t2i/STAIR_caption_jp": 75.99999904632568,
    "eval/R@1/i2t/MIC_caption_de": 32.30000138282776,
    "eval/R@5/i2t/MIC_caption_de": 64.3999993801117,
    "eval/R@10/i2t/MIC_caption_de": 78.89999747276306,
    "eval/R@1/t2i/MIC_caption_de": 40.700000524520874,
    "eval/R@5/t2i/MIC_caption_de": 70.3000009059906,
    "eval/R@10/t2i/MIC_caption_de": 81.90000057220459,
    "eval/R@1/i2t/MIC_caption_fr": 35.100001096725464,
    "eval/R@5/i2t/MIC_caption_fr": 69.0999984741211,
    "eval/R@10/i2t/MIC_caption_fr": 82.09999799728394,
    "eval/R@1/t2i/MIC_caption_fr": 41.600000858306885,
    "eval/R@5/t2i/MIC_caption_fr": 72.29999899864197,
    "eval/R@10/t2i/MIC_caption_fr": 83.70000123977661,
    "eval/avg_metric_t2i": 63.65757575540832,
    "eval/avg_metric_i2t": 59.551515001239196,
    "eval/avg_metric": 61.604545378323756
}