{
    "eval/R@1/i2t/XTD10_captions_it": 51.5999972820282,
    "eval/R@5/i2t/XTD10_captions_it": 81.09999895095825,
    "eval/R@10/i2t/XTD10_captions_it": 91.10000133514404,
    "eval/R@1/t2i/XTD10_captions_it": 51.499998569488525,
    "eval/R@5/t2i/XTD10_captions_it": 81.49999976158142,
    "eval/R@10/t2i/XTD10_captions_it": 91.10000133514404,
    "eval/R@1/i2t/XTD10_captions_ru": 48.30000102519989,
    "eval/R@5/i2t/XTD10_captions_ru": 75.90000033378601,
    "eval/R@10/i2t/XTD10_captions_ru": 87.30000257492065,
    "eval/R@1/t2i/XTD10_captions_ru": 46.0999995470047,
    "eval/R@5/t2i/XTD10_captions_ru": 77.60000228881836,
    "eval/R@10/t2i/XTD10_captions_ru": 86.40000224113464,
    "eval/R@1/i2t/XTD10_captions_en": 59.299999475479126,
    "eval/R@5/i2t/XTD10_captions_en": 87.8000020980835,
    "eval/R@10/i2t/XTD10_captions_en": 95.49999833106995,
    "eval/R@1/t2i/XTD10_captions_en": 61.69999837875366,
    "eval/R@5/t2i/XTD10_captions_en": 88.09999823570251,
    "eval/R@10/t2i/XTD10_captions_en": 94.80000138282776,
    "eval/R@1/i2t/XTD10_captions_pl": 51.70000195503235,
    "eval/R@5/i2t/XTD10_captions_pl": 81.40000104904175,
    "eval/R@10/i2t/XTD10_captions_pl": 90.79999923706055,
    "eval/R@1/t2i/XTD10_captions_pl": 53.39999794960022,
    "eval/R@5/t2i/XTD10_captions_pl": 82.89999961853027,
    "eval/R@10/t2i/XTD10_captions_pl": 91.00000262260437,
    "eval/R@1/i2t/XTD10_captions_tr": 48.500001430511475,
    "eval/R@5/i2t/XTD10_captions_tr": 78.70000004768372,
    "eval/R@10/i2t/XTD10_captions_tr": 90.10000228881836,
    "eval/R@1/t2i/XTD10_captions_tr": 46.299999952316284,
    "eval/R@5/t2i/XTD10_captions_tr": 78.89999747276306,
    "eval/R@10/t2i/XTD10_captions_tr": 89.20000195503235,
    "eval/R@1/i2t/XTD10_captions_zh": 51.80000066757202,
    "eval/R@5/i2t/XTD10_captions_zh": 80.50000071525574,
    "eval/R@10/i2t/XTD10_captions_zh": 90.39999842643738,
    "eval/R@1/t2i/XTD10_captions_zh": 51.70000195503235,
    "eval/R@5/t2i/XTD10_captions_zh": 81.19999766349792,
    "eval/R@10/t2i/XTD10_captions_zh": 90.49999713897705,
    "eval/R@1/i2t/XTD10_captions_ko": 43.700000643730164,
    "eval/R@5/i2t/XTD10_captions_ko": 74.50000047683716,
    "eval/R@10/i2t/XTD10_captions_ko": 85.9000027179718,
    "eval/R@1/t2i/XTD10_captions_ko": 44.999998807907104,
    "eval/R@5/t2i/XTD10_captions_ko": 75.3000020980835,
    "eval/R@10/t2i/XTD10_captions_ko": 86.10000014305115,
    "eval/R@1/i2t/XTD10_captions_es": 50.599998235702515,
    "eval/R@5/i2t/XTD10_captions_es": 81.00000023841858,
    "eval/R@10/i2t/XTD10_captions_es": 91.60000085830688,
    "eval/R@1/t2i/XTD10_captions_es": 51.30000114440918,
    "eval/R@5/t2i/XTD10_captions_es": 81.99999928474426,
    "eval/R@10/t2i/XTD10_captions_es": 90.49999713897705,
    "eval/R@1/i2t/STAIR_caption_jp": 41.80000126361847,
    "eval/R@5/i2t/STAIR_caption_jp": 71.79999947547913,
    "eval/R@10/i2t/STAIR_caption_jp": 83.30000042915344,
    "eval/R@1/t2i/STAIR_caption_jp": 41.600000858306885,
    "eval/R@5/t2i/STAIR_caption_jp": 72.69999980926514,
    "eval/R@10/t2i/STAIR_caption_jp": 82.59999752044678,
    "eval/R@1/i2t/MIC_caption_de": 51.30000114440918,
    "eval/R@5/i2t/MIC_caption_de": 79.50000166893005,
    "eval/R@10/i2t/MIC_caption_de": 89.30000066757202,
    "eval/R@1/t2i/MIC_caption_de": 51.99999809265137,
    "eval/R@5/t2i/MIC_caption_de": 80.50000071525574,
    "eval/R@10/t2i/MIC_caption_de": 90.49999713897705,
    "eval/R@1/i2t/MIC_caption_fr": 50.700002908706665,
    "eval/R@5/i2t/MIC_caption_fr": 81.00000023841858,
    "eval/R@10/i2t/MIC_caption_fr": 89.49999809265137,
    "eval/R@1/t2i/MIC_caption_fr": 52.89999842643738,
    "eval/R@5/t2i/MIC_caption_fr": 81.80000185966492,
    "eval/R@10/t2i/MIC_caption_fr": 89.99999761581421,
    "eval/avg_metric_t2i": 73.2939390522061,
    "eval/avg_metric_i2t": 72.94848534193906,
    "eval/avg_metric": 73.12121219707258
}