{
    "eval/R@1/i2t/XTD10_captions_it": 36.500000953674316,
    "eval/R@5/i2t/XTD10_captions_it": 69.59999799728394,
    "eval/R@10/i2t/XTD10_captions_it": 83.30000042915344,
    "eval/R@1/t2i/XTD10_captions_it": 42.1999990940094,
    "eval/R@5/t2i/XTD10_captions_it": 73.4000027179718,
    "eval/R@10/t2i/XTD10_captions_it": 85.29999852180481,
    "eval/R@1/i2t/XTD10_captions_ru": 34.00000035762787,
    "eval/R@5/i2t/XTD10_captions_ru": 63.999998569488525,
    "eval/R@10/i2t/XTD10_captions_ru": 77.10000276565552,
    "eval/R@1/t2i/XTD10_captions_ru": 38.2999986410141,
    "eval/R@5/t2i/XTD10_captions_ru": 68.69999766349792,
    "eval/R@10/t2i/XTD10_captions_ru": 80.19999861717224,
    "eval/R@1/i2t/XTD10_captions_en": 41.10000133514404,
    "eval/R@5/i2t/XTD10_captions_en": 74.40000176429749,
    "eval/R@10/i2t/XTD10_captions_en": 87.09999918937683,
    "eval/R@1/t2i/XTD10_captions_en": 46.99999988079071,
    "eval/R@5/t2i/XTD10_captions_en": 76.99999809265137,
    "eval/R@10/t2i/XTD10_captions_en": 86.59999966621399,
    "eval/R@1/i2t/XTD10_captions_pl": 36.500000953674316,
    "eval/R@5/i2t/XTD10_captions_pl": 71.60000205039978,
    "eval/R@10/i2t/XTD10_captions_pl": 82.20000267028809,
    "eval/R@1/t2i/XTD10_captions_pl": 44.200000166893005,
    "eval/R@5/t2i/XTD10_captions_pl": 74.00000095367432,
    "eval/R@10/t2i/XTD10_captions_pl": 84.3999981880188,
    "eval/R@1/i2t/XTD10_captions_tr": 31.999999284744263,
    "eval/R@5/i2t/XTD10_captions_tr": 65.89999794960022,
    "eval/R@10/i2t/XTD10_captions_tr": 79.19999957084656,
    "eval/R@1/t2i/XTD10_captions_tr": 37.40000128746033,
    "eval/R@5/t2i/XTD10_captions_tr": 69.9999988079071,
    "eval/R@10/t2i/XTD10_captions_tr": 81.19999766349792,
    "eval/R@1/i2t/XTD10_captions_zh": 34.79999899864197,
    "eval/R@5/i2t/XTD10_captions_zh": 67.1999990940094,
    "eval/R@10/i2t/XTD10_captions_zh": 80.80000281333923,
    "eval/R@1/t2i/XTD10_captions_zh": 37.99999952316284,
    "eval/R@5/t2i/XTD10_captions_zh": 70.80000042915344,
    "eval/R@10/t2i/XTD10_captions_zh": 83.20000171661377,
    "eval/R@1/i2t/XTD10_captions_ko": 31.400001049041748,
    "eval/R@5/i2t/XTD10_captions_ko": 62.59999871253967,
    "eval/R@10/i2t/XTD10_captions_ko": 75.59999823570251,
    "eval/R@1/t2i/XTD10_captions_ko": 35.80000102519989,
    "eval/R@5/t2i/XTD10_captions_ko": 66.90000295639038,
    "eval/R@10/t2i/XTD10_captions_ko": 80.50000071525574,
    "eval/R@1/i2t/XTD10_captions_es": 35.19999980926514,
    "eval/R@5/i2t/XTD10_captions_es": 70.49999833106995,
    "eval/R@10/i2t/XTD10_captions_es": 81.00000023841858,
    "eval/R@1/t2i/XTD10_captions_es": 41.999998688697815,
    "eval/R@5/t2i/XTD10_captions_es": 73.1000006198883,
    "eval/R@10/t2i/XTD10_captions_es": 84.10000205039978,
    "eval/R@1/i2t/STAIR_caption_jp": 28.200000524520874,
    "eval/R@5/i2t/STAIR_caption_jp": 58.49999785423279,
    "eval/R@10/i2t/STAIR_caption_jp": 71.70000076293945,
    "eval/R@1/t2i/STAIR_caption_jp": 32.499998807907104,
    "eval/R@5/t2i/STAIR_caption_jp": 63.499999046325684,
    "eval/R@10/t2i/STAIR_caption_jp": 76.49999856948853,
    "eval/R@1/i2t/MIC_caption_de": 34.40000116825104,
    "eval/R@5/i2t/MIC_caption_de": 65.70000052452087,
    "eval/R@10/i2t/MIC_caption_de": 79.50000166893005,
    "eval/R@1/t2i/MIC_caption_de": 41.600000858306885,
    "eval/R@5/t2i/MIC_caption_de": 70.89999914169312,
    "eval/R@10/t2i/MIC_caption_de": 82.40000009536743,
    "eval/R@1/i2t/MIC_caption_fr": 36.500000953674316,
    "eval/R@5/i2t/MIC_caption_fr": 69.9999988079071,
    "eval/R@10/i2t/MIC_caption_fr": 81.49999976158142,
    "eval/R@1/t2i/MIC_caption_fr": 42.69999861717224,
    "eval/R@5/t2i/MIC_caption_fr": 74.09999966621399,
    "eval/R@10/t2i/MIC_caption_fr": 84.7000002861023,
    "eval/avg_metric_t2i": 64.64242402351263,
    "eval/avg_metric_i2t": 60.59393954999519,
    "eval/avg_metric": 62.61818178675391
}