{
    "eval/R@1/i2t/XTD10_captions_it": 49.2000013589859,
    "eval/R@5/i2t/XTD10_captions_it": 78.79999876022339,
    "eval/R@10/i2t/XTD10_captions_it": 88.99999856948853,
    "eval/R@1/t2i/XTD10_captions_it": 49.000000953674316,
    "eval/R@5/t2i/XTD10_captions_it": 79.40000295639038,
    "eval/R@10/t2i/XTD10_captions_it": 88.30000162124634,
    "eval/R@1/i2t/XTD10_captions_ru": 42.69999861717224,
    "eval/R@5/i2t/XTD10_captions_ru": 70.89999914169312,
    "eval/R@10/i2t/XTD10_captions_ru": 81.90000057220459,
    "eval/R@1/t2i/XTD10_captions_ru": 43.799999356269836,
    "eval/R@5/t2i/XTD10_captions_ru": 74.00000095367432,
    "eval/R@10/t2i/XTD10_captions_ru": 83.20000171661377,
    "eval/R@1/i2t/XTD10_captions_en": 59.700000286102295,
    "eval/R@5/i2t/XTD10_captions_en": 86.69999837875366,
    "eval/R@10/i2t/XTD10_captions_en": 94.19999718666077,
    "eval/R@1/t2i/XTD10_captions_en": 58.99999737739563,
    "eval/R@5/t2i/XTD10_captions_en": 85.19999980926514,
    "eval/R@10/t2i/XTD10_captions_en": 93.00000071525574,
    "eval/R@1/i2t/XTD10_captions_pl": 46.90000116825104,
    "eval/R@5/i2t/XTD10_captions_pl": 75.70000290870667,
    "eval/R@10/i2t/XTD10_captions_pl": 86.00000143051147,
    "eval/R@1/t2i/XTD10_captions_pl": 48.899999260902405,
    "eval/R@5/t2i/XTD10_captions_pl": 79.19999957084656,
    "eval/R@10/t2i/XTD10_captions_pl": 88.59999775886536,
    "eval/R@1/i2t/XTD10_captions_tr": 44.49999928474426,
    "eval/R@5/i2t/XTD10_captions_tr": 75.0,
    "eval/R@10/i2t/XTD10_captions_tr": 85.00000238418579,
    "eval/R@1/t2i/XTD10_captions_tr": 47.09999859333038,
    "eval/R@5/t2i/XTD10_captions_tr": 76.09999775886536,
    "eval/R@10/t2i/XTD10_captions_tr": 87.00000047683716,
    "eval/R@1/i2t/XTD10_captions_zh": 47.69999980926514,
    "eval/R@5/i2t/XTD10_captions_zh": 76.49999856948853,
    "eval/R@10/i2t/XTD10_captions_zh": 87.30000257492065,
    "eval/R@1/t2i/XTD10_captions_zh": 47.09999859333038,
    "eval/R@5/t2i/XTD10_captions_zh": 76.2000024318695,
    "eval/R@10/t2i/XTD10_captions_zh": 87.5,
    "eval/R@1/i2t/XTD10_captions_ko": 40.90000092983246,
    "eval/R@5/i2t/XTD10_captions_ko": 69.30000185966492,
    "eval/R@10/i2t/XTD10_captions_ko": 82.30000138282776,
    "eval/R@1/t2i/XTD10_captions_ko": 41.600000858306885,
    "eval/R@5/t2i/XTD10_captions_ko": 72.10000157356262,
    "eval/R@10/t2i/XTD10_captions_ko": 82.99999833106995,
    "eval/R@1/i2t/XTD10_captions_es": 48.100000619888306,
    "eval/R@5/i2t/XTD10_captions_es": 75.90000033378601,
    "eval/R@10/i2t/XTD10_captions_es": 88.49999904632568,
    "eval/R@1/t2i/XTD10_captions_es": 49.09999966621399,
    "eval/R@5/t2i/XTD10_captions_es": 80.29999732971191,
    "eval/R@10/t2i/XTD10_captions_es": 89.70000147819519,
    "eval/R@1/i2t/STAIR_caption_jp": 39.899998903274536,
    "eval/R@5/i2t/STAIR_caption_jp": 67.1999990940094,
    "eval/R@10/i2t/STAIR_caption_jp": 78.1000018119812,
    "eval/R@1/t2i/STAIR_caption_jp": 40.40000140666962,
    "eval/R@5/t2i/STAIR_caption_jp": 67.10000038146973,
    "eval/R@10/t2i/STAIR_caption_jp": 78.70000004768372,
    "eval/R@1/i2t/MIC_caption_de": 47.600001096725464,
    "eval/R@5/i2t/MIC_caption_de": 77.39999890327454,
    "eval/R@10/i2t/MIC_caption_de": 86.50000095367432,
    "eval/R@1/t2i/MIC_caption_de": 48.100000619888306,
    "eval/R@5/t2i/MIC_caption_de": 78.39999794960022,
    "eval/R@10/t2i/MIC_caption_de": 87.5,
    "eval/R@1/i2t/MIC_caption_fr": 50.80000162124634,
    "eval/R@5/i2t/MIC_caption_fr": 77.30000019073486,
    "eval/R@10/i2t/MIC_caption_fr": 87.8000020980835,
    "eval/R@1/t2i/MIC_caption_fr": 49.70000088214874,
    "eval/R@5/t2i/MIC_caption_fr": 79.19999957084656,
    "eval/R@10/t2i/MIC_caption_fr": 87.8000020980835,
    "eval/avg_metric_t2i": 70.46363642721465,
    "eval/avg_metric_i2t": 69.55454575292993,
    "eval/avg_metric": 70.00909109007229
}