{
    "eval/R@1/i2t/XTD10_captions_it": 36.000001430511475,
    "eval/R@5/i2t/XTD10_captions_it": 67.79999732971191,
    "eval/R@10/i2t/XTD10_captions_it": 81.99999928474426,
    "eval/R@1/t2i/XTD10_captions_it": 42.399999499320984,
    "eval/R@5/t2i/XTD10_captions_it": 73.4000027179718,
    "eval/R@10/t2i/XTD10_captions_it": 84.7000002861023,
    "eval/R@1/i2t/XTD10_captions_ru": 34.20000076293945,
    "eval/R@5/i2t/XTD10_captions_ru": 63.099998235702515,
    "eval/R@10/i2t/XTD10_captions_ru": 78.20000052452087,
    "eval/R@1/t2i/XTD10_captions_ru": 37.90000081062317,
    "eval/R@5/t2i/XTD10_captions_ru": 68.19999814033508,
    "eval/R@10/t2i/XTD10_captions_ru": 80.50000071525574,
    "eval/R@1/i2t/XTD10_captions_en": 41.200000047683716,
    "eval/R@5/i2t/XTD10_captions_en": 73.7999975681305,
    "eval/R@10/i2t/XTD10_captions_en": 87.30000257492065,
    "eval/R@1/t2i/XTD10_captions_en": 47.200000286102295,
    "eval/R@5/t2i/XTD10_captions_en": 76.5999972820282,
    "eval/R@10/t2i/XTD10_captions_en": 86.40000224113464,
    "eval/R@1/i2t/XTD10_captions_pl": 36.500000953674316,
    "eval/R@5/i2t/XTD10_captions_pl": 70.3000009059906,
    "eval/R@10/i2t/XTD10_captions_pl": 81.40000104904175,
    "eval/R@1/t2i/XTD10_captions_pl": 44.200000166893005,
    "eval/R@5/t2i/XTD10_captions_pl": 73.69999885559082,
    "eval/R@10/t2i/XTD10_captions_pl": 84.89999771118164,
    "eval/R@1/i2t/XTD10_captions_tr": 31.00000023841858,
    "eval/R@5/i2t/XTD10_captions_tr": 65.20000100135803,
    "eval/R@10/i2t/XTD10_captions_tr": 79.19999957084656,
    "eval/R@1/t2i/XTD10_captions_tr": 39.10000026226044,
    "eval/R@5/t2i/XTD10_captions_tr": 68.4000015258789,
    "eval/R@10/t2i/XTD10_captions_tr": 80.69999814033508,
    "eval/R@1/i2t/XTD10_captions_zh": 34.90000069141388,
    "eval/R@5/i2t/XTD10_captions_zh": 67.29999780654907,
    "eval/R@10/i2t/XTD10_captions_zh": 81.30000233650208,
    "eval/R@1/t2i/XTD10_captions_zh": 37.00000047683716,
    "eval/R@5/t2i/XTD10_captions_zh": 70.80000042915344,
    "eval/R@10/t2i/XTD10_captions_zh": 82.70000219345093,
    "eval/R@1/i2t/XTD10_captions_ko": 29.899999499320984,
    "eval/R@5/i2t/XTD10_captions_ko": 63.099998235702515,
    "eval/R@10/i2t/XTD10_captions_ko": 75.70000290870667,
    "eval/R@1/t2i/XTD10_captions_ko": 34.59999859333038,
    "eval/R@5/t2i/XTD10_captions_ko": 66.79999828338623,
    "eval/R@10/t2i/XTD10_captions_ko": 80.0000011920929,
    "eval/R@1/i2t/XTD10_captions_es": 34.40000116825104,
    "eval/R@5/i2t/XTD10_captions_es": 69.0999984741211,
    "eval/R@10/i2t/XTD10_captions_es": 81.00000023841858,
    "eval/R@1/t2i/XTD10_captions_es": 41.4000004529953,
    "eval/R@5/t2i/XTD10_captions_es": 71.79999947547913,
    "eval/R@10/t2i/XTD10_captions_es": 83.49999785423279,
    "eval/R@1/i2t/STAIR_caption_jp": 28.00000011920929,
    "eval/R@5/i2t/STAIR_caption_jp": 57.8000009059906,
    "eval/R@10/i2t/STAIR_caption_jp": 72.69999980926514,
    "eval/R@1/t2i/STAIR_caption_jp": 33.000001311302185,
    "eval/R@5/t2i/STAIR_caption_jp": 63.30000162124634,
    "eval/R@10/t2i/STAIR_caption_jp": 76.09999775886536,
    "eval/R@1/i2t/MIC_caption_de": 34.49999988079071,
    "eval/R@5/i2t/MIC_caption_de": 64.89999890327454,
    "eval/R@10/i2t/MIC_caption_de": 78.50000262260437,
    "eval/R@1/t2i/MIC_caption_de": 41.29999876022339,
    "eval/R@5/t2i/MIC_caption_de": 70.20000219345093,
    "eval/R@10/t2i/MIC_caption_de": 82.09999799728394,
    "eval/R@1/i2t/MIC_caption_fr": 35.600000619888306,
    "eval/R@5/i2t/MIC_caption_fr": 69.59999799728394,
    "eval/R@10/i2t/MIC_caption_fr": 81.09999895095825,
    "eval/R@1/t2i/MIC_caption_fr": 42.80000030994415,
    "eval/R@5/t2i/MIC_caption_fr": 73.29999804496765,
    "eval/R@10/t2i/MIC_caption_fr": 84.3999981880188,
    "eval/avg_metric_t2i": 64.34545435688712,
    "eval/avg_metric_i2t": 60.20000008019534,
    "eval/avg_metric": 62.27272721854123
}