{
    "eval/R@1/i2t/XTD10_captions_it": 52.10000276565552,
    "eval/R@5/i2t/XTD10_captions_it": 81.19999766349792,
    "eval/R@10/i2t/XTD10_captions_it": 90.49999713897705,
    "eval/R@1/t2i/XTD10_captions_it": 51.80000066757202,
    "eval/R@5/t2i/XTD10_captions_it": 82.09999799728394,
    "eval/R@10/t2i/XTD10_captions_it": 91.00000262260437,
    "eval/R@1/i2t/XTD10_captions_ru": 47.09999859333038,
    "eval/R@5/i2t/XTD10_captions_ru": 75.90000033378601,
    "eval/R@10/i2t/XTD10_captions_ru": 86.69999837875366,
    "eval/R@1/t2i/XTD10_captions_ru": 47.49999940395355,
    "eval/R@5/t2i/XTD10_captions_ru": 77.10000276565552,
    "eval/R@10/t2i/XTD10_captions_ru": 86.40000224113464,
    "eval/R@1/i2t/XTD10_captions_en": 58.20000171661377,
    "eval/R@5/i2t/XTD10_captions_en": 88.09999823570251,
    "eval/R@10/i2t/XTD10_captions_en": 95.09999752044678,
    "eval/R@1/t2i/XTD10_captions_en": 61.59999966621399,
    "eval/R@5/t2i/XTD10_captions_en": 88.20000290870667,
    "eval/R@10/t2i/XTD10_captions_en": 94.30000185966492,
    "eval/R@1/i2t/XTD10_captions_pl": 50.999999046325684,
    "eval/R@5/i2t/XTD10_captions_pl": 81.80000185966492,
    "eval/R@10/i2t/XTD10_captions_pl": 90.89999794960022,
    "eval/R@1/t2i/XTD10_captions_pl": 52.49999761581421,
    "eval/R@5/t2i/XTD10_captions_pl": 82.59999752044678,
    "eval/R@10/t2i/XTD10_captions_pl": 91.00000262260437,
    "eval/R@1/i2t/XTD10_captions_tr": 48.500001430511475,
    "eval/R@5/i2t/XTD10_captions_tr": 78.89999747276306,
    "eval/R@10/i2t/XTD10_captions_tr": 90.10000228881836,
    "eval/R@1/t2i/XTD10_captions_tr": 47.600001096725464,
    "eval/R@5/t2i/XTD10_captions_tr": 79.19999957084656,
    "eval/R@10/t2i/XTD10_captions_tr": 88.89999985694885,
    "eval/R@1/i2t/XTD10_captions_zh": 51.30000114440918,
    "eval/R@5/i2t/XTD10_captions_zh": 80.40000200271606,
    "eval/R@10/i2t/XTD10_captions_zh": 90.39999842643738,
    "eval/R@1/t2i/XTD10_captions_zh": 52.399998903274536,
    "eval/R@5/t2i/XTD10_captions_zh": 80.9000015258789,
    "eval/R@10/t2i/XTD10_captions_zh": 89.89999890327454,
    "eval/R@1/i2t/XTD10_captions_ko": 43.20000112056732,
    "eval/R@5/i2t/XTD10_captions_ko": 73.69999885559082,
    "eval/R@10/i2t/XTD10_captions_ko": 85.39999723434448,
    "eval/R@1/t2i/XTD10_captions_ko": 45.80000042915344,
    "eval/R@5/t2i/XTD10_captions_ko": 74.59999918937683,
    "eval/R@10/t2i/XTD10_captions_ko": 86.00000143051147,
    "eval/R@1/i2t/XTD10_captions_es": 50.90000033378601,
    "eval/R@5/i2t/XTD10_captions_es": 80.59999942779541,
    "eval/R@10/i2t/XTD10_captions_es": 90.70000052452087,
    "eval/R@1/t2i/XTD10_captions_es": 51.99999809265137,
    "eval/R@5/t2i/XTD10_captions_es": 81.69999718666077,
    "eval/R@10/t2i/XTD10_captions_es": 90.89999794960022,
    "eval/R@1/i2t/STAIR_caption_jp": 41.69999957084656,
    "eval/R@5/i2t/STAIR_caption_jp": 71.49999737739563,
    "eval/R@10/i2t/STAIR_caption_jp": 81.80000185966492,
    "eval/R@1/t2i/STAIR_caption_jp": 42.69999861717224,
    "eval/R@5/t2i/STAIR_caption_jp": 72.2000002861023,
    "eval/R@10/t2i/STAIR_caption_jp": 82.30000138282776,
    "eval/R@1/i2t/MIC_caption_de": 50.40000081062317,
    "eval/R@5/i2t/MIC_caption_de": 79.60000038146973,
    "eval/R@10/i2t/MIC_caption_de": 89.0999972820282,
    "eval/R@1/t2i/MIC_caption_de": 51.70000195503235,
    "eval/R@5/t2i/MIC_caption_de": 80.80000281333923,
    "eval/R@10/t2i/MIC_caption_de": 90.6000018119812,
    "eval/R@1/i2t/MIC_caption_fr": 50.90000033378601,
    "eval/R@5/i2t/MIC_caption_fr": 80.29999732971191,
    "eval/R@10/i2t/MIC_caption_fr": 89.3999993801117,
    "eval/R@1/t2i/MIC_caption_fr": 52.99999713897705,
    "eval/R@5/t2i/MIC_caption_fr": 81.00000023841858,
    "eval/R@10/t2i/MIC_caption_fr": 89.70000147819519,
    "eval/avg_metric_t2i": 73.33333356813951,
    "eval/avg_metric_i2t": 72.64848441788645,
    "eval/avg_metric": 72.99090899301298
}