{
    "eval/R@1/i2t/XTD10_captions_it": 51.499998569488525,
    "eval/R@5/i2t/XTD10_captions_it": 80.19999861717224,
    "eval/R@10/i2t/XTD10_captions_it": 89.30000066757202,
    "eval/R@1/t2i/XTD10_captions_it": 50.40000081062317,
    "eval/R@5/t2i/XTD10_captions_it": 80.09999990463257,
    "eval/R@10/t2i/XTD10_captions_it": 90.39999842643738,
    "eval/R@1/i2t/XTD10_captions_ru": 46.00000083446503,
    "eval/R@5/i2t/XTD10_captions_ru": 75.3000020980835,
    "eval/R@10/i2t/XTD10_captions_ru": 85.6000006198883,
    "eval/R@1/t2i/XTD10_captions_ru": 46.50000035762787,
    "eval/R@5/t2i/XTD10_captions_ru": 75.70000290870667,
    "eval/R@10/t2i/XTD10_captions_ru": 85.19999980926514,
    "eval/R@1/i2t/XTD10_captions_en": 56.599998474121094,
    "eval/R@5/i2t/XTD10_captions_en": 87.40000128746033,
    "eval/R@10/i2t/XTD10_captions_en": 95.20000219345093,
    "eval/R@1/t2i/XTD10_captions_en": 60.100001096725464,
    "eval/R@5/t2i/XTD10_captions_en": 87.5,
    "eval/R@10/t2i/XTD10_captions_en": 93.69999766349792,
    "eval/R@1/i2t/XTD10_captions_pl": 49.70000088214874,
    "eval/R@5/i2t/XTD10_captions_pl": 80.50000071525574,
    "eval/R@10/i2t/XTD10_captions_pl": 90.10000228881836,
    "eval/R@1/t2i/XTD10_captions_pl": 50.700002908706665,
    "eval/R@5/t2i/XTD10_captions_pl": 80.69999814033508,
    "eval/R@10/t2i/XTD10_captions_pl": 90.10000228881836,
    "eval/R@1/i2t/XTD10_captions_tr": 48.80000054836273,
    "eval/R@5/i2t/XTD10_captions_tr": 78.39999794960022,
    "eval/R@10/i2t/XTD10_captions_tr": 88.7000024318695,
    "eval/R@1/t2i/XTD10_captions_tr": 47.49999940395355,
    "eval/R@5/t2i/XTD10_captions_tr": 77.89999842643738,
    "eval/R@10/t2i/XTD10_captions_tr": 88.80000114440918,
    "eval/R@1/i2t/XTD10_captions_zh": 49.70000088214874,
    "eval/R@5/i2t/XTD10_captions_zh": 79.50000166893005,
    "eval/R@10/i2t/XTD10_captions_zh": 88.99999856948853,
    "eval/R@1/t2i/XTD10_captions_zh": 49.300000071525574,
    "eval/R@5/t2i/XTD10_captions_zh": 79.90000247955322,
    "eval/R@10/t2i/XTD10_captions_zh": 89.3999993801117,
    "eval/R@1/i2t/XTD10_captions_ko": 42.899999022483826,
    "eval/R@5/i2t/XTD10_captions_ko": 74.6999979019165,
    "eval/R@10/i2t/XTD10_captions_ko": 83.49999785423279,
    "eval/R@1/t2i/XTD10_captions_ko": 43.59999895095825,
    "eval/R@5/t2i/XTD10_captions_ko": 73.50000143051147,
    "eval/R@10/t2i/XTD10_captions_ko": 84.60000157356262,
    "eval/R@1/i2t/XTD10_captions_es": 49.39999878406525,
    "eval/R@5/i2t/XTD10_captions_es": 79.19999957084656,
    "eval/R@10/i2t/XTD10_captions_es": 89.80000019073486,
    "eval/R@1/t2i/XTD10_captions_es": 50.199997425079346,
    "eval/R@5/t2i/XTD10_captions_es": 79.10000085830688,
    "eval/R@10/t2i/XTD10_captions_es": 90.20000100135803,
    "eval/R@1/i2t/STAIR_caption_jp": 40.700000524520874,
    "eval/R@5/i2t/STAIR_caption_jp": 70.39999961853027,
    "eval/R@10/i2t/STAIR_caption_jp": 81.49999976158142,
    "eval/R@1/t2i/STAIR_caption_jp": 40.59999883174896,
    "eval/R@5/t2i/STAIR_caption_jp": 71.8999981880188,
    "eval/R@10/t2i/STAIR_caption_jp": 82.4999988079071,
    "eval/R@1/i2t/MIC_caption_de": 50.49999952316284,
    "eval/R@5/i2t/MIC_caption_de": 78.39999794960022,
    "eval/R@10/i2t/MIC_caption_de": 88.40000033378601,
    "eval/R@1/t2i/MIC_caption_de": 50.700002908706665,
    "eval/R@5/t2i/MIC_caption_de": 79.50000166893005,
    "eval/R@10/t2i/MIC_caption_de": 89.70000147819519,
    "eval/R@1/i2t/MIC_caption_fr": 49.50000047683716,
    "eval/R@5/i2t/MIC_caption_fr": 79.90000247955322,
    "eval/R@10/i2t/MIC_caption_fr": 88.7000024318695,
    "eval/R@1/t2i/MIC_caption_fr": 51.099997758865356,
    "eval/R@5/t2i/MIC_caption_fr": 80.09999990463257,
    "eval/R@10/t2i/MIC_caption_fr": 88.99999856948853,
    "eval/avg_metric_t2i": 72.12727286598899,
    "eval/avg_metric_i2t": 71.78787896127412,
    "eval/avg_metric": 71.95757591363156
}