{
    "eval/R@1/i2t/XTD10_captions_it": 34.90000069141388,
    "eval/R@5/i2t/XTD10_captions_it": 68.09999942779541,
    "eval/R@10/i2t/XTD10_captions_it": 81.49999976158142,
    "eval/R@1/t2i/XTD10_captions_it": 42.399999499320984,
    "eval/R@5/t2i/XTD10_captions_it": 73.00000190734863,
    "eval/R@10/t2i/XTD10_captions_it": 84.10000205039978,
    "eval/R@1/i2t/XTD10_captions_ru": 33.50000083446503,
    "eval/R@5/i2t/XTD10_captions_ru": 63.40000033378601,
    "eval/R@10/i2t/XTD10_captions_ru": 77.39999890327454,
    "eval/R@1/t2i/XTD10_captions_ru": 37.5,
    "eval/R@5/t2i/XTD10_captions_ru": 68.30000281333923,
    "eval/R@10/t2i/XTD10_captions_ru": 80.29999732971191,
    "eval/R@1/i2t/XTD10_captions_en": 39.399999380111694,
    "eval/R@5/i2t/XTD10_captions_en": 73.4000027179718,
    "eval/R@10/i2t/XTD10_captions_en": 86.10000014305115,
    "eval/R@1/t2i/XTD10_captions_en": 46.59999907016754,
    "eval/R@5/t2i/XTD10_captions_en": 76.30000114440918,
    "eval/R@10/t2i/XTD10_captions_en": 85.69999933242798,
    "eval/R@1/i2t/XTD10_captions_pl": 35.600000619888306,
    "eval/R@5/i2t/XTD10_captions_pl": 70.09999752044678,
    "eval/R@10/i2t/XTD10_captions_pl": 82.40000009536743,
    "eval/R@1/t2i/XTD10_captions_pl": 43.59999895095825,
    "eval/R@5/t2i/XTD10_captions_pl": 73.90000224113464,
    "eval/R@10/t2i/XTD10_captions_pl": 84.89999771118164,
    "eval/R@1/i2t/XTD10_captions_tr": 31.799998879432678,
    "eval/R@5/i2t/XTD10_captions_tr": 64.3999993801117,
    "eval/R@10/i2t/XTD10_captions_tr": 78.29999923706055,
    "eval/R@1/t2i/XTD10_captions_tr": 37.99999952316284,
    "eval/R@5/t2i/XTD10_captions_tr": 68.4000015258789,
    "eval/R@10/t2i/XTD10_captions_tr": 80.9000015258789,
    "eval/R@1/i2t/XTD10_captions_zh": 34.700000286102295,
    "eval/R@5/i2t/XTD10_captions_zh": 66.10000133514404,
    "eval/R@10/i2t/XTD10_captions_zh": 80.0000011920929,
    "eval/R@1/t2i/XTD10_captions_zh": 37.79999911785126,
    "eval/R@5/t2i/XTD10_captions_zh": 69.19999718666077,
    "eval/R@10/t2i/XTD10_captions_zh": 82.8000009059906,
    "eval/R@1/i2t/XTD10_captions_ko": 29.899999499320984,
    "eval/R@5/i2t/XTD10_captions_ko": 62.09999918937683,
    "eval/R@10/i2t/XTD10_captions_ko": 75.0,
    "eval/R@1/t2i/XTD10_captions_ko": 35.40000021457672,
    "eval/R@5/t2i/XTD10_captions_ko": 66.69999957084656,
    "eval/R@10/t2i/XTD10_captions_ko": 79.29999828338623,
    "eval/R@1/i2t/XTD10_captions_es": 33.70000123977661,
    "eval/R@5/i2t/XTD10_captions_es": 68.50000023841858,
    "eval/R@10/i2t/XTD10_captions_es": 81.09999895095825,
    "eval/R@1/t2i/XTD10_captions_es": 41.4000004529953,
    "eval/R@5/t2i/XTD10_captions_es": 72.60000109672546,
    "eval/R@10/t2i/XTD10_captions_es": 83.70000123977661,
    "eval/R@1/i2t/STAIR_caption_jp": 26.899999380111694,
    "eval/R@5/i2t/STAIR_caption_jp": 56.80000185966492,
    "eval/R@10/i2t/STAIR_caption_jp": 71.60000205039978,
    "eval/R@1/t2i/STAIR_caption_jp": 33.89999866485596,
    "eval/R@5/t2i/STAIR_caption_jp": 63.80000114440918,
    "eval/R@10/t2i/STAIR_caption_jp": 75.99999904632568,
    "eval/R@1/i2t/MIC_caption_de": 34.79999899864197,
    "eval/R@5/i2t/MIC_caption_de": 65.2999997138977,
    "eval/R@10/i2t/MIC_caption_de": 79.19999957084656,
    "eval/R@1/t2i/MIC_caption_de": 41.4000004529953,
    "eval/R@5/t2i/MIC_caption_de": 70.89999914169312,
    "eval/R@10/t2i/MIC_caption_de": 82.30000138282776,
    "eval/R@1/i2t/MIC_caption_fr": 35.29999852180481,
    "eval/R@5/i2t/MIC_caption_fr": 69.80000138282776,
    "eval/R@10/i2t/MIC_caption_fr": 81.00000023841858,
    "eval/R@1/t2i/MIC_caption_fr": 41.49999916553497,
    "eval/R@5/t2i/MIC_caption_fr": 72.50000238418579,
    "eval/R@10/t2i/MIC_caption_fr": 84.29999947547913,
    "eval/avg_metric_t2i": 64.22424253189203,
    "eval/avg_metric_i2t": 59.76060610828978,
    "eval/avg_metric": 61.992424320090905
}