{
    "eval/R@1/i2t/XTD10_captions_it": 27.700001001358032,
    "eval/R@5/i2t/XTD10_captions_it": 57.099997997283936,
    "eval/R@10/i2t/XTD10_captions_it": 73.69999885559082,
    "eval/R@1/t2i/XTD10_captions_it": 33.30000042915344,
    "eval/R@5/t2i/XTD10_captions_it": 62.800002098083496,
    "eval/R@10/t2i/XTD10_captions_it": 76.09999775886536,
    "eval/R@1/i2t/XTD10_captions_ru": 26.899999380111694,
    "eval/R@5/i2t/XTD10_captions_ru": 54.29999828338623,
    "eval/R@10/i2t/XTD10_captions_ru": 69.30000185966492,
    "eval/R@1/t2i/XTD10_captions_ru": 31.00000023841858,
    "eval/R@5/t2i/XTD10_captions_ru": 58.799999952316284,
    "eval/R@10/t2i/XTD10_captions_ru": 72.50000238418579,
    "eval/R@1/i2t/XTD10_captions_en": 30.500000715255737,
    "eval/R@5/i2t/XTD10_captions_en": 61.69999837875366,
    "eval/R@10/i2t/XTD10_captions_en": 77.7999997138977,
    "eval/R@1/t2i/XTD10_captions_en": 34.700000286102295,
    "eval/R@5/t2i/XTD10_captions_en": 66.69999957084656,
    "eval/R@10/t2i/XTD10_captions_en": 77.89999842643738,
    "eval/R@1/i2t/XTD10_captions_pl": 27.300000190734863,
    "eval/R@5/i2t/XTD10_captions_pl": 58.89999866485596,
    "eval/R@10/i2t/XTD10_captions_pl": 75.3000020980835,
    "eval/R@1/t2i/XTD10_captions_pl": 33.5999995470047,
    "eval/R@5/t2i/XTD10_captions_pl": 63.89999985694885,
    "eval/R@10/t2i/XTD10_captions_pl": 78.29999923706055,
    "eval/R@1/i2t/XTD10_captions_tr": 25.299999117851257,
    "eval/R@5/i2t/XTD10_captions_tr": 53.29999923706055,
    "eval/R@10/i2t/XTD10_captions_tr": 66.60000085830688,
    "eval/R@1/t2i/XTD10_captions_tr": 28.49999964237213,
    "eval/R@5/t2i/XTD10_captions_tr": 57.8000009059906,
    "eval/R@10/t2i/XTD10_captions_tr": 72.2000002861023,
    "eval/R@1/i2t/XTD10_captions_zh": 27.20000147819519,
    "eval/R@5/i2t/XTD10_captions_zh": 58.30000042915344,
    "eval/R@10/i2t/XTD10_captions_zh": 71.20000123977661,
    "eval/R@1/t2i/XTD10_captions_zh": 29.100000858306885,
    "eval/R@5/t2i/XTD10_captions_zh": 61.799997091293335,
    "eval/R@10/t2i/XTD10_captions_zh": 75.80000162124634,
    "eval/R@1/i2t/XTD10_captions_ko": 22.499999403953552,
    "eval/R@5/i2t/XTD10_captions_ko": 50.599998235702515,
    "eval/R@10/i2t/XTD10_captions_ko": 65.6000018119812,
    "eval/R@1/t2i/XTD10_captions_ko": 27.09999978542328,
    "eval/R@5/t2i/XTD10_captions_ko": 57.099997997283936,
    "eval/R@10/t2i/XTD10_captions_ko": 71.10000252723694,
    "eval/R@1/i2t/XTD10_captions_es": 25.699999928474426,
    "eval/R@5/i2t/XTD10_captions_es": 57.30000138282776,
    "eval/R@10/i2t/XTD10_captions_es": 72.2000002861023,
    "eval/R@1/t2i/XTD10_captions_es": 32.499998807907104,
    "eval/R@5/t2i/XTD10_captions_es": 63.200002908706665,
    "eval/R@10/t2i/XTD10_captions_es": 75.99999904632568,
    "eval/R@1/i2t/STAIR_caption_jp": 21.699999272823334,
    "eval/R@5/i2t/STAIR_caption_jp": 48.60000014305115,
    "eval/R@10/i2t/STAIR_caption_jp": 62.5,
    "eval/R@1/t2i/STAIR_caption_jp": 26.499998569488525,
    "eval/R@5/t2i/STAIR_caption_jp": 53.60000133514404,
    "eval/R@10/t2i/STAIR_caption_jp": 68.90000104904175,
    "eval/R@1/i2t/MIC_caption_de": 26.399999856948853,
    "eval/R@5/i2t/MIC_caption_de": 56.90000057220459,
    "eval/R@10/i2t/MIC_caption_de": 72.29999899864197,
    "eval/R@1/t2i/MIC_caption_de": 31.999999284744263,
    "eval/R@5/t2i/MIC_caption_de": 60.69999933242798,
    "eval/R@10/t2i/MIC_caption_de": 73.90000224113464,
    "eval/R@1/i2t/MIC_caption_fr": 26.399999856948853,
    "eval/R@5/i2t/MIC_caption_fr": 57.8000009059906,
    "eval/R@10/i2t/MIC_caption_fr": 73.69999885559082,
    "eval/R@1/t2i/MIC_caption_fr": 33.70000123977661,
    "eval/R@5/t2i/MIC_caption_fr": 63.89999985694885,
    "eval/R@10/t2i/MIC_caption_fr": 75.3000020980835,
    "eval/avg_metric_t2i": 55.46363655364875,
    "eval/avg_metric_i2t": 50.98787875789584,
    "eval/avg_metric": 53.2257576557723
}