{
    "eval/R@1/i2t/XTD10_captions_it": 29.899999499320984,
    "eval/R@5/i2t/XTD10_captions_it": 63.40000033378601,
    "eval/R@10/i2t/XTD10_captions_it": 78.29999923706055,
    "eval/R@1/t2i/XTD10_captions_it": 33.19999873638153,
    "eval/R@5/t2i/XTD10_captions_it": 64.60000276565552,
    "eval/R@10/t2i/XTD10_captions_it": 79.50000166893005,
    "eval/R@1/i2t/XTD10_captions_ru": 25.90000033378601,
    "eval/R@5/i2t/XTD10_captions_ru": 56.00000023841858,
    "eval/R@10/i2t/XTD10_captions_ru": 72.50000238418579,
    "eval/R@1/t2i/XTD10_captions_ru": 31.400001049041748,
    "eval/R@5/t2i/XTD10_captions_ru": 61.000001430511475,
    "eval/R@10/t2i/XTD10_captions_ru": 73.60000014305115,
    "eval/R@1/i2t/XTD10_captions_en": 40.79999923706055,
    "eval/R@5/i2t/XTD10_captions_en": 73.1000006198883,
    "eval/R@10/i2t/XTD10_captions_en": 84.79999899864197,
    "eval/R@1/t2i/XTD10_captions_en": 46.00000083446503,
    "eval/R@5/t2i/XTD10_captions_en": 75.99999904632568,
    "eval/R@10/t2i/XTD10_captions_en": 85.39999723434448,
    "eval/R@1/i2t/XTD10_captions_pl": 30.000001192092896,
    "eval/R@5/i2t/XTD10_captions_pl": 64.80000019073486,
    "eval/R@10/i2t/XTD10_captions_pl": 79.19999957084656,
    "eval/R@1/t2i/XTD10_captions_pl": 34.299999475479126,
    "eval/R@5/t2i/XTD10_captions_pl": 66.50000214576721,
    "eval/R@10/t2i/XTD10_captions_pl": 78.60000133514404,
    "eval/R@1/i2t/XTD10_captions_tr": 23.19999933242798,
    "eval/R@5/i2t/XTD10_captions_tr": 58.399999141693115,
    "eval/R@10/i2t/XTD10_captions_tr": 72.89999723434448,
    "eval/R@1/t2i/XTD10_captions_tr": 28.200000524520874,
    "eval/R@5/t2i/XTD10_captions_tr": 57.30000138282776,
    "eval/R@10/t2i/XTD10_captions_tr": 71.49999737739563,
    "eval/R@1/i2t/XTD10_captions_zh": 33.70000123977661,
    "eval/R@5/i2t/XTD10_captions_zh": 65.39999842643738,
    "eval/R@10/i2t/XTD10_captions_zh": 79.79999780654907,
    "eval/R@1/t2i/XTD10_captions_zh": 37.79999911785126,
    "eval/R@5/t2i/XTD10_captions_zh": 68.99999976158142,
    "eval/R@10/t2i/XTD10_captions_zh": 81.99999928474426,
    "eval/R@1/i2t/XTD10_captions_ko": 23.499999940395355,
    "eval/R@5/i2t/XTD10_captions_ko": 59.20000076293945,
    "eval/R@10/i2t/XTD10_captions_ko": 73.29999804496765,
    "eval/R@1/t2i/XTD10_captions_ko": 30.899998545646667,
    "eval/R@5/t2i/XTD10_captions_ko": 62.199997901916504,
    "eval/R@10/t2i/XTD10_captions_ko": 75.59999823570251,
    "eval/R@1/i2t/XTD10_captions_es": 31.49999976158142,
    "eval/R@5/i2t/XTD10_captions_es": 66.69999957084656,
    "eval/R@10/i2t/XTD10_captions_es": 80.29999732971191,
    "eval/R@1/t2i/XTD10_captions_es": 30.000001192092896,
    "eval/R@5/t2i/XTD10_captions_es": 63.200002908706665,
    "eval/R@10/t2i/XTD10_captions_es": 75.59999823570251,
    "eval/R@1/i2t/STAIR_caption_jp": 21.799999475479126,
    "eval/R@5/i2t/STAIR_caption_jp": 51.899999380111694,
    "eval/R@10/i2t/STAIR_caption_jp": 66.90000295639038,
    "eval/R@1/t2i/STAIR_caption_jp": 27.000001072883606,
    "eval/R@5/t2i/STAIR_caption_jp": 57.999998331069946,
    "eval/R@10/t2i/STAIR_caption_jp": 71.70000076293945,
    "eval/R@1/i2t/MIC_caption_de": 27.399998903274536,
    "eval/R@5/i2t/MIC_caption_de": 61.500000953674316,
    "eval/R@10/i2t/MIC_caption_de": 76.49999856948853,
    "eval/R@1/t2i/MIC_caption_de": 29.899999499320984,
    "eval/R@5/t2i/MIC_caption_de": 60.19999980926514,
    "eval/R@10/t2i/MIC_caption_de": 73.69999885559082,
    "eval/R@1/i2t/MIC_caption_fr": 30.399999022483826,
    "eval/R@5/i2t/MIC_caption_fr": 64.49999809265137,
    "eval/R@10/i2t/MIC_caption_fr": 78.89999747276306,
    "eval/R@1/t2i/MIC_caption_fr": 33.89999866485596,
    "eval/R@5/t2i/MIC_caption_fr": 64.89999890327454,
    "eval/R@10/t2i/MIC_caption_fr": 76.49999856948853,
    "eval/avg_metric_t2i": 57.854545297044695,
    "eval/avg_metric_i2t": 55.95151470466094,
    "eval/avg_metric": 56.903030000852816
}