{
    "ar": {
        "text_to_image": {
            "recall@1": 51.95530726256983,
            "recall@5": 78.2531680065404,
            "recall@10": 86.61943044011446
        },
        "image_to_text": {
            "recall@1": 57.47222222222222,
            "recall@5": 82.97222222222223,
            "recall@10": 90.69444444444444
        }
    },
    "bn": {
        "text_to_image": {
            "recall@1": 41.068447412353926,
            "recall@5": 66.72231496939344,
            "recall@10": 76.87813021702839
        },
        "image_to_text": {
            "recall@1": 42.111111111111114,
            "recall@5": 69.13888888888889,
            "recall@10": 79.0
        }
    },
    "cs": {
        "text_to_image": {
            "recall@1": 49.51570296448488,
            "recall@5": 74.99266216612855,
            "recall@10": 82.77076606985618
        },
        "image_to_text": {
            "recall@1": 56.916666666666664,
            "recall@5": 82.13888888888889,
            "recall@10": 89.08333333333333
        }
    },
    "da": {
        "text_to_image": {
            "recall@1": 62.58625448523323,
            "recall@5": 85.44024289263042,
            "recall@10": 91.59536295887386
        },
        "image_to_text": {
            "recall@1": 69.97222222222223,
            "recall@5": 90.97222222222223,
            "recall@10": 95.38888888888889
        }
    },
    "de": {
        "text_to_image": {
            "recall@1": 71.91947240541478,
            "recall@5": 91.48443827374754,
            "recall@10": 95.38354737938216
        },
        "image_to_text": {
            "recall@1": 79.44444444444444,
            "recall@5": 95.55555555555556,
            "recall@10": 98.08333333333333
        }
    },
    "el": {
        "text_to_image": {
            "recall@1": 54.183098591549296,
            "recall@5": 79.43661971830986,
            "recall@10": 86.94366197183099
        },
        "image_to_text": {
            "recall@1": 60.27777777777778,
            "recall@5": 84.72222222222223,
            "recall@10": 91.13888888888889
        }
    },
    "en": {
        "text_to_image": {
            "recall@1": 53.40159910225838,
            "recall@5": 79.39402440735026,
            "recall@10": 87.0388553794361
        },
        "image_to_text": {
            "recall@1": 60.861111111111114,
            "recall@5": 84.94444444444444,
            "recall@10": 91.55555555555556
        }
    },
    "es": {
        "text_to_image": {
            "recall@1": 61.75479372457873,
            "recall@5": 85.55490993608367,
            "recall@10": 91.76060429982569
        },
        "image_to_text": {
            "recall@1": 69.36111111111111,
            "recall@5": 90.91666666666667,
            "recall@10": 95.66666666666667
        }
    },
    "fa": {
        "text_to_image": {
            "recall@1": 51.83650925158796,
            "recall@5": 77.76857221761944,
            "recall@10": 85.41839270919635
        },
        "image_to_text": {
            "recall@1": 59.05555555555556,
            "recall@5": 82.88888888888889,
            "recall@10": 89.72222222222223
        }
    },
    "fi": {
        "text_to_image": {
            "recall@1": 61.22362869198312,
            "recall@5": 84.65541490857946,
            "recall@10": 90.46413502109705
        },
        "image_to_text": {
            "recall@1": 67.33333333333333,
            "recall@5": 89.80555555555556,
            "recall@10": 94.97222222222223
        }
    },
    "fil": {
        "text_to_image": {
            "recall@1": 28.663055872291903,
            "recall@5": 50.199543899657925,
            "recall@10": 59.064994298745724
        },
        "image_to_text": {
            "recall@1": 37.22222222222222,
            "recall@5": 63.02777777777778,
            "recall@10": 72.83333333333333
        }
    },
    "fr": {
        "text_to_image": {
            "recall@1": 70.08177570093459,
            "recall@5": 90.50233644859813,
            "recall@10": 95.36214953271028
        },
        "image_to_text": {
            "recall@1": 77.05555555555556,
            "recall@5": 94.02777777777777,
            "recall@10": 97.47222222222223
        }
    },
    "he": {
        "text_to_image": {
            "recall@1": 50.82058414464534,
            "recall@5": 75.70236439499304,
            "recall@10": 83.3518776077886
        },
        "image_to_text": {
            "recall@1": 59.861111111111114,
            "recall@5": 83.66666666666667,
            "recall@10": 89.91666666666667
        }
    },
    "hi": {
        "text_to_image": {
            "recall@1": 34.23177392543339,
            "recall@5": 59.98575160294467,
            "recall@10": 70.36333412491095
        },
        "image_to_text": {
            "recall@1": 43.72222222222222,
            "recall@5": 70.36111111111111,
            "recall@10": 80.44444444444444
        }
    },
    "hr": {
        "text_to_image": {
            "recall@1": 52.11794019933555,
            "recall@5": 76.01052048726467,
            "recall@10": 83.20874861572536
        },
        "image_to_text": {
            "recall@1": 61.583333333333336,
            "recall@5": 84.5,
            "recall@10": 90.77777777777777
        }
    },
    "hu": {
        "text_to_image": {
            "recall@1": 53.280621445415456,
            "recall@5": 77.819392426134,
            "recall@10": 84.54709391038979
        },
        "image_to_text": {
            "recall@1": 60.97222222222222,
            "recall@5": 84.88888888888889,
            "recall@10": 90.97222222222223
        }
    },
    "id": {
        "text_to_image": {
            "recall@1": 65.20701754385965,
            "recall@5": 88.30877192982456,
            "recall@10": 93.74035087719298
        },
        "image_to_text": {
            "recall@1": 72.83333333333333,
            "recall@5": 92.61111111111111,
            "recall@10": 96.25
        }
    },
    "it": {
        "text_to_image": {
            "recall@1": 68.4887839433294,
            "recall@5": 89.58677685950413,
            "recall@10": 94.33293978748524
        },
        "image_to_text": {
            "recall@1": 76.19444444444444,
            "recall@5": 94.61111111111111,
            "recall@10": 97.30555555555556
        }
    },
    "ja": {
        "text_to_image": {
            "recall@1": 62.62020905923345,
            "recall@5": 86.88501742160278,
            "recall@10": 92.62717770034843
        },
        "image_to_text": {
            "recall@1": 71.27777777777777,
            "recall@5": 91.86111111111111,
            "recall@10": 95.77777777777777
        }
    },
    "ko": {
        "text_to_image": {
            "recall@1": 57.744636316064884,
            "recall@5": 83.17634746206174,
            "recall@10": 89.99215070643642
        },
        "image_to_text": {
            "recall@1": 65.08333333333333,
            "recall@5": 88.41666666666667,
            "recall@10": 94.16666666666667
        }
    },
    "mi": {
        "text_to_image": {
            "recall@1": 0.3186743148502231,
            "recall@5": 0.9135330359039728,
            "recall@10": 1.3171871680475886
        },
        "image_to_text": {
            "recall@1": 0.6111111111111112,
            "recall@5": 1.5833333333333333,
            "recall@10": 2.111111111111111
        }
    },
    "nl": {
        "text_to_image": {
            "recall@1": 57.35882058970515,
            "recall@5": 83.19590204897551,
            "recall@10": 89.96751624187905
        },
        "image_to_text": {
            "recall@1": 63.02777777777778,
            "recall@5": 87.13888888888889,
            "recall@10": 93.38888888888889
        }
    },
    "no": {
        "text_to_image": {
            "recall@1": 60.492282019190654,
            "recall@5": 84.98122653316646,
            "recall@10": 91.01654846335697
        },
        "image_to_text": {
            "recall@1": 68.05555555555556,