{
    "ar": {
        "text_to_image": {
            "recall@1": 17.086796566289685,
            "recall@5": 36.68074669573512,
            "recall@10": 47.05000681291729
        },
        "image_to_text": {
            "recall@1": 24.61111111111111,
            "recall@5": 48.44444444444444,
            "recall@10": 60.22222222222222
        }
    },
    "bn": {
        "text_to_image": {
            "recall@1": 0.19476905954368393,
            "recall@5": 0.8347245409015025,
            "recall@10": 1.4190317195325544
        },
        "image_to_text": {
            "recall@1": 0.7222222222222222,
            "recall@5": 2.638888888888889,
            "recall@10": 4.333333333333333
        }
    },
    "cs": {
        "text_to_image": {
            "recall@1": 23.055474024068094,
            "recall@5": 46.2723803933079,
            "recall@10": 56.545347813325506
        },
        "image_to_text": {
            "recall@1": 33.05555555555556,
            "recall@5": 57.75,
            "recall@10": 68.83333333333333
        }
    },
    "da": {
        "text_to_image": {
            "recall@1": 27.228815898426717,
            "recall@5": 50.81424234060171,
            "recall@10": 61.123378415677614
        },
        "image_to_text": {
            "recall@1": 38.55555555555556,
            "recall@5": 65.38888888888889,
            "recall@10": 75.38888888888889
        }
    },
    "de": {
        "text_to_image": {
            "recall@1": 29.283813490686104,
            "recall@5": 54.44868679856531,
            "recall@10": 64.61876663195649
        },
        "image_to_text": {
            "recall@1": 42.02777777777778,
            "recall@5": 69.11111111111111,
            "recall@10": 79.41666666666667
        }
    },
    "el": {
        "text_to_image": {
            "recall@1": 19.535211267605632,
            "recall@5": 39.436619718309856,
            "recall@10": 49.70422535211268
        },
        "image_to_text": {
            "recall@1": 27.36111111111111,
            "recall@5": 52.77777777777778,
            "recall@10": 64.19444444444444
        }
    },
    "en": {
        "text_to_image": {
            "recall@1": 31.98204516762519,
            "recall@5": 59.69981764623369,
            "recall@10": 70.71117968859588
        },
        "image_to_text": {
            "recall@1": 42.861111111111114,
            "recall@5": 71.77777777777777,
            "recall@10": 80.52777777777777
        }
    },
    "es": {
        "text_to_image": {
            "recall@1": 26.066240557815224,
            "recall@5": 50.94712376525276,
            "recall@10": 61.75479372457873
        },
        "image_to_text": {
            "recall@1": 37.72222222222222,
            "recall@5": 65.5,
            "recall@10": 76.22222222222223
        }
    },
    "fa": {
        "text_to_image": {
            "recall@1": 21.04391052195526,
            "recall@5": 42.004971002485505,
            "recall@10": 52.20933443800055
        },
        "image_to_text": {
            "recall@1": 30.305555555555557,
            "recall@5": 55.02777777777778,
            "recall@10": 65.47222222222223
        }
    },
    "fi": {
        "text_to_image": {
            "recall@1": 22.053445850914205,
            "recall@5": 43.40365682137834,
            "recall@10": 53.41772151898734
        },
        "image_to_text": {
            "recall@1": 32.083333333333336,
            "recall@5": 57.25,
            "recall@10": 67.75
        }
    },
    "fil": {
        "text_to_image": {
            "recall@1": 3.6630558722919044,
            "recall@5": 8.95096921322691,
            "recall@10": 12.058152793614596
        },
        "image_to_text": {
            "recall@1": 7.888888888888889,
            "recall@5": 17.77777777777778,
            "recall@10": 22.75
        }
    },
    "fr": {
        "text_to_image": {
            "recall@1": 30.9696261682243,
            "recall@5": 57.745327102803735,
            "recall@10": 68.78504672897196
        },
        "image_to_text": {
            "recall@1": 44.97222222222222,
            "recall@5": 71.22222222222223,
            "recall@10": 81.08333333333333
        }
    },
    "he": {
        "text_to_image": {
            "recall@1": 18.609179415855355,
            "recall@5": 37.85813630041724,
            "recall@10": 47.73296244784423
        },
        "image_to_text": {
            "recall@1": 27.694444444444443,
            "recall@5": 51.47222222222222,
            "recall@10": 61.5
        }
    },
    "hi": {
        "text_to_image": {
            "recall@1": 7.8841130372833055,
            "recall@5": 20.042745191165995,
            "recall@10": 28.12871052006649
        },
        "image_to_text": {
            "recall@1": 14.86111111111111,
            "recall@5": 32.583333333333336,
            "recall@10": 42.833333333333336
        }
    },
    "hr": {
        "text_to_image": {
            "recall@1": 27.07641196013289,
            "recall@5": 51.993355481727576,
            "recall@10": 63.08139534883721
        },
        "image_to_text": {
            "recall@1": 38.27777777777778,
            "recall@5": 67.22222222222223,
            "recall@10": 77.05555555555556
        }
    },
    "hu": {
        "text_to_image": {
            "recall@1": 22.29157996948259,
            "recall@5": 44.818976279650435,
            "recall@10": 54.90359273130809
        },
        "image_to_text": {
            "recall@1": 32.083333333333336,
            "recall@5": 57.333333333333336,
            "recall@10": 67.80555555555556
        }
    },
    "id": {
        "text_to_image": {
            "recall@1": 29.656140350877195,
            "recall@5": 56.294736842105266,
            "recall@10": 67.81754385964912
        },
        "image_to_text": {
            "recall@1": 41.861111111111114,
            "recall@5": 69.94444444444444,
            "recall@10": 80.38888888888889
        }
    },
    "it": {
        "text_to_image": {
            "recall@1": 25.442739079102715,
            "recall@5": 49.5159386068477,
            "recall@10": 59.858323494687134
        },
        "image_to_text": {
            "recall@1": 39.19444444444444,
            "recall@5": 64.66666666666667,
            "recall@10": 75.5
        }
    },
    "ja": {
        "text_to_image": {
            "recall@1": 26.94076655052265,
            "recall@5": 51.275261324041814,
            "recall@10": 61.8815331010453
        },
        "image_to_text": {
            "recall@1": 35.638888888888886,
            "recall@5": 63.583333333333336,
            "recall@10": 75.55555555555556
        }
    },
    "ko": {
        "text_to_image": {
            "recall@1": 17.84406070120356,
            "recall@5": 36.616954474097334,
            "recall@10": 46.781789638932494
        },
        "image_to_text": {
            "recall@1": 24.11111111111111,
            "recall@5": 49.22222222222222,
            "recall@10": 59.833333333333336
        }
    },
    "mi": {
        "text_to_image": {
            "recall@1": 0.12746972594008923,
            "recall@5": 0.5098789037603569,
            "recall@10": 0.7860633099638836
        },
        "image_to_text": {
            "recall@1": 0.5,
            "recall@5": 0.9444444444444444,
            "recall@10": 1.4444444444444444
        }
    },
    "nl": {
        "text_to_image": {
            "recall@1": 24.900049975012493,
            "recall@5": 49.287856071964015,
            "recall@10": 60.29485257371314
        },
        "image_to_text": {
            "recall@1": 35.05555555555556,
            "recall@5": 63.111111111111114,
            "recall@10": 73.33333333333333
        }
    },
    "no": {
        "text_to_image": {
            "recall@1": 24.002225003476568,
            "recall@5": 46.55819774718398,
            "recall@10": 57.418995967181196
        },
        "image_to_text": {
            "recall@1": 34.166666666666664,
            "recall@5": 60.861111111111114,