{
    "eval/R@1/text->text/i2t/XTD10_captions_it": 96.39999866485596,
    "eval/R@5/text->text/i2t/XTD10_captions_it": 99.00000095367432,
    "eval/R@10/text->text/i2t/XTD10_captions_it": 99.09999966621399,
    "eval/R@1/text->text/t2i/XTD10_captions_it": 95.3000009059906,
    "eval/R@5/text->text/t2i/XTD10_captions_it": 99.29999709129333,
    "eval/R@10/text->text/t2i/XTD10_captions_it": 99.59999918937683,
    "eval/R@1/text->text/i2t/XTD10_captions_ru": 88.49999904632568,
    "eval/R@5/text->text/i2t/XTD10_captions_ru": 93.90000104904175,
    "eval/R@10/text->text/i2t/XTD10_captions_ru": 95.3000009059906,
    "eval/R@1/text->text/t2i/XTD10_captions_ru": 87.8000020980835,
    "eval/R@5/text->text/t2i/XTD10_captions_ru": 95.59999704360962,
    "eval/R@10/text->text/t2i/XTD10_captions_ru": 97.29999899864197,
    "eval/R@1/text->text/i2t/XTD10_captions_en": 100.0,
    "eval/R@5/text->text/i2t/XTD10_captions_en": 100.0,
    "eval/R@10/text->text/i2t/XTD10_captions_en": 100.0,
    "eval/R@1/text->text/t2i/XTD10_captions_en": 100.0,
    "eval/R@5/text->text/t2i/XTD10_captions_en": 100.0,
    "eval/R@10/text->text/t2i/XTD10_captions_en": 100.0,
    "eval/R@1/text->text/i2t/XTD10_captions_pl": 98.00000190734863,
    "eval/R@5/text->text/i2t/XTD10_captions_pl": 99.80000257492065,
    "eval/R@10/text->text/i2t/XTD10_captions_pl": 100.0,
    "eval/R@1/text->text/t2i/XTD10_captions_pl": 97.69999980926514,
    "eval/R@5/text->text/t2i/XTD10_captions_pl": 99.59999918937683,
    "eval/R@10/text->text/t2i/XTD10_captions_pl": 99.80000257492065,
    "eval/R@1/text->text/i2t/XTD10_captions_tr": 97.2000002861023,
    "eval/R@5/text->text/i2t/XTD10_captions_tr": 99.29999709129333,
    "eval/R@10/text->text/i2t/XTD10_captions_tr": 99.80000257492065,
    "eval/R@1/text->text/t2i/XTD10_captions_tr": 97.69999980926514,
    "eval/R@5/text->text/t2i/XTD10_captions_tr": 99.50000047683716,
    "eval/R@10/text->text/t2i/XTD10_captions_tr": 99.80000257492065,
    "eval/R@1/text->text/i2t/XTD10_captions_zh": 94.49999928474426,
    "eval/R@5/text->text/i2t/XTD10_captions_zh": 99.09999966621399,
    "eval/R@10/text->text/i2t/XTD10_captions_zh": 99.40000176429749,
    "eval/R@1/text->text/t2i/XTD10_captions_zh": 94.9999988079071,
    "eval/R@5/text->text/t2i/XTD10_captions_zh": 99.29999709129333,
    "eval/R@10/text->text/t2i/XTD10_captions_zh": 99.80000257492065,
    "eval/R@1/text->text/i2t/XTD10_captions_ko": 96.70000076293945,
    "eval/R@5/text->text/i2t/XTD10_captions_ko": 99.19999837875366,
    "eval/R@10/text->text/i2t/XTD10_captions_ko": 99.40000176429749,
    "eval/R@1/text->text/t2i/XTD10_captions_ko": 98.29999804496765,
    "eval/R@5/text->text/t2i/XTD10_captions_ko": 100.0,
    "eval/R@10/text->text/t2i/XTD10_captions_ko": 100.0,
    "eval/R@1/text->text/i2t/XTD10_captions_es": 98.19999933242798,
    "eval/R@5/text->text/i2t/XTD10_captions_es": 99.59999918937683,
    "eval/R@10/text->text/i2t/XTD10_captions_es": 99.6999979019165,
    "eval/R@1/text->text/t2i/XTD10_captions_es": 98.1000006198883,
    "eval/R@5/text->text/t2i/XTD10_captions_es": 99.90000128746033,
    "eval/R@10/text->text/t2i/XTD10_captions_es": 100.0,
    "eval/R@1/text->text/i2t/STAIR_caption_jp": 20.499999821186066,
    "eval/R@5/text->text/i2t/STAIR_caption_jp": 40.50000011920929,
    "eval/R@10/text->text/i2t/STAIR_caption_jp": 52.49999761581421,
    "eval/R@1/text->text/t2i/STAIR_caption_jp": 20.29999941587448,
    "eval/R@5/text->text/t2i/STAIR_caption_jp": 40.50000011920929,
    "eval/R@10/text->text/t2i/STAIR_caption_jp": 51.5999972820282,
    "eval/R@1/text->text/i2t/MIC_caption_de": 98.4000027179718,
    "eval/R@5/text->text/i2t/MIC_caption_de": 98.90000224113464,
    "eval/R@10/text->text/i2t/MIC_caption_de": 98.90000224113464,
    "eval/R@1/text->text/t2i/MIC_caption_de": 98.29999804496765,
    "eval/R@5/text->text/t2i/MIC_caption_de": 99.09999966621399,
    "eval/R@10/text->text/t2i/MIC_caption_de": 99.09999966621399,
    "eval/R@1/text->text/i2t/MIC_caption_fr": 98.50000143051147,
    "eval/R@5/text->text/i2t/MIC_caption_fr": 99.19999837875366,
    "eval/R@10/text->text/i2t/MIC_caption_fr": 99.29999709129333,
    "eval/R@1/text->text/t2i/MIC_caption_fr": 98.90000224113464,
    "eval/R@5/text->text/t2i/MIC_caption_fr": 99.19999837875366,
    "eval/R@10/text->text/t2i/MIC_caption_fr": 99.40000176429749,
    "eval/{t2t_prefix}avg_metric_t2i": 92.90303014444582,
    "eval/{t2t_prefix}avg_metric_i2t": 92.69090922492923,
    "eval/{t2t_prefix}avg_metric": 92.79696968468753
}