{
    "eval/R@1/image_text->text/i2t/XTD10_captions_it": 90.49999713897705,
    "eval/R@5/image_text->text/i2t/XTD10_captions_it": 98.00000190734863,
    "eval/R@10/image_text->text/i2t/XTD10_captions_it": 99.09999966621399,
    "eval/R@1/image_text->text/t2i/XTD10_captions_it": 89.49999809265137,
    "eval/R@5/image_text->text/t2i/XTD10_captions_it": 98.69999885559082,
    "eval/R@10/image_text->text/t2i/XTD10_captions_it": 99.50000047683716,
    "eval/R@1/image_text->text/i2t/XTD10_captions_ru": 83.79999995231628,
    "eval/R@5/image_text->text/i2t/XTD10_captions_ru": 93.99999976158142,
    "eval/R@10/image_text->text/i2t/XTD10_captions_ru": 96.20000123977661,
    "eval/R@1/image_text->text/t2i/XTD10_captions_ru": 83.49999785423279,
    "eval/R@5/image_text->text/t2i/XTD10_captions_ru": 94.59999799728394,
    "eval/R@10/image_text->text/t2i/XTD10_captions_ru": 96.60000205039978,
    "eval/R@1/image_text->text/i2t/XTD10_captions_en": 98.1000006198883,
    "eval/R@5/image_text->text/i2t/XTD10_captions_en": 99.80000257492065,
    "eval/R@10/image_text->text/i2t/XTD10_captions_en": 100.0,
    "eval/R@1/image_text->text/t2i/XTD10_captions_en": 98.7999975681305,
    "eval/R@5/image_text->text/t2i/XTD10_captions_en": 100.0,
    "eval/R@10/image_text->text/t2i/XTD10_captions_en": 100.0,
    "eval/R@1/image_text->text/i2t/XTD10_captions_pl": 91.00000262260437,
    "eval/R@5/image_text->text/i2t/XTD10_captions_pl": 98.7999975681305,
    "eval/R@10/image_text->text/i2t/XTD10_captions_pl": 99.50000047683716,
    "eval/R@1/image_text->text/t2i/XTD10_captions_pl": 90.79999923706055,
    "eval/R@5/image_text->text/t2i/XTD10_captions_pl": 98.60000014305115,
    "eval/R@10/image_text->text/t2i/XTD10_captions_pl": 99.50000047683716,
    "eval/R@1/image_text->text/i2t/XTD10_captions_tr": 87.5,
    "eval/R@5/image_text->text/i2t/XTD10_captions_tr": 98.00000190734863,
    "eval/R@10/image_text->text/i2t/XTD10_captions_tr": 99.50000047683716,
    "eval/R@1/image_text->text/t2i/XTD10_captions_tr": 87.40000128746033,
    "eval/R@5/image_text->text/t2i/XTD10_captions_tr": 97.60000109672546,
    "eval/R@10/image_text->text/t2i/XTD10_captions_tr": 98.90000224113464,
    "eval/R@1/image_text->text/i2t/XTD10_captions_zh": 90.70000052452087,
    "eval/R@5/image_text->text/i2t/XTD10_captions_zh": 98.7999975681305,
    "eval/R@10/image_text->text/i2t/XTD10_captions_zh": 99.59999918937683,
    "eval/R@1/image_text->text/t2i/XTD10_captions_zh": 86.19999885559082,
    "eval/R@5/image_text->text/t2i/XTD10_captions_zh": 97.69999980926514,
    "eval/R@10/image_text->text/t2i/XTD10_captions_zh": 99.40000176429749,
    "eval/R@1/image_text->text/i2t/XTD10_captions_ko": 88.20000290870667,
    "eval/R@5/image_text->text/i2t/XTD10_captions_ko": 97.50000238418579,
    "eval/R@10/image_text->text/i2t/XTD10_captions_ko": 98.90000224113464,
    "eval/R@1/image_text->text/t2i/XTD10_captions_ko": 89.49999809265137,
    "eval/R@5/image_text->text/t2i/XTD10_captions_ko": 98.00000190734863,
    "eval/R@10/image_text->text/t2i/XTD10_captions_ko": 99.09999966621399,
    "eval/R@1/image_text->text/i2t/XTD10_captions_es": 91.29999876022339,
    "eval/R@5/image_text->text/i2t/XTD10_captions_es": 99.29999709129333,
    "eval/R@10/image_text->text/i2t/XTD10_captions_es": 99.80000257492065,
    "eval/R@1/image_text->text/t2i/XTD10_captions_es": 91.69999957084656,
    "eval/R@5/image_text->text/t2i/XTD10_captions_es": 98.29999804496765,
    "eval/R@10/image_text->text/t2i/XTD10_captions_es": 99.6999979019165,
    "eval/R@1/image_text->text/i2t/STAIR_caption_jp": 28.00000011920929,
    "eval/R@5/image_text->text/i2t/STAIR_caption_jp": 55.09999990463257,
    "eval/R@10/image_text->text/i2t/STAIR_caption_jp": 68.09999942779541,
    "eval/R@1/image_text->text/t2i/STAIR_caption_jp": 27.799999713897705,
    "eval/R@5/image_text->text/t2i/STAIR_caption_jp": 55.19999861717224,
    "eval/R@10/image_text->text/t2i/STAIR_caption_jp": 66.90000295639038,
    "eval/R@1/image_text->text/i2t/MIC_caption_de": 92.29999780654907,
    "eval/R@5/image_text->text/i2t/MIC_caption_de": 98.00000190734863,
    "eval/R@10/image_text->text/i2t/MIC_caption_de": 98.90000224113464,
    "eval/R@1/image_text->text/t2i/MIC_caption_de": 93.80000233650208,
    "eval/R@5/image_text->text/t2i/MIC_caption_de": 98.60000014305115,
    "eval/R@10/image_text->text/t2i/MIC_caption_de": 99.29999709129333,
    "eval/R@1/image_text->text/i2t/MIC_caption_fr": 93.50000023841858,
    "eval/R@5/image_text->text/i2t/MIC_caption_fr": 98.50000143051147,
    "eval/R@10/image_text->text/i2t/MIC_caption_fr": 99.19999837875366,
    "eval/R@1/image_text->text/t2i/MIC_caption_fr": 94.70000267028809,
    "eval/R@5/image_text->text/t2i/MIC_caption_fr": 99.19999837875366,
    "eval/R@10/image_text->text/t2i/MIC_caption_fr": 99.50000047683716,
    "eval/{t2t_prefix}avg_metric_t2i": 91.77575743559635,
    "eval/{t2t_prefix}avg_metric_i2t": 91.80303062453414,
    "eval/{t2t_prefix}avg_metric": 91.78939403006524
}